Make,Model,Mileage,Year,Salesperson,Customer Name,Cost Price,Service Cost,Profit
Ford,Bronco,89184,2022,Sarah Wilson,Elizabeth Rodriguez,36490,2900,3420
Ford,Escape,13340,2017,Michael Brown,Mary Martinez,21231,2988,9357
Ford,Escape,17614,2024,Emily Davis,Elizabeth Garcia,35084,1591,784
Ford,Edge,108115,2022,Michael Brown,John Rodriguez,26765,2030,9967
Ford,Escape,73818,2024,John Carter,Mary Garcia,19952,660,5039
Ford,F-150,52598,2024,Michael Brown,Jennifer Brown,40500,1416,8438
Ford,Edge,57476,2024,John Carter,Robert Garcia,24560,646,7277
Ford,Mustang,99761,2021,Sarah Wilson,James Johnson,20081,1241,6440
Ford,Bronco,88816,2017,Emily Davis,Patricia Brown,47654,2065,6994
Ford,Bronco,13572,2018,Emily Davis,Robert Martinez,38459,1540,5019
Ford,F-150,75559,2022,Sarah Wilson,Jennifer Williams,46366,1611,7275
Ford,Mustang,111861,2019,John Carter,John Martinez,25712,2581,6798
Ford,Explorer,12171,2020,John Carter,James Rodriguez,20781,828,2907
Ford,Escape,87680,2021,John Carter,Patricia Jones,46003,1987,5026
Ford,Mustang,92545,2023,John Carter,Mary Brown,43123,1025,8804
Ford,Explorer,30664,2018,Emily Davis,Robert Davis,32024,2398,3884
Ford,Escape,66207,2019,Emily Davis,Robert Brown,21210,1137,2473
Ford,Edge,69689,2021,Emily Davis,James Brown,40808,2278,5474
Ford,Mustang,104738,2017,Emily Davis,Elizabeth Davis,24045,2035,5803
Ford,Explorer,85268,2019,John Carter,Mary Jones,49716,2422,4186
Ford,Mustang,8628,2021,John Carter,William Garcia,23456,518,4346
Ford,Explorer,22140,2024,Emily Davis,Robert Smith,23827,2294,3598
Ford,Bronco,48557,2019,Sarah Wilson,John Rodriguez,18222,1202,3201
Ford,F-150,28828,2016,Emily Davis,Robert Jones,48638,1058,9017
Ford,Mustang,68398,2018,John Carter,Elizabeth Miller,43461,1401,7637
Ford,Bronco,90740,2022,Michael Brown,Michael Miller,40612,2406,496
Ford,Bronco,76813,2015,John Carter,Linda Johnson,41577,813,6577
Ford,Explorer,15366,2015,Sarah Wilson,Linda Brown,16549,1633,7974
Ford,Mustang,20171,2015,Sarah Wilson,Patricia Miller,26553,2513,5021
Ford,Escape,54219,2022,John Carter,Jennifer Brown,48710,1683,5323
Ford,Bronco,48830,2019,Emily Davis,Robert Johnson,31226,2260,4338
Ford,Explorer,93400,2015,Michael Brown,William Jones,24221,1739,3296
Ford,Edge,37411,2015,John Carter,James Smith,27428,1085,4496
Ford,Edge,52017,2016,Michael Brown,Robert Miller,44369,1669,3332
Ford,Escape,96060,2024,Michael Brown,Michael Davis,25149,1130,3461
Ford,Mustang,50287,2015,Emily Davis,Jennifer Martinez,19594,1685,3967
Ford,Edge,73908,2017,John Carter,Michael Davis,32197,524,6886
Ford,Explorer,106397,2022,Emily Davis,Mary Johnson,41238,1771,8385
Ford,F-150,11317,2024,John Carter,Michael Martinez,15262,1825,-3507
Ford,Bronco,68165,2016,Emily Davis,Elizabeth Smith,30024,1786,6295
Ford,Mustang,18961,2021,Emily Davis,James Johnson,37097,941,884
Ford,Edge,74333,2022,John Carter,John Davis,16316,2154,6160
Ford,Escape,68780,2018,Michael Brown,Linda Rodriguez,39300,1602,8061
Ford,Bronco,117139,2024,Michael Brown,William Johnson,40346,2075,9745
Ford,Bronco,81828,2018,Emily Davis,John Smith,15981,1684,-4967
Ford,Escape,35544,2022,Emily Davis,Mary Martinez,39134,2943,3344
Ford,Mustang,39829,2024,Sarah Wilson,James Jones,31816,1350,3510
Ford,Edge,78159,2021,Michael Brown,Elizabeth Rodriguez,40565,2246,3951
Ford,F-150,88729,2020,John Carter,Michael Martinez,44658,756,6640
Ford,Escape,62898,2023,Sarah Wilson,William Miller,47888,2976,7906
Ford,F-150,51195,2023,Emily Davis,Linda Jones,33416,2317,8294
Ford,Edge,102341,2021,Michael Brown,Elizabeth Smith,23414,616,3933
Ford,Mustang,26586,2020,Emily Davis,Linda Brown,34445,2112,7527
Ford,Explorer,18369,2023,Emily Davis,James Rodriguez,41038,2492,2786
Ford,Mustang,88463,2019,John Carter,Elizabeth Williams,41018,945,315
Ford,Edge,40066,2019,John Carter,Elizabeth Miller,35844,941,7971
Ford,F-150,68314,2020,Michael Brown,James Garcia,21479,1190,5727
Ford,Mustang,5588,2017,Sarah Wilson,Patricia Williams,23209,2783,2870
Ford,Escape,24443,2020,Sarah Wilson,Linda Brown,19170,1490,7554
Ford,Bronco,64023,2016,Emily Davis,Elizabeth Jones,25926,2295,4646
Ford,Explorer,54659,2024,Sarah Wilson,Robert Martinez,44432,956,8542
Ford,Escape,55281,2024,Sarah Wilson,William Williams,34215,869,9828
Ford,Edge,26180,2020,John Carter,Mary Martinez,41201,2568,6791
Ford,Explorer,19289,2015,Emily Davis,Robert Brown,46859,1908,5637
Ford,F-150,25169,2023,Emily Davis,Linda Martinez,48498,2254,7687
Ford,Bronco,24095,2020,Michael Brown,Michael Smith,40055,1914,8692
Ford,Bronco,25011,2024,John Carter,Mary Smith,31423,919,8928
Ford,Bronco,17233,2018,Sarah Wilson,Patricia Garcia,46056,1359,7895
Ford,F-150,41891,2022,Emily Davis,Jennifer Williams,35607,1364,8523
Ford,Escape,27593,2016,John Carter,Elizabeth Martinez,34697,1626,8783
Ford,Escape,64243,2017,Michael Brown,Jennifer Miller,22399,1093,3248
Ford,Edge,107833,2015,Sarah Wilson,James Williams,43818,2465,3847
Ford,Explorer,102044,2017,John Carter,John Smith,36334,2346,4179
Ford,Edge,88182,2023,Sarah Wilson,James Martinez,28356,1831,9577
Ford,Explorer,85045,2023,John Carter,Jennifer Martinez,25060,816,3855
Ford,Escape,107314,2021,Sarah Wilson,William Garcia,26592,1959,7587
Ford,F-150,98273,2016,John Carter,Robert Garcia,17961,1265,5018
Ford,Edge,75238,2023,Michael Brown,Jennifer Miller,46608,1976,6869
Ford,Escape,21532,2016,Sarah Wilson,Michael Williams,18956,1243,4821
Ford,Escape,102934,2021,Michael Brown,Robert Smith,22760,1728,2568
Ford,Bronco,59795,2017,John Carter,Elizabeth Smith,46330,2740,8010
Ford,F-150,76423,2022,Michael Brown,Elizabeth Martinez,36311,1398,2354
Ford,Mustang,73448,2024,Michael Brown,Michael Brown,21795,2956,6957
Ford,Mustang,49004,2020,Sarah Wilson,James Johnson,29106,786,5500
Ford,Explorer,95327,2024,John Carter,Jennifer Johnson,15596,1796,3455
Ford,F-150,43420,2018,Emily Davis,Jennifer Martinez,33483,2585,2572
Ford,Bronco,13907,2023,Sarah Wilson,James Johnson,34155,1785,3437
Ford,Explorer,38240,2016,Emily Davis,James Smith,47865,1484,-4688
Ford,Explorer,77572,2021,Sarah Wilson,Mary Davis,20578,2550,5697
Ford,Edge,46801,2017,John Carter,Robert Williams,20763,1892,4046
Ford,Mustang,9884,2022,Sarah Wilson,John Davis,30802,1394,6732
Ford,Escape,72849,2016,John Carter,William Smith,20661,794,2876
Ford,Mustang,60865,2016,John Carter,James Smith,17006,2223,7102
Ford,Bronco,24940,2024,Emily Davis,Robert Rodriguez,40391,1446,5066
Ford,Escape,16700,2018,Sarah Wilson,Mary Williams,37705,1554,3354
Ford,Mustang,42535,2018,Michael Brown,William Rodriguez,45734,2694,5188
Ford,Escape,91080,2017,Michael Brown,Elizabeth Smith,49882,2674,8550
Ford,Escape,25363,2024,Emily Davis,Patricia Williams,45251,1003,804
Ford,Escape,9243,2015,Emily Davis,Elizabeth Johnson,24657,904,7905
Ford,Edge,81296,2024,John Carter,Jennifer Rodriguez,42463,1523,7403
Ford,Edge,56489,2020,Emily Davis,Mary Miller,47015,1710,8131
Ford,Explorer,92850,2016,Emily Davis,John Davis,28920,1821,8624
Ford,Edge,110746,2021,John Carter,James Martinez,46040,2731,2282
Ford,F-150,72380,2021,Sarah Wilson,Elizabeth Brown,18151,1653,5494
Ford,Explorer,112674,2020,Michael Brown,Jennifer Williams,43390,1145,8407
Ford,Escape,70010,2016,Michael Brown,James Johnson,28722,1520,8966
Ford,F-150,116429,2024,John Carter,Robert Johnson,35335,2635,4708
Ford,Edge,100724,2017,Emily Davis,Robert Miller,20706,2865,9672
Ford,Mustang,24441,2015,Michael Brown,Michael Garcia,27056,637,7509
Ford,F-150,90099,2023,Michael Brown,Patricia Johnson,28900,2211,3117
Ford,Explorer,45919,2021,Michael Brown,Michael Johnson,25406,2419,6870
Ford,Bronco,84960,2024,Emily Davis,Jennifer Williams,19825,509,2552
Ford,Explorer,69186,2017,John Carter,John Williams,38005,2404,2092
Ford,Mustang,91427,2020,John Carter,Robert Johnson,42046,1890,2200
Ford,Mustang,48423,2018,Michael Brown,Jennifer Rodriguez,45872,2497,4354
Ford,Escape,114246,2019,Emily Davis,Linda Smith,18562,768,5782
Ford,Explorer,75136,2021,John Carter,Elizabeth Smith,45972,2977,6534
Ford,Edge,88591,2018,Michael Brown,Elizabeth Jones,21289,575,9274
Ford,Mustang,65537,2020,Emily Davis,Patricia Johnson,24152,2485,7413
Ford,Escape,46570,2021,Sarah Wilson,Jennifer Garcia,49260,2760,3712
Ford,F-150,46581,2016,Sarah Wilson,Jennifer Rodriguez,41588,2000,9936
Ford,Escape,60879,2020,John Carter,Mary Martinez,27874,905,5106
Ford,Explorer,48642,2018,Sarah Wilson,Patricia Martinez,44718,1996,4262
Ford,Bronco,103113,2019,Sarah Wilson,Jennifer Johnson,20306,1601,9250
Ford,Edge,38729,2019,Michael Brown,William Smith,19042,1018,5068
Ford,Edge,55576,2024,Emily Davis,Patricia Jones,34214,1672,2599
Ford,Escape,64264,2016,Sarah Wilson,Elizabeth Brown,20913,1067,9795
Ford,Bronco,119328,2023,Sarah Wilson,Jennifer Miller,18646,2676,2855
Ford,F-150,43122,2020,Michael Brown,Mary Brown,43897,987,3619
Ford,Escape,18905,2015,Emily Davis,John Davis,49475,956,7837
Ford,Mustang,42850,2022,Emily Davis,James Miller,21396,2865,2399
Ford,Edge,56148,2021,Emily Davis,James Williams,39183,1580,6833
Ford,Edge,9656,2015,Emily Davis,Jennifer Rodriguez,25248,1369,9667
Ford,Explorer,102935,2016,Sarah Wilson,William Brown,42591,2716,5130
Ford,Edge,35420,2015,John Carter,Jennifer Johnson,30004,2334,6153
Ford,Mustang,59692,2024,Michael Brown,James Davis,23748,1312,4231
Ford,F-150,18683,2021,Emily Davis,Mary Brown,23741,1607,618
Ford,Explorer,60672,2024,Sarah Wilson,James Davis,16606,2824,4555
Ford,Escape,35609,2023,Emily Davis,James Jones,46085,1171,3500
Ford,Explorer,26045,2019,Emily Davis,Elizabeth Davis,20581,2480,3463
Ford,Explorer,71236,2020,John Carter,Jennifer Brown,27207,2104,4248
Ford,Mustang,109314,2019,Michael Brown,Patricia Brown,29090,1301,805
Ford,Escape,8513,2024,Michael Brown,Elizabeth Johnson,16956,591,656
Ford,Edge,5911,2021,Emily Davis,William Martinez,41607,2075,7988
Ford,Edge,100775,2023,Sarah Wilson,Robert Garcia,33356,2882,5409
Ford,Mustang,96546,2016,Emily Davis,Elizabeth Davis,34506,994,4049
Ford,F-150,111330,2021,John Carter,Linda Smith,21963,2882,7957
Ford,F-150,55974,2017,John Carter,James Miller,27812,2131,5203
Ford,Explorer,22491,2024,Emily Davis,Jennifer Garcia,41621,1944,7359
Ford,Explorer,70877,2018,John Carter,Mary Rodriguez,18037,2542,4178
Ford,Explorer,39647,2021,Emily Davis,John Brown,24373,2010,2610
Ford,Escape,59741,2017,Michael Brown,Mary Martinez,26908,736,9310
Ford,Mustang,74892,2021,Emily Davis,Robert Garcia,21734,1778,6565
Ford,Bronco,62140,2020,Emily Davis,Patricia Rodriguez,27839,1505,7272
Ford,Bronco,77787,2020,Michael Brown,Linda Jones,16653,1266,8371
Ford,Mustang,68073,2019,Michael Brown,Elizabeth Jones,20274,1428,3685
Ford,Mustang,115514,2015,Michael Brown,Mary Rodriguez,32317,796,-2309
Ford,Escape,54343,2020,Emily Davis,Linda Brown,27552,1620,7885
Ford,F-150,101376,2018,Michael Brown,William Jones,41227,1656,8969
Ford,Escape,53882,2024,John Carter,Michael Smith,28116,659,3468
Ford,Mustang,13253,2017,Sarah Wilson,Elizabeth Johnson,19143,2271,3235
Ford,Bronco,62870,2022,Emily Davis,William Garcia,22518,1881,9658
Ford,Edge,96452,2019,Emily Davis,William Johnson,24631,2425,6103
Ford,Escape,70542,2018,Sarah Wilson,Linda Jones,28340,2610,-3506
Ford,Bronco,84772,2016,John Carter,Mary Davis,26922,2883,5478
Ford,Mustang,52675,2017,John Carter,William Smith,32848,1277,4702
Ford,Mustang,41796,2023,Sarah Wilson,William Smith,33180,1864,6424
Ford,Explorer,72691,2023,Michael Brown,Linda Martinez,46743,2451,2261
Ford,Explorer,99195,2015,Michael Brown,William Garcia,16248,1155,3401
Ford,Escape,73325,2021,Michael Brown,Linda Brown,34306,2927,7280
Ford,Edge,63847,2023,Michael Brown,Linda Martinez,20390,1192,8664
Ford,F-150,42601,2019,Sarah Wilson,Elizabeth Johnson,16808,2096,9669
Ford,Bronco,87410,2021,Emily Davis,Jennifer Rodriguez,47345,1412,3470
Ford,Edge,65397,2021,Michael Brown,James Miller,49624,719,5969
Ford,F-150,21438,2020,Michael Brown,Jennifer Garcia,44078,614,6489
Ford,F-150,74214,2018,Sarah Wilson,John Brown,43114,2715,7704
Ford,Explorer,41734,2024,Emily Davis,Linda Davis,41445,895,6708
Ford,Edge,94824,2023,Michael Brown,Patricia Davis,33763,1032,4073
Ford,F-150,106723,2022,Michael Brown,Mary Jones,24388,1702,481
Ford,Bronco,65090,2019,John Carter,John Rodriguez,49588,1724,6630
Ford,Escape,70656,2020,Michael Brown,John Rodriguez,32944,2411,4754
Ford,Escape,47822,2023,Michael Brown,Linda Johnson,24158,1939,644
Ford,Escape,69520,2015,Michael Brown,Jennifer Martinez,32534,1717,7841
Ford,Edge,36791,2015,Sarah Wilson,Patricia Johnson,49181,2052,5701
Ford,Escape,37846,2015,Sarah Wilson,James Davis,19778,1674,7965
Ford,F-150,19085,2020,Emily Davis,Mary Johnson,45757,561,7857
Ford,Bronco,87294,2016,Emily Davis,Jennifer Jones,42088,2292,4797
Ford,F-150,45869,2019,John Carter,John Smith,18222,1000,502
Ford,F-150,90247,2023,Sarah Wilson,Patricia Garcia,18334,2434,925
Ford,Bronco,23015,2020,Emily Davis,James Brown,31519,2055,5763
Ford,Edge,118786,2017,Sarah Wilson,Linda Garcia,46925,2214,6002
Ford,Bronco,26697,2024,Emily Davis,Elizabeth Johnson,15481,2749,3425
Ford,F-150,92833,2021,John Carter,Mary Davis,44532,1652,4837
Ford,Mustang,62111,2020,Emily Davis,William Rodriguez,26580,883,6118
Ford,Escape,113865,2016,Sarah Wilson,Linda Martinez,40921,774,8958
Ford,Mustang,10764,2016,Michael Brown,Linda Martinez,19688,949,5494
Ford,Edge,32123,2022,Emily Davis,John Johnson,25489,2808,2395
Ford,Escape,66436,2024,Michael Brown,William Martinez,27356,2331,9604
Ford,Edge,44014,2022,John Carter,Robert Martinez,25079,1591,2612
Ford,Edge,115598,2018,Michael Brown,Elizabeth Jones,25978,823,5021
Ford,Edge,35303,2024,John Carter,Mary Brown,15854,2888,7745
Ford,F-150,21655,2019,John Carter,William Johnson,39444,1387,7518
Ford,Bronco,7141,2015,Emily Davis,Michael Rodriguez,42730,2400,2279
Ford,Bronco,108883,2020,John Carter,James Brown,24595,1380,2869
Ford,Mustang,46711,2016,Emily Davis,Robert Miller,19907,2239,9260
Ford,F-150,63432,2020,John Carter,William Rodriguez,38414,1815,5453
Ford,Bronco,97558,2015,Sarah Wilson,Michael Rodriguez,38875,2264,2369
Ford,Bronco,97793,2017,Michael Brown,Robert Rodriguez,19219,773,7849
Ford,Explorer,5958,2021,Sarah Wilson,William Rodriguez,16408,2014,9015
Ford,Escape,26846,2022,John Carter,Robert Miller,43588,1229,7585
Ford,Edge,61043,2022,Michael Brown,James Smith,41755,1235,6327
Ford,F-150,97064,2024,Sarah Wilson,James Davis,26484,2738,6378
Ford,F-150,71636,2016,Sarah Wilson,Elizabeth Jones,16320,1052,7604
Ford,Escape,52946,2020,Emily Davis,Patricia Davis,19125,502,4772
Ford,Bronco,88143,2024,Sarah Wilson,Robert Garcia,48386,1775,8883
Ford,F-150,40933,2019,Michael Brown,Mary Rodriguez,27117,1623,8786
Ford,F-150,10406,2020,John Carter,Michael Miller,30003,2326,5629
Ford,Escape,15941,2024,Michael Brown,William Miller,15356,2937,8707
Ford,Escape,40268,2019,John Carter,Robert Garcia,33814,2670,7583
Ford,Edge,19208,2020,John Carter,John Rodriguez,24167,2036,3457
Ford,Mustang,38319,2020,Michael Brown,Elizabeth Smith,21356,2728,9392
Ford,Explorer,119055,2019,John Carter,Elizabeth Martinez,36663,2449,8400
Ford,Escape,92690,2018,John Carter,Jennifer Brown,32905,2876,8641
Ford,Explorer,30367,2015,Michael Brown,Robert Davis,28539,2913,3101
Ford,Bronco,20003,2016,Sarah Wilson,Michael Miller,42785,2135,3368
Ford,Mustang,119030,2020,Michael Brown,William Miller,48320,551,4352
Ford,Mustang,59822,2021,Sarah Wilson,William Smith,19269,2989,7442
Ford,F-150,51017,2017,Emily Davis,Jennifer Johnson,47519,2161,8665
Ford,Bronco,50121,2016,Sarah Wilson,Michael Rodriguez,39204,2958,5988
Ford,Edge,47662,2020,Sarah Wilson,Jennifer Johnson,45425,1403,3752
Ford,Escape,95896,2024,Michael Brown,William Davis,45243,766,7650
Ford,Mustang,41909,2019,Emily Davis,Jennifer Johnson,15792,2919,5436
Ford,F-150,73553,2016,John Carter,James Garcia,28654,1583,3427
Ford,Explorer,13204,2023,Emily Davis,Mary Garcia,24253,1304,372
Ford,Bronco,95369,2017,Michael Brown,Jennifer Martinez,47490,2485,6169
Ford,Mustang,39073,2023,Sarah Wilson,William Jones,48953,1899,4384
Ford,Mustang,22101,2018,Michael Brown,John Johnson,30546,2735,5607
Ford,Edge,34635,2023,John Carter,William Johnson,44257,2979,7162
Ford,Mustang,47188,2016,Michael Brown,Jennifer Williams,24445,844,3873
Ford,Escape,62569,2020,Sarah Wilson,Mary Williams,45354,2105,5063
Ford,Edge,117895,2023,John Carter,Linda Martinez,27076,1411,5181
Ford,Mustang,110911,2024,Emily Davis,Elizabeth Garcia,16623,2302,5064
Ford,Edge,9262,2021,John Carter,Jennifer Rodriguez,34094,1264,4014
Ford,Explorer,102464,2021,Emily Davis,William Miller,26155,1430,9274
Ford,Mustang,95717,2017,Emily Davis,Jennifer Johnson,39691,764,5436
Ford,F-150,63333,2017,Emily Davis,James Miller,21069,827,2833
Ford,Explorer,94902,2019,John Carter,Robert Brown,25646,2918,3260
Ford,Explorer,71567,2015,Emily Davis,Patricia Williams,42587,2411,4702
Ford,Explorer,91680,2021,Sarah Wilson,John Martinez,20414,1598,5385
Ford,Edge,8322,2021,Michael Brown,Robert Williams,19987,2764,6061
Ford,Escape,37110,2016,Michael Brown,Patricia Smith,23512,1967,6693
Ford,Escape,74718,2018,Sarah Wilson,Elizabeth Williams,21704,2321,9582
Ford,Bronco,47208,2021,Sarah Wilson,William Rodriguez,29315,551,3503
Ford,Escape,11988,2024,Michael Brown,John Smith,42514,2128,712
Ford,F-150,43232,2016,Michael Brown,Michael Garcia,47051,1826,7371
Ford,Edge,60163,2020,Michael Brown,Patricia Garcia,16846,2327,6057
Ford,Bronco,6010,2020,Michael Brown,Elizabeth Brown,17754,2173,5500
Ford,F-150,73285,2021,Sarah Wilson,William Jones,41388,1687,794
Ford,Escape,26083,2015,Sarah Wilson,Elizabeth Miller,27096,1038,9191
Ford,Escape,28843,2024,Emily Davis,Patricia Williams,43550,2958,5803
Ford,Escape,11926,2015,John Carter,Elizabeth Martinez,38186,1548,3748
Ford,F-150,80768,2023,Emily Davis,John Johnson,16793,2933,8527
Ford,Explorer,90244,2024,John Carter,John Rodriguez,21396,751,4518
Ford,F-150,35854,2017,John Carter,Elizabeth Smith,44754,2464,7922
Ford,Explorer,15015,2018,John Carter,John Brown,28442,1869,4236
Ford,Escape,115004,2024,Emily Davis,Robert Jones,36473,2943,3823
Ford,Mustang,115895,2022,Michael Brown,William Miller,46438,1086,8289
Ford,Edge,118214,2016,John Carter,Mary Williams,42830,881,3297
Ford,Mustang,84701,2023,John Carter,William Davis,18135,2884,6572
Ford,Explorer,83231,2017,Emily Davis,Robert Brown,27790,2761,5862
Ford,Edge,71492,2021,Sarah Wilson,Patricia Miller,22456,2147,3879
Ford,F-150,116955,2022,Sarah Wilson,John Brown,34431,2677,6556
Ford,Bronco,34315,2019,Emily Davis,Linda Davis,45130,1436,5508
Ford,Explorer,52543,2021,Sarah Wilson,Robert Williams,30252,2933,7909
Ford,Escape,12072,2015,Michael Brown,Patricia Garcia,34048,1420,4589
Ford,F-150,48131,2017,Sarah Wilson,Elizabeth Davis,29903,1038,3035
Ford,Bronco,23920,2022,Emily Davis,John Jones,41910,1673,5071
Ford,Mustang,112155,2017,Michael Brown,Patricia Garcia,42501,2044,7482
Ford,Explorer,77731,2016,Michael Brown,Linda Garcia,19887,2546,6546
Ford,Explorer,48963,2024,Sarah Wilson,Jennifer Rodriguez,44927,2630,4898
Ford,Explorer,19725,2020,Emily Davis,Michael Johnson,31856,1777,8286
Ford,Explorer,118542,2019,John Carter,Robert Johnson,33528,770,5395
Ford,Explorer,73849,2016,Michael Brown,James Brown,20335,845,2775
Ford,Edge,113030,2019,Sarah Wilson,Mary Miller,28671,1222,7346
Ford,Explorer,111929,2024,Michael Brown,Patricia Smith,48010,2013,2799
Ford,Mustang,73164,2018,Michael Brown,Patricia Jones,37801,2198,2411
Ford,F-150,56402,2016,Michael Brown,James Smith,47027,2115,7352
Ford,F-150,95092,2023,Michael Brown,James Miller,38529,2057,902
Ford,Explorer,119421,2019,Michael Brown,John Johnson,19280,2931,8711
Ford,Mustang,84504,2017,Michael Brown,Mary Jones,35020,1652,2748
Ford,Explorer,28755,2015,John Carter,Patricia Johnson,41241,1106,5206
Ford,Escape,21852,2024,Michael Brown,Patricia Smith,48542,1072,9549
Ford,Edge,79382,2023,Michael Brown,James Smith,18790,2839,2401
Ford,Bronco,94063,2015,Michael Brown,Mary Jones,21378,1253,4887
Ford,Bronco,5944,2016,Emily Davis,William Brown,46216,2346,2263
Ford,Edge,111648,2020,Sarah Wilson,Patricia Davis,17380,1060,3804
Ford,Bronco,109787,2016,Emily Davis,Elizabeth Miller,43653,2547,3980
Ford,Escape,9560,2018,Michael Brown,Michael Miller,26558,2739,7904
Ford,Edge,23699,2023,Sarah Wilson,Michael Williams,39049,909,9480
Ford,Explorer,58629,2024,Sarah Wilson,Elizabeth Smith,45415,1652,3610
Ford,Explorer,21093,2016,Emily Davis,Elizabeth Martinez,18387,1656,2233
Ford,Mustang,41049,2015,Emily Davis,Robert Smith,36930,2048,6720
Ford,F-150,68338,2020,Emily Davis,Michael Smith,32234,546,9364
Ford,Escape,40445,2021,Sarah Wilson,Mary Smith,32510,2182,8341
Ford,Explorer,78522,2023,Emily Davis,Linda Miller,22040,1616,8517
Ford,Mustang,81309,2021,Sarah Wilson,Elizabeth Johnson,40760,2659,9225
Ford,F-150,34248,2016,Michael Brown,Mary Smith,44157,2402,3443
Ford,Escape,56316,2022,Sarah Wilson,Robert Johnson,16887,1338,7499
Ford,Mustang,103239,2018,Michael Brown,Jennifer Jones,45601,2091,3830
Ford,F-150,15212,2023,Sarah Wilson,Jennifer Jones,30381,1909,8985
Ford,F-150,65403,2022,Emily Davis,Linda Garcia,20019,1204,663
Ford,Explorer,11099,2017,Michael Brown,Linda Martinez,29718,1253,7104
Ford,Explorer,18705,2018,Emily Davis,Mary Jones,32850,2495,8581
Ford,Escape,81045,2017,John Carter,Michael Rodriguez,40371,1779,5470
Ford,F-150,82706,2021,Emily Davis,Jennifer Davis,30829,1130,3606
Ford,Explorer,87748,2024,Emily Davis,William Jones,21652,626,-1475
Ford,Edge,11953,2019,Sarah Wilson,John Miller,15668,2377,8670
Ford,Bronco,55387,2019,John Carter,John Brown,33407,1024,7045
Ford,Explorer,91107,2018,Sarah Wilson,Jennifer Brown,37279,815,7523
Ford,Mustang,38504,2020,Michael Brown,Mary Miller,34427,2524,7764
Ford,Bronco,40942,2021,Sarah Wilson,Michael Davis,19090,2618,4016
Ford,F-150,111258,2021,Emily Davis,Mary Jones,38148,2503,7930
Ford,Bronco,69125,2017,Emily Davis,Robert Brown,32818,2385,3224
Ford,Explorer,54687,2017,Emily Davis,Elizabeth Smith,20992,2968,7214
Ford,F-150,29585,2015,Michael Brown,James Rodriguez,30359,625,8994
Ford,Edge,98950,2015,John Carter,John Smith,29604,2225,7927
Ford,Bronco,72847,2021,Emily Davis,Robert Brown,22238,2112,9227
Ford,Edge,48637,2023,Emily Davis,John Martinez,22854,2711,4592
Ford,Mustang,33009,2017,Emily Davis,Mary Miller,40416,2570,6082
Ford,Escape,65241,2021,John Carter,Michael Johnson,19513,1134,2099
Ford,Escape,106253,2020,Emily Davis,Robert Rodriguez,34640,790,9633
Ford,Escape,102687,2021,Sarah Wilson,John Davis,37020,1813,8561
Ford,Bronco,10600,2015,Michael Brown,Jennifer Garcia,20265,2419,8559
Ford,Escape,101173,2018,Emily Davis,Elizabeth Miller,16286,1151,9366
Ford,F-150,12944,2023,Michael Brown,James Miller,16467,2886,7076
Ford,F-150,10644,2022,Michael Brown,Linda Smith,42528,2663,3903
Ford,Explorer,75235,2023,Sarah Wilson,Linda Rodriguez,31687,2148,6713
Ford,Bronco,79412,2019,John Carter,Mary Smith,41301,2742,9231
Ford,Edge,83961,2017,Sarah Wilson,Jennifer Brown,19991,1050,-2217
Ford,Explorer,48712,2017,Emily Davis,Robert Jones,47470,2819,997
Ford,Mustang,16524,2024,Sarah Wilson,Elizabeth Garcia,27597,2978,4010
Ford,Escape,117891,2020,Sarah Wilson,Jennifer Johnson,17977,2609,412
Ford,Explorer,99646,2017,John Carter,Elizabeth Jones,42525,1236,4716
Ford,Edge,28373,2022,John Carter,Jennifer Garcia,32934,2177,2212
Ford,Escape,96512,2024,Sarah Wilson,William Jones,36296,1329,3444
Ford,Escape,79507,2023,Sarah Wilson,William Rodriguez,25367,1682,7885
Ford,Bronco,12196,2018,John Carter,James Davis,23609,907,5516
Ford,Explorer,37058,2020,Sarah Wilson,Robert Johnson,29729,1753,3551
Ford,Explorer,29807,2017,Sarah Wilson,Mary Johnson,32202,1218,7508
Ford,F-150,7719,2018,Michael Brown,John Smith,17788,1923,3664
Ford,Mustang,80607,2024,Sarah Wilson,John Martinez,29495,2577,8518
Ford,F-150,91660,2015,Sarah Wilson,Patricia Williams,43047,695,2631
Ford,Mustang,60432,2022,John Carter,Elizabeth Miller,21516,1256,5673
Ford,Edge,101286,2024,Emily Davis,Elizabeth Miller,48023,682,2024
Ford,Mustang,104094,2015,Emily Davis,Jennifer Brown,17792,2712,5549
Ford,Mustang,11784,2022,John Carter,James Miller,41416,1493,7286
Ford,F-150,30334,2020,Sarah Wilson,Linda Garcia,29184,2129,7106
Ford,Escape,50687,2017,John Carter,Linda Davis,26648,2390,4932
Ford,Edge,101872,2024,John Carter,Michael Jones,43619,1003,3798
Ford,F-150,14702,2017,Emily Davis,James Martinez,18293,1113,3689
Ford,Bronco,35825,2019,John Carter,Mary Garcia,19717,980,7210
Ford,Explorer,16990,2017,Michael Brown,James Garcia,26948,504,3417
Ford,Explorer,85719,2019,John Carter,Patricia Rodriguez,21380,1797,3068
Ford,Bronco,11197,2021,John Carter,Elizabeth Brown,45777,1493,5206
Ford,Escape,113949,2022,Emily Davis,Jennifer Brown,29600,1481,4224
Ford,Escape,107209,2016,John Carter,Elizabeth Brown,35277,2621,211
Ford,Mustang,86553,2015,Emily Davis,Elizabeth Rodriguez,45926,1655,4300
Ford,Mustang,17187,2023,Michael Brown,Michael Johnson,36816,2833,2809
Ford,Bronco,96884,2017,Michael Brown,Michael Martinez,40772,2807,4285
Ford,Escape,98893,2021,Emily Davis,Mary Davis,20741,2306,3183
Ford,Escape,82429,2018,Emily Davis,Jennifer Rodriguez,27383,2823,5072
Ford,Escape,18634,2023,John Carter,Jennifer Miller,32231,2826,8541
Ford,F-150,6808,2020,Michael Brown,Patricia Brown,34992,2879,5651
Ford,F-150,30493,2018,Michael Brown,Elizabeth Brown,18964,1580,7283
Ford,Explorer,44792,2022,John Carter,James Martinez,41764,1383,5335
Ford,F-150,31230,2020,John Carter,Elizabeth Miller,17081,1275,8899
Ford,Explorer,75875,2015,Michael Brown,James Williams,24570,640,9796
Ford,Escape,22744,2022,Emily Davis,James Martinez,15582,1515,7887
Ford,Mustang,101738,2020,Sarah Wilson,Michael Brown,19869,548,9784
Ford,Mustang,9096,2022,Emily Davis,Mary Johnson,45248,2191,4255
Ford,Edge,58815,2015,Emily Davis,Robert Jones,31899,1601,3708
Ford,Bronco,56631,2023,John Carter,William Miller,37611,1858,7008
Ford,Escape,105025,2021,Emily Davis,Jennifer Garcia,28618,2547,8477
Ford,Edge,27659,2017,Michael Brown,Elizabeth Johnson,30322,2933,5624
Ford,Bronco,23766,2023,John Carter,Michael Williams,32000,2879,2413
Ford,Edge,7697,2016,Emily Davis,Linda Jones,15631,1228,697
Ford,Mustang,31551,2021,Sarah Wilson,Jennifer Brown,25963,2474,9981
Ford,Explorer,26259,2016,John Carter,Mary Miller,47542,2810,7224
Ford,Escape,79172,2020,Michael Brown,Jennifer Jones,29999,782,5940
Ford,F-150,61885,2017,Emily Davis,Linda Smith,16421,2994,9745
Ford,Edge,100231,2015,Sarah Wilson,Elizabeth Garcia,34052,2904,4140
Ford,Escape,46052,2022,John Carter,William Brown,42137,1209,5357
Ford,Explorer,59310,2023,John Carter,Jennifer Jones,44205,713,3285
Ford,Mustang,32209,2020,Michael Brown,John Rodriguez,26779,808,7512
Ford,F-150,94747,2018,John Carter,Robert Johnson,15311,1669,4596
Ford,F-150,29224,2018,John Carter,Patricia Davis,23419,1714,2523
Ford,Escape,10537,2023,John Carter,Elizabeth Davis,25595,2066,9254
Ford,Explorer,12149,2018,Sarah Wilson,William Garcia,25037,567,3250
Ford,Escape,47230,2018,John Carter,Linda Brown,16553,1466,5662
Ford,F-150,54072,2018,Emily Davis,Linda Jones,31811,2646,2013
Ford,Mustang,40234,2016,Sarah Wilson,Elizabeth Johnson,19089,1598,8950
Ford,Bronco,62539,2021,John Carter,Linda Smith,19819,1302,6067
Ford,Edge,65917,2022,Sarah Wilson,John Brown,40147,940,6762
Ford,Mustang,52886,2021,Michael Brown,Elizabeth Jones,15699,1446,2192
Ford,Mustang,84619,2022,Emily Davis,Elizabeth Rodriguez,29432,2967,4692
Ford,Edge,83710,2022,Sarah Wilson,Patricia Martinez,37860,1101,6480
Ford,Escape,19208,2015,Michael Brown,John Miller,42287,2482,5795
Ford,Mustang,111531,2017,Sarah Wilson,Patricia Rodriguez,40445,1046,9543
Ford,Bronco,19910,2016,Emily Davis,Jennifer Davis,49459,1058,5467
Ford,Edge,115674,2024,John Carter,Michael Rodriguez,47306,1656,2236
Ford,Bronco,115052,2020,Michael Brown,Jennifer Brown,22811,1717,8649
Ford,Explorer,65276,2022,Sarah Wilson,Mary Jones,21692,2496,8237
Ford,F-150,23333,2015,Sarah Wilson,Jennifer Williams,20418,698,8977
Ford,Bronco,98941,2020,Sarah Wilson,Jennifer Brown,30241,2979,7887
Ford,Escape,8444,2021,Sarah Wilson,James Martinez,33671,1788,4217
Ford,Bronco,99463,2019,Michael Brown,William Smith,46792,2934,5067
Ford,Mustang,108912,2019,John Carter,Linda Davis,41741,2958,2135
Ford,Escape,53809,2019,Sarah Wilson,William Johnson,35852,2420,7027
Ford,Bronco,101448,2020,Michael Brown,John Miller,47588,1534,9624
Ford,F-150,68492,2018,John Carter,John Smith,44954,898,2539
Ford,Explorer,119402,2022,John Carter,Patricia Williams,38641,775,3165
Ford,F-150,16688,2020,Emily Davis,Robert Jones,48272,1841,6932
Ford,F-150,116762,2015,Sarah Wilson,Michael Davis,23868,2742,9993
Ford,Mustang,32891,2021,John Carter,Elizabeth Rodriguez,24653,1136,9402
Ford,Mustang,73909,2018,Emily Davis,Linda Williams,30174,1514,9096
Ford,F-150,56115,2021,Emily Davis,Elizabeth Rodriguez,41179,1078,5323
Ford,Explorer,40341,2019,Michael Brown,John Rodriguez,40856,1199,8311
Ford,Escape,12185,2019,Emily Davis,James Brown,20802,2494,5647
Ford,Explorer,23519,2015,John Carter,Robert Johnson,44387,2541,2143
Ford,Escape,25162,2015,John Carter,Linda Davis,35373,1386,2721
Ford,Escape,17447,2017,Emily Davis,Linda Davis,49687,2177,7823
Ford,Explorer,35324,2018,Michael Brown,John Miller,46098,2622,6586
Ford,Escape,58437,2018,Michael Brown,Michael Miller,43002,1290,6957
Ford,Bronco,73161,2018,John Carter,Robert Smith,43511,1155,4760
Ford,Edge,102198,2023,John Carter,Jennifer Rodriguez,34113,2857,5194
Ford,Bronco,31322,2015,Michael Brown,James Johnson,16076,1172,3917
Ford,Mustang,51084,2019,John Carter,William Brown,31914,2931,6878
Ford,Edge,59679,2021,Michael Brown,Linda Rodriguez,46065,2207,646
Ford,Edge,5144,2017,Michael Brown,William Brown,34942,2466,7190
Ford,Edge,51115,2023,Emily Davis,Patricia Davis,23251,1920,6764
Ford,Explorer,59286,2015,Emily Davis,Patricia Davis,17990,1259,6585
Ford,Escape,7733,2023,Emily Davis,Mary Davis,15252,1359,8571
Ford,Explorer,88784,2024,Sarah Wilson,Linda Smith,17919,1519,5655
Ford,Bronco,66378,2023,Sarah Wilson,Mary Davis,44407,2357,2062
Ford,Mustang,68893,2018,Sarah Wilson,Robert Rodriguez,25099,2881,2426
Ford,Explorer,86683,2018,Michael Brown,Elizabeth Rodriguez,28567,1669,4641
Ford,Explorer,97263,2023,Emily Davis,Mary Jones,34144,2622,2041
Ford,Mustang,95463,2022,Emily Davis,Michael Brown,20321,854,9764
Ford,Mustang,13654,2024,Michael Brown,Elizabeth Smith,46650,1230,7947
Ford,Bronco,65843,2020,Sarah Wilson,Jennifer Rodriguez,41424,1324,5958
Ford,Bronco,41064,2022,John Carter,Linda Garcia,35932,1316,7918
Ford,F-150,29430,2018,Michael Brown,John Brown,41220,1102,587
Ford,Edge,49092,2020,Sarah Wilson,Robert Rodriguez,44639,2516,5015
Ford,Escape,84324,2016,Emily Davis,Michael Davis,24676,1129,9410
Ford,F-150,35076,2022,Emily Davis,William Williams,44233,2288,8394
Ford,Bronco,23998,2023,Sarah Wilson,Patricia Johnson,17276,1173,2411
Ford,Bronco,43248,2015,John Carter,William Brown,48981,2949,-1243
Ford,Explorer,28785,2015,John Carter,Jennifer Miller,33355,588,8059
Ford,Explorer,85067,2024,Emily Davis,Mary Davis,22145,2206,2036
Ford,Edge,47122,2016,John Carter,Robert Williams,26165,2988,2834
Ford,Escape,14173,2022,Sarah Wilson,William Martinez,38736,716,3889
Ford,Mustang,99136,2023,John Carter,Patricia Miller,41706,2555,6082
Ford,Escape,11252,2018,Emily Davis,Patricia Johnson,45839,1521,2962
Ford,Mustang,63489,2019,Sarah Wilson,Patricia Garcia,48099,1580,8394
Ford,Explorer,64151,2021,Michael Brown,Mary Williams,29163,2611,5589
Ford,Mustang,60894,2024,John Carter,James Williams,38605,2724,8492
Ford,Mustang,27081,2022,Michael Brown,Patricia Johnson,18808,813,4437
Ford,Edge,24140,2021,Emily Davis,Mary Rodriguez,43308,1492,8804
Ford,Edge,51433,2020,Sarah Wilson,Jennifer Martinez,43197,1367,2789
Ford,Mustang,94986,2020,Emily Davis,William Johnson,33461,2942,7831
Ford,Edge,55819,2018,John Carter,Michael Williams,46106,1765,9310
Ford,Bronco,67794,2022,Emily Davis,Elizabeth Martinez,31658,2240,5298
Ford,Edge,47364,2015,Emily Davis,Elizabeth Jones,44146,2489,3701
Ford,Mustang,98056,2017,John Carter,William Smith,26906,1341,8380
Ford,Bronco,87815,2023,John Carter,Linda Rodriguez,16368,919,6225
Ford,Explorer,98809,2024,Sarah Wilson,Mary Brown,26707,585,5872
Ford,Mustang,42943,2017,Emily Davis,Mary Miller,29880,1102,2974
Ford,Edge,50256,2015,John Carter,William Smith,48123,2422,4262
Ford,Explorer,52933,2015,John Carter,Robert Garcia,19293,587,2449
Ford,Explorer,54407,2019,Emily Davis,John Jones,48952,804,6421
Ford,Edge,78968,2018,Sarah Wilson,Robert Davis,24459,722,9939
Ford,F-150,29531,2020,John Carter,Mary Davis,32299,2324,9698
Ford,Explorer,64706,2019,Sarah Wilson,Mary Johnson,21076,1747,9103
Ford,Edge,95347,2022,Sarah Wilson,John Jones,46378,2021,3700
Ford,Bronco,101505,2016,Sarah Wilson,Robert Jones,24003,1290,5837
Ford,Escape,74190,2018,Emily Davis,John Johnson,30780,2184,9954
Ford,Mustang,76536,2016,Michael Brown,Patricia Williams,33484,1514,2558
Ford,Escape,45432,2022,John Carter,Robert Rodriguez,17193,1032,3898
Ford,Explorer,60791,2021,Michael Brown,Patricia Martinez,17333,1946,3620
Ford,Bronco,35169,2021,Michael Brown,James Smith,40356,2004,4355
Ford,Mustang,39527,2018,Michael Brown,Michael Rodriguez,47621,2622,5431
Ford,Escape,31864,2024,Michael Brown,Michael Jones,38475,1473,4728
Ford,Edge,89312,2020,John Carter,Elizabeth Miller,20812,701,9711
Ford,Escape,33939,2021,Emily Davis,John Davis,43493,2546,3362
Ford,Escape,95372,2022,Michael Brown,Patricia Brown,38838,728,3835
Ford,F-150,79228,2017,John Carter,Patricia Smith,36118,1086,464
Ford,F-150,19719,2015,Sarah Wilson,William Brown,17583,733,702
Ford,Mustang,69288,2022,Emily Davis,Patricia Johnson,32222,2177,7571
Ford,Escape,9216,2016,John Carter,Mary Martinez,35637,1498,2812
Ford,Mustang,100808,2017,John Carter,Jennifer Jones,46832,594,5306
Ford,Explorer,101321,2018,Michael Brown,Elizabeth Garcia,41749,1306,2083
Ford,Explorer,84868,2022,Sarah Wilson,Michael Garcia,37522,1578,9643
Ford,F-150,14328,2021,Sarah Wilson,Jennifer Jones,49761,2236,5346
Ford,Bronco,28252,2024,Emily Davis,Linda Miller,34015,2373,7038
Ford,F-150,39445,2015,Michael Brown,Linda Williams,21986,1791,4169
Ford,Bronco,87004,2021,Emily Davis,Michael Garcia,46449,2108,2161
Ford,Edge,115966,2015,John Carter,John Davis,35412,1709,2579
Ford,Bronco,52901,2019,Emily Davis,Robert Brown,44101,1982,9596
Ford,F-150,34612,2024,Emily Davis,James Smith,25824,1613,6770
Ford,F-150,116028,2021,Michael Brown,James Davis,33127,2522,8119
Ford,Escape,107126,2015,Michael Brown,James Jones,23581,2918,5079
Ford,Mustang,85843,2016,Michael Brown,Patricia Smith,48821,2928,5714
Ford,Edge,48229,2021,John Carter,James Johnson,37728,1643,2242
Ford,Bronco,16042,2022,Sarah Wilson,Robert Williams,15384,2250,9414
Ford,Explorer,58301,2015,John Carter,William Smith,41207,2506,5112
Ford,F-150,43892,2021,Sarah Wilson,John Miller,48309,1287,6870
Ford,Bronco,15639,2022,John Carter,Robert Garcia,27332,1187,7629
Ford,Bronco,70223,2018,Emily Davis,Patricia Williams,44160,1376,7927
Ford,Edge,8041,2016,Michael Brown,Elizabeth Williams,40000,1149,9860
Ford,Escape,82704,2022,Michael Brown,Linda Johnson,30531,1021,6146
Ford,F-150,112579,2020,Sarah Wilson,Patricia Smith,24855,2976,9703
Ford,F-150,5849,2019,Sarah Wilson,James Martinez,40221,2955,8910
Ford,F-150,36471,2023,John Carter,Patricia Jones,18952,2331,9819
Ford,Bronco,21039,2023,Michael Brown,James Miller,39621,1365,3425
Ford,F-150,36949,2020,Sarah Wilson,Michael Williams,48823,608,792
Ford,Mustang,69115,2018,Sarah Wilson,William Jones,34406,1213,5561
Ford,Bronco,54007,2018,John Carter,Jennifer Smith,44849,2071,110
Ford,Escape,73277,2017,Sarah Wilson,Elizabeth Garcia,22150,2441,7583
Ford,F-150,59004,2016,Michael Brown,James Smith,19081,654,3027
Ford,F-150,49379,2016,Emily Davis,Jennifer Garcia,44966,1374,5615
Ford,Mustang,36300,2023,Michael Brown,John Smith,32082,1257,7053
Ford,Explorer,117197,2020,Emily Davis,Mary Miller,16936,2539,3149
Ford,Explorer,40528,2016,Emily Davis,William Smith,46788,935,5944
Ford,Edge,73449,2016,Michael Brown,Robert Garcia,21166,2406,5558
Ford,Explorer,113846,2018,John Carter,Linda Davis,28253,2816,7616
Ford,Bronco,41893,2021,Sarah Wilson,James Brown,30223,2848,3365
Ford,Explorer,70584,2022,Emily Davis,Robert Garcia,27310,1116,2373
Ford,Mustang,25265,2020,John Carter,Elizabeth Miller,25339,949,5876
Ford,Explorer,89513,2015,Michael Brown,William Johnson,37510,2013,9827
Ford,Escape,107734,2017,Emily Davis,Elizabeth Williams,34111,1551,4369
Ford,Mustang,8598,2024,Sarah Wilson,Jennifer Brown,30559,1920,6436
Ford,Explorer,108303,2018,Sarah Wilson,Robert Johnson,21202,2198,770
Ford,Edge,11327,2016,John Carter,John Johnson,38245,2451,9147
Ford,Edge,11003,2023,Michael Brown,Michael Davis,49452,2519,8897
Ford,Edge,102352,2015,Emily Davis,James Martinez,30466,801,5608
Ford,Edge,41769,2021,Sarah Wilson,James Rodriguez,27792,2483,-1296
Ford,Mustang,37355,2018,Sarah Wilson,Michael Brown,32828,1227,8316
Ford,Mustang,95825,2022,John Carter,John Johnson,25733,2323,5105
Ford,F-150,57539,2019,Michael Brown,William Williams,17105,2325,3366
Ford,Escape,35363,2018,Michael Brown,Linda Miller,36933,1412,9958
Ford,Mustang,67617,2017,John Carter,Linda Martinez,32813,1067,3766
Ford,Explorer,59461,2024,Sarah Wilson,Robert Davis,41984,893,5955
Ford,Bronco,88408,2015,Sarah Wilson,Jennifer Rodriguez,44341,1054,4122
Ford,Escape,78222,2022,Michael Brown,Linda Jones,33021,2044,7657
Ford,F-150,43369,2019,Emily Davis,William Williams,44129,1261,8563
Ford,Bronco,117129,2022,Michael Brown,James Jones,34997,1047,7281
Ford,Mustang,72761,2019,Michael Brown,James Williams,25733,1206,836
Ford,Edge,43885,2017,Emily Davis,John Davis,21520,1485,3841
Ford,Bronco,29884,2019,Sarah Wilson,John Davis,17106,1043,5446
Ford,Escape,75118,2023,Sarah Wilson,Michael Martinez,38437,1740,7927
Ford,Bronco,32499,2016,Emily Davis,James Jones,37861,888,2536
Ford,Mustang,58980,2024,John Carter,Jennifer Rodriguez,31385,2719,9416
Ford,Mustang,104041,2016,John Carter,Patricia Miller,22076,1313,8319
Ford,Mustang,36779,2019,Michael Brown,William Johnson,19509,550,7414
Ford,Mustang,116392,2020,Emily Davis,William Johnson,35123,2815,6310
Ford,Bronco,116155,2023,Michael Brown,Linda Garcia,15131,1843,6460
Ford,Mustang,118157,2023,Emily Davis,William Jones,30511,1207,8079
Ford,Mustang,8928,2015,Sarah Wilson,James Jones,30319,2389,3263
Ford,Explorer,23382,2020,Michael Brown,Jennifer Johnson,25470,2632,916
Ford,Mustang,73844,2020,Sarah Wilson,Jennifer Martinez,40839,597,9106
Ford,Explorer,80590,2024,Sarah Wilson,Patricia Garcia,30975,2734,3498
Ford,Mustang,56872,2017,Michael Brown,John Jones,33805,2804,9665
Ford,Explorer,43551,2019,Michael Brown,James Brown,21314,941,6472
Ford,F-150,44638,2020,Emily Davis,Mary Williams,28515,1613,4001
Ford,Bronco,90420,2016,Emily Davis,Michael Miller,48236,1412,2576
Ford,Escape,76515,2018,Michael Brown,Mary Martinez,19043,2041,718
Ford,Bronco,99800,2022,Michael Brown,Jennifer Smith,33630,2329,6660
Ford,F-150,29554,2023,John Carter,Elizabeth Johnson,25097,2512,9144
Ford,Mustang,32059,2016,Michael Brown,Linda Martinez,18591,2695,4886
Ford,Mustang,50812,2016,Michael Brown,John Brown,18392,1205,7118
Ford,Edge,33155,2018,Emily Davis,Linda Smith,41087,922,-3845
Ford,F-150,41636,2020,Sarah Wilson,John Garcia,44699,2102,9023
Ford,Escape,87189,2024,Sarah Wilson,Linda Miller,39014,2628,4673
Ford,Bronco,33984,2020,Sarah Wilson,John Johnson,15216,2596,2200
Ford,Escape,48601,2021,John Carter,William Garcia,32515,1435,6795
Ford,F-150,21258,2018,Sarah Wilson,Robert Davis,20133,612,7987
Ford,Explorer,79457,2015,John Carter,Linda Brown,49563,2417,5347
Ford,Edge,39303,2015,Emily Davis,Robert Miller,25106,1239,4769
Ford,Escape,7408,2022,Emily Davis,Robert Garcia,22286,1109,2295
Ford,Mustang,51056,2020,John Carter,John Jones,30376,603,3590
Ford,Mustang,38834,2023,Emily Davis,Robert Smith,43942,1218,6382
Ford,Explorer,65298,2019,Michael Brown,William Jones,32090,2922,4514
Ford,Edge,40172,2021,Emily Davis,John Johnson,18171,2198,4198
Ford,Escape,106972,2020,Sarah Wilson,Michael Williams,20336,2869,2956
Ford,Edge,80369,2022,Michael Brown,Patricia Brown,41629,2451,5373
Ford,Edge,26876,2019,Michael Brown,John Garcia,21777,793,5611
Ford,Bronco,71504,2018,Emily Davis,Elizabeth Rodriguez,39150,2426,2815
Ford,Mustang,10345,2021,Emily Davis,Linda Brown,29701,1646,5462
Ford,F-150,73465,2018,Emily Davis,Jennifer Miller,30333,1779,7759
Ford,Edge,35813,2021,John Carter,Patricia Brown,32080,1083,9380
Ford,Bronco,57800,2017,Emily Davis,Patricia Miller,39823,2042,6078
Ford,Bronco,53425,2023,John Carter,Patricia Miller,36374,555,9575
Ford,Escape,81623,2016,Sarah Wilson,Robert Johnson,19680,647,8830
Ford,Escape,119450,2022,Michael Brown,John Johnson,24637,952,2763
Ford,F-150,19719,2017,Michael Brown,Robert Johnson,18355,1274,2803
Ford,Edge,23076,2016,Sarah Wilson,Elizabeth Smith,37930,1608,5486
Ford,Explorer,20904,2018,Emily Davis,Linda Rodriguez,41219,579,8904
Ford,Explorer,29276,2015,Emily Davis,Robert Davis,17658,2944,6414
Ford,Mustang,26937,2024,Emily Davis,Robert Garcia,15061,963,2778
Ford,Escape,47582,2018,John Carter,Robert Jones,28002,1886,2213
Ford,F-150,86713,2018,Michael Brown,Elizabeth Smith,21189,1189,8057
Ford,Edge,55807,2023,John Carter,Elizabeth Johnson,21349,2905,4680
Ford,F-150,14725,2020,Sarah Wilson,Patricia Johnson,23439,2056,3138
Ford,Escape,18292,2020,Emily Davis,Robert Brown,35101,1026,4993
Ford,Explorer,106751,2015,Emily Davis,Robert Miller,18839,1830,6308
Ford,Bronco,114856,2016,Sarah Wilson,Elizabeth Rodriguez,15102,1317,9940
Ford,Edge,9059,2019,Michael Brown,James Jones,26395,2027,8433
Ford,Explorer,81828,2020,John Carter,Linda Miller,23891,1527,6987
Ford,Bronco,93091,2020,John Carter,Michael Davis,21756,1277,2830
Ford,Escape,100059,2019,John Carter,James Jones,40497,1540,9134
Ford,Explorer,32132,2023,John Carter,Linda Miller,17949,799,6668
Ford,Mustang,37114,2016,John Carter,Patricia Smith,37730,1513,-1505
Ford,Edge,61168,2017,Sarah Wilson,John Garcia,48722,2199,6302
Ford,F-150,96259,2017,Sarah Wilson,Jennifer Williams,26188,2163,7394
Ford,Edge,16680,2018,Sarah Wilson,Robert Brown,43071,1361,4539
Ford,Bronco,109310,2024,Michael Brown,Mary Martinez,45990,1646,8463
Ford,Edge,54632,2017,John Carter,Michael Miller,34682,2330,6283
Ford,Bronco,89351,2024,Sarah Wilson,William Williams,17312,2891,2316
Ford,Escape,10358,2023,John Carter,James Brown,20750,942,4265
Ford,Edge,89002,2019,Sarah Wilson,Linda Jones,26301,2075,2923
Ford,Mustang,56684,2018,Emily Davis,Linda Brown,46688,2607,2512
Ford,Explorer,62399,2019,Michael Brown,Linda Rodriguez,44986,999,6191
Ford,Bronco,11286,2017,Emily Davis,Jennifer Brown,26572,2908,4200
Ford,Edge,66657,2017,John Carter,James Johnson,17124,1783,5729
Ford,Explorer,11046,2024,Michael Brown,John Brown,16059,2265,3114
Ford,Edge,14376,2022,Emily Davis,Mary Johnson,19221,2575,2662
Ford,Escape,67706,2024,Emily Davis,Patricia Brown,24652,2754,8407
Ford,Mustang,63742,2019,John Carter,James Rodriguez,22584,580,2231
Ford,Edge,68972,2016,Sarah Wilson,John Martinez,36089,1050,7883
Ford,Escape,87216,2024,Emily Davis,Linda Smith,49232,2672,8663
Ford,Edge,45363,2024,Michael Brown,Robert Williams,18595,1819,6426
Ford,F-150,35118,2017,John Carter,Patricia Smith,34894,2804,2900
Ford,Mustang,54564,2023,Michael Brown,Michael Brown,24026,2170,5995
Ford,Mustang,83765,2017,Sarah Wilson,William Miller,39094,575,4617
Ford,Mustang,32906,2017,John Carter,John Smith,23767,1263,4676
Ford,Bronco,88120,2017,Michael Brown,William Garcia,16273,929,4960
Ford,Mustang,16820,2016,Emily Davis,Elizabeth Johnson,44951,2711,8319
Ford,Mustang,110186,2016,Michael Brown,Michael Brown,22597,1840,5847
Ford,F-150,110799,2024,Michael Brown,James Williams,33349,581,9427
Ford,Explorer,29931,2017,John Carter,John Davis,19793,1431,6924
Ford,Bronco,111583,2021,John Carter,John Garcia,26116,1905,2922
Ford,Bronco,64131,2019,Sarah Wilson,Robert Smith,37037,1260,4935
Ford,Escape,107790,2019,Michael Brown,William Rodriguez,29379,2406,6816
Ford,Explorer,85380,2019,Sarah Wilson,Elizabeth Miller,17556,1133,4764
Ford,Edge,17200,2020,Michael Brown,William Williams,20140,2915,2333
Ford,Explorer,65829,2021,Michael Brown,Patricia Martinez,47199,2852,3933
Ford,Explorer,86382,2024,Michael Brown,James Jones,20407,1982,9937
Ford,Explorer,89059,2023,Sarah Wilson,William Smith,49147,835,3227
Ford,Edge,54657,2017,Sarah Wilson,Robert Brown,31860,1669,7795
Ford,Escape,106756,2016,Sarah Wilson,Patricia Martinez,37027,2323,4994
Ford,Bronco,71348,2023,Emily Davis,William Johnson,44848,1267,7121
Ford,Bronco,25319,2015,Sarah Wilson,Robert Rodriguez,21435,1320,2800
Ford,Escape,119045,2016,Michael Brown,John Davis,27275,1774,5260
Ford,Mustang,23763,2020,Michael Brown,Patricia Smith,47847,1521,9781
Ford,Edge,44327,2017,Emily Davis,James Miller,23856,2442,9818
Ford,Mustang,49255,2020,John Carter,Mary Martinez,29994,728,-4169
Ford,F-150,21766,2022,Emily Davis,James Miller,47854,1167,4384
Ford,Explorer,105357,2023,John Carter,Elizabeth Rodriguez,18613,1490,7831
Ford,Explorer,34647,2018,John Carter,William Miller,48182,1594,8811
Ford,Mustang,44793,2016,Michael Brown,William Miller,33673,1022,7110
Ford,F-150,101567,2016,Michael Brown,William Miller,28597,1743,3153
Ford,Bronco,104042,2017,Michael Brown,John Jones,37003,1509,2664
Ford,Escape,38511,2020,Sarah Wilson,Robert Williams,45165,2730,7401
Ford,Bronco,57516,2022,Emily Davis,Linda Davis,22205,2259,4762
Ford,Edge,51594,2015,Emily Davis,Elizabeth Rodriguez,26519,2407,5153
Ford,Escape,101260,2019,Emily Davis,Mary Williams,29162,1087,7313
Ford,Explorer,43999,2023,Sarah Wilson,John Brown,18658,2372,5749
Ford,Edge,44246,2024,Sarah Wilson,Robert Brown,24623,1567,4059
Ford,F-150,57361,2015,Michael Brown,William Davis,33330,1246,5589
Ford,Explorer,54610,2022,Emily Davis,John Williams,17409,1959,9164
Ford,F-150,48174,2016,Michael Brown,John Rodriguez,18559,976,839
Ford,F-150,27895,2023,Michael Brown,William Martinez,30459,2553,7485
Ford,Bronco,75116,2015,John Carter,Patricia Smith,34384,1458,550
Ford,Explorer,21686,2022,Emily Davis,Elizabeth Williams,27671,1502,8817
Ford,Explorer,29415,2024,Emily Davis,Michael Smith,15793,1403,6350
Ford,F-150,93123,2016,John Carter,Elizabeth Jones,46913,2336,3683
Ford,Bronco,17176,2018,Emily Davis,Robert Smith,46944,2536,4185
Ford,Edge,96882,2019,John Carter,Elizabeth Davis,35463,1001,9681
Ford,F-150,55885,2017,John Carter,Elizabeth Martinez,33877,604,9072
Ford,Edge,117663,2024,Michael Brown,William Brown,16153,2365,-4037
Ford,Bronco,33502,2024,Michael Brown,Michael Johnson,22961,1613,3513
Ford,Mustang,39451,2021,Michael Brown,John Brown,19996,623,9733
Ford,Bronco,13495,2016,Michael Brown,Linda Martinez,20338,2395,7311
Ford,Escape,106743,2021,John Carter,Robert Jones,31427,2931,5419
Ford,Bronco,28464,2017,John Carter,Robert Martinez,48804,2446,7541
Ford,Escape,6248,2019,Sarah Wilson,John Johnson,24124,1421,2243
Ford,Edge,47694,2015,Sarah Wilson,William Johnson,33875,1500,5375
Ford,Edge,22621,2021,John Carter,Jennifer Smith,49002,847,4358
Ford,Escape,92869,2020,Michael Brown,Robert Rodriguez,18308,1989,8715
Ford,Escape,114367,2021,Emily Davis,Patricia Smith,33482,1268,6224
Ford,Explorer,77065,2019,Sarah Wilson,James Jones,25853,2496,4408
Ford,Edge,93525,2018,Michael Brown,Jennifer Johnson,30923,851,9948
Ford,Bronco,54218,2024,Michael Brown,Jennifer Johnson,39903,936,6373
Ford,F-150,83027,2019,Sarah Wilson,Robert Smith,40645,1364,9959
Ford,Mustang,53749,2023,Emily Davis,William Rodriguez,23815,656,335
Ford,F-150,102789,2016,Sarah Wilson,Robert Smith,39182,1768,5960
Ford,Edge,65551,2023,Sarah Wilson,Patricia Martinez,23686,561,4189
Ford,Bronco,39820,2020,John Carter,Robert Garcia,25985,633,7895
Ford,Mustang,28965,2024,Michael Brown,James Jones,30636,1748,3973
Ford,Edge,28402,2024,John Carter,Mary Rodriguez,37424,1774,4718
Ford,Bronco,52806,2020,John Carter,John Smith,15230,742,6210
Ford,Explorer,31457,2020,Emily Davis,Elizabeth Jones,16841,1770,5840
Ford,Explorer,87400,2022,Michael Brown,Patricia Williams,37929,2009,3494
Ford,Escape,58199,2019,Michael Brown,William Rodriguez,24636,2662,4181
Ford,F-150,43903,2017,Michael Brown,Michael Jones,48723,2631,7094
Ford,F-150,55304,2022,John Carter,Jennifer Smith,40674,621,5462
Ford,Bronco,40400,2017,Michael Brown,John Martinez,28960,2421,2292
Ford,Escape,42221,2024,John Carter,Michael Martinez,28565,2735,4852
Ford,Bronco,19889,2022,Michael Brown,Robert Johnson,17391,2114,5530
Ford,Escape,59477,2015,John Carter,Mary Garcia,49524,670,5507
Ford,Bronco,73506,2017,Michael Brown,Patricia Davis,37349,2821,5786
Ford,Bronco,51860,2024,Emily Davis,James Smith,37844,1915,5502
Ford,F-150,96968,2023,John Carter,Mary Martinez,31066,2217,7619
Ford,Edge,87541,2022,Emily Davis,Jennifer Miller,33531,1385,6743
Ford,Edge,61999,2018,Michael Brown,Linda Williams,37290,1185,8912
Ford,F-150,40142,2024,Michael Brown,John Smith,19602,968,4180
Ford,Edge,85606,2024,John Carter,William Davis,18406,1537,2749
Ford,Edge,18719,2020,Sarah Wilson,Linda Miller,15947,2130,165
Ford,Bronco,85508,2023,Michael Brown,Mary Jones,45102,2026,5037
Ford,Explorer,101592,2019,Emily Davis,John Jones,26793,1555,2236
Ford,Escape,58105,2022,John Carter,Patricia Williams,41177,2835,9389
Ford,Explorer,35914,2018,John Carter,Patricia Smith,49317,768,9994
Ford,Edge,108853,2016,Michael Brown,James Smith,44296,2540,4522
Ford,Bronco,54348,2021,Emily Davis,William Martinez,23009,2752,198
Ford,Escape,81003,2024,Emily Davis,Robert Miller,24147,1457,5102
Ford,Bronco,13365,2021,Michael Brown,Michael Rodriguez,43003,898,9462
Ford,Explorer,43167,2015,Michael Brown,Robert Rodriguez,22915,1051,7450
Ford,Bronco,70528,2018,Sarah Wilson,Elizabeth Davis,36989,623,4822
Ford,Escape,92810,2017,John Carter,Michael Davis,36741,2645,9277
Ford,Edge,89900,2016,Emily Davis,Mary Davis,40906,1389,7436
Ford,F-150,42142,2015,Emily Davis,Patricia Brown,22702,2582,8424
Ford,F-150,86401,2018,Sarah Wilson,Michael Jones,24868,2594,5934
Ford,Bronco,103678,2024,Emily Davis,James Rodriguez,25400,1221,6392
Ford,Bronco,7438,2016,Sarah Wilson,Michael Williams,27202,2111,7322
Ford,Escape,23426,2017,Sarah Wilson,Jennifer Miller,21370,1546,5801
Ford,Bronco,52139,2018,Michael Brown,Robert Rodriguez,18210,1734,8508
Ford,Escape,111815,2024,Michael Brown,Michael Garcia,46871,1711,8619
Ford,Bronco,90161,2021,Michael Brown,Michael Garcia,48568,2605,2391
Ford,Explorer,81380,2015,Sarah Wilson,Mary Rodriguez,35043,2126,9496
Ford,Bronco,48671,2016,Emily Davis,John Martinez,42662,929,9484
Ford,Escape,10601,2020,Sarah Wilson,Robert Martinez,42215,1843,2147
Ford,Mustang,95114,2021,Emily Davis,Robert Miller,22252,960,7893
Ford,F-150,23362,2019,John Carter,Linda Rodriguez,24359,1038,5459
Ford,Escape,94290,2021,Michael Brown,Elizabeth Martinez,40376,2466,4941
Ford,Bronco,90298,2024,Sarah Wilson,Patricia Brown,29439,1870,3757
Ford,F-150,5112,2015,John Carter,Michael Williams,30883,1749,9158
Ford,Bronco,108181,2023,Sarah Wilson,James Williams,27319,1802,5408
Ford,Mustang,78061,2016,Michael Brown,Elizabeth Davis,19562,2151,8536
Ford,Edge,35325,2016,John Carter,Robert Jones,38748,1444,4675
Ford,Edge,53561,2023,Emily Davis,Linda Johnson,23509,2377,9231
Ford,Mustang,31166,2023,Emily Davis,John Johnson,41812,2563,5405
Ford,Bronco,37819,2018,John Carter,John Johnson,25626,568,5110
Ford,Edge,35000,2024,Emily Davis,Jennifer Williams,36777,2039,5322
Ford,Edge,38841,2015,Emily Davis,William Smith,29942,816,2381
Ford,Edge,85241,2020,Sarah Wilson,Elizabeth Brown,15261,2653,468
Ford,Escape,113699,2023,John Carter,Jennifer Johnson,31369,1672,9295
Ford,Mustang,87952,2018,Emily Davis,James Martinez,37626,2214,9932
Ford,Mustang,38714,2022,Sarah Wilson,Linda Davis,31248,2234,9960
Ford,Edge,63475,2018,John Carter,William Garcia,24492,1003,3445
Ford,Edge,45578,2019,John Carter,Michael Garcia,17670,2916,4862
Ford,Escape,113527,2021,Sarah Wilson,William Rodriguez,26466,515,2007
Ford,Bronco,38049,2020,Emily Davis,Linda Garcia,18312,2271,9822
Ford,Bronco,36810,2019,John Carter,Mary Johnson,49104,1953,5241
Ford,F-150,8453,2017,Sarah Wilson,James Brown,45826,1592,8532
Ford,Mustang,100436,2024,Michael Brown,James Martinez,36736,1797,530
Ford,Mustang,52367,2023,Emily Davis,William Martinez,25491,1071,4243
Ford,Bronco,7826,2020,Michael Brown,Patricia Davis,44390,2171,2324
Ford,Explorer,114282,2019,Michael Brown,Elizabeth Smith,45644,823,124
Ford,F-150,66770,2017,Michael Brown,William Smith,27356,2536,6871
Ford,Edge,80758,2023,John Carter,John Smith,17983,752,5424
Ford,Edge,49421,2016,Michael Brown,William Jones,17620,1324,5919
Ford,Escape,119223,2020,Emily Davis,John Garcia,28483,720,5897
Ford,Escape,39673,2024,Michael Brown,William Johnson,49994,2862,2861
Ford,Explorer,82256,2020,Sarah Wilson,Linda Davis,47101,2837,4985
Ford,Edge,5073,2015,John Carter,Michael Brown,44753,763,7654
Ford,Bronco,88355,2016,Michael Brown,John Johnson,15422,1060,8229
Ford,Edge,15174,2015,John Carter,Linda Brown,42801,2478,8128
Ford,Mustang,13628,2023,John Carter,William Johnson,37548,814,759
Ford,Edge,26935,2020,John Carter,John Brown,28978,2082,4845
Ford,F-150,26670,2022,Michael Brown,James Jones,20557,1789,4589
Ford,Bronco,100541,2024,Sarah Wilson,James Rodriguez,39361,2873,7975
Ford,Mustang,92355,2017,Sarah Wilson,Elizabeth Martinez,36877,1190,9448
Ford,Bronco,81329,2020,Sarah Wilson,Mary Garcia,30304,579,4931
Ford,Mustang,34582,2023,Sarah Wilson,James Johnson,41127,1944,6456
Ford,Mustang,111501,2018,John Carter,John Smith,48732,2961,3908
Ford,Bronco,99144,2022,Emily Davis,Jennifer Davis,16211,1758,3414
Ford,Explorer,24018,2024,Sarah Wilson,Elizabeth Johnson,25188,563,3409
Ford,Explorer,11652,2024,Sarah Wilson,John Rodriguez,39808,569,8395
Ford,Mustang,28397,2020,Sarah Wilson,Linda Martinez,49617,1131,6949
Ford,Edge,81645,2023,Michael Brown,William Jones,40329,2823,6487
Ford,Escape,83307,2017,Sarah Wilson,John Martinez,45819,2845,6692
Ford,Mustang,103261,2015,Emily Davis,John Garcia,17847,2375,5989
Ford,Mustang,8697,2016,John Carter,Michael Martinez,23950,712,8746
Ford,Mustang,94116,2024,John Carter,William Rodriguez,21428,2637,5959
Ford,Escape,35922,2016,Emily Davis,Robert Williams,48699,2851,2204
Ford,Escape,109229,2019,John Carter,Elizabeth Williams,27877,1407,2302
Ford,F-150,6430,2018,Sarah Wilson,Robert Brown,20997,1150,-3031
Ford,Bronco,73044,2016,Emily Davis,Jennifer Johnson,22140,2399,614
Ford,Edge,25818,2022,John Carter,Patricia Brown,39243,1942,6886
Ford,Edge,48163,2018,Emily Davis,William Miller,16419,2060,7692
Ford,Explorer,41553,2019,John Carter,Jennifer Garcia,38347,1838,4714
Ford,F-150,102089,2017,Emily Davis,Patricia Rodriguez,26356,1282,2827
Ford,Bronco,75578,2020,John Carter,William Davis,21677,1301,2162
Ford,F-150,57238,2021,Michael Brown,Mary Rodriguez,26935,1044,602
Ford,Escape,100102,2019,Emily Davis,Patricia Johnson,46640,914,5421
Ford,Edge,73938,2019,Sarah Wilson,William Brown,32845,1737,7731
Ford,Mustang,42282,2024,Michael Brown,James Garcia,26542,2526,6691
Ford,Explorer,51946,2018,Emily Davis,John Jones,24317,1342,8537
Ford,Escape,35598,2017,Emily Davis,Mary Miller,27353,930,5939
Ford,Bronco,104406,2021,John Carter,James Miller,19495,2306,2809
Ford,Mustang,39624,2016,Sarah Wilson,Patricia Smith,20434,2160,4868
Ford,Edge,28867,2023,John Carter,William Jones,22746,2822,3784
Ford,Bronco,18220,2019,John Carter,William Smith,27348,2335,9575
Ford,Escape,118377,2022,Emily Davis,Michael Johnson,40707,814,4259
Ford,Explorer,65987,2020,Michael Brown,Michael Brown,20428,1685,8020
Ford,F-150,86000,2024,Michael Brown,Jennifer Miller,37634,894,4559
Ford,Mustang,72524,2019,John Carter,Linda Davis,31040,2838,7954
Ford,Bronco,113795,2022,John Carter,Jennifer Miller,45832,2221,2438
Ford,Mustang,81898,2017,John Carter,Robert Williams,41237,2859,7302
Ford,F-150,24094,2023,John Carter,John Jones,40290,1860,8419
Ford,Edge,84358,2016,Michael Brown,Michael Rodriguez,32394,2537,5785
Ford,Mustang,72278,2015,Sarah Wilson,Michael Davis,26543,1117,4750
Ford,Bronco,56761,2019,Emily Davis,Linda Jones,47554,1935,-1009
Ford,F-150,36552,2020,Emily Davis,Michael Garcia,32259,931,6355
Ford,Bronco,113481,2015,Michael Brown,John Williams,17770,2229,8218
Ford,Edge,54375,2020,Sarah Wilson,Linda Brown,37883,2746,5461
Ford,Explorer,30249,2023,Michael Brown,James Jones,49893,2132,2570
Ford,Escape,20885,2022,Emily Davis,Patricia Smith,41340,2096,3993
Ford,Explorer,31468,2022,Sarah Wilson,John Garcia,28370,2470,6621
Ford,Bronco,44031,2020,Michael Brown,Michael Rodriguez,47517,2738,2775
Ford,Bronco,113945,2022,Michael Brown,Michael Smith,43329,1018,9215
Ford,Edge,15043,2023,John Carter,Patricia Davis,28206,2773,5790
Ford,Escape,101733,2020,Michael Brown,Elizabeth Williams,32421,2450,4616
Ford,Explorer,68353,2020,Emily Davis,Elizabeth Davis,19060,1228,2017
Ford,Mustang,84591,2024,Michael Brown,John Garcia,21481,1444,3777
Ford,F-150,76316,2017,Emily Davis,William Rodriguez,39204,2586,9734
Ford,Edge,15605,2024,Michael Brown,Jennifer Martinez,39559,1234,5924
Ford,Edge,10159,2024,Michael Brown,Patricia Jones,41228,1912,9652
Ford,Escape,71509,2019,John Carter,Mary Johnson,43799,2672,3577
Ford,F-150,26532,2017,John Carter,Elizabeth Miller,31655,622,3590
Ford,Explorer,110041,2021,John Carter,James Johnson,16277,2937,3896
Ford,Edge,92491,2018,Emily Davis,William Williams,21859,698,9434
Ford,Bronco,12219,2018,Michael Brown,Jennifer Brown,15251,1223,2228
Ford,F-150,115601,2015,John Carter,Michael Davis,49166,2781,6003
Ford,Edge,96928,2019,Emily Davis,Robert Rodriguez,29253,2956,7685
Ford,Escape,39406,2018,John Carter,Mary Johnson,43711,1590,2008
Ford,F-150,107252,2018,Sarah Wilson,Michael Johnson,25729,2000,9475
Ford,F-150,104337,2016,Michael Brown,William Williams,34999,1092,4493
Ford,Explorer,18158,2016,John Carter,Mary Williams,15379,2886,7853
Ford,Edge,49759,2016,John Carter,John Miller,17856,976,6299
Ford,Explorer,50034,2018,Michael Brown,Michael Jones,23624,2772,4829
Ford,Edge,46272,2020,Sarah Wilson,Linda Williams,48970,2830,7751
Ford,Edge,36074,2024,Michael Brown,Linda Smith,39455,636,7143
Ford,Edge,86402,2017,John Carter,Robert Williams,22925,635,2224
Ford,Explorer,103510,2021,Sarah Wilson,Michael Martinez,46800,606,9803
Ford,Bronco,95528,2021,Sarah Wilson,James Martinez,38914,1839,9923
Ford,F-150,109781,2022,Sarah Wilson,Michael Garcia,49479,1884,3252
Ford,Mustang,9774,2017,John Carter,Jennifer Johnson,32956,2378,8906
Ford,Explorer,86514,2020,Sarah Wilson,James Jones,18081,2192,2979
Ford,Escape,106254,2023,Sarah Wilson,Patricia Williams,43313,505,152
Ford,F-150,13497,2018,Michael Brown,John Williams,45083,2384,8182
Ford,Escape,113731,2022,John Carter,Robert Smith,29798,2568,7772
Ford,Explorer,61325,2017,Emily Davis,William Brown,48922,1236,4944
Ford,Mustang,35232,2022,John Carter,Mary Rodriguez,17325,1029,5365
Ford,Escape,55820,2020,Michael Brown,James Rodriguez,30000,995,5122
Ford,Escape,87510,2015,John Carter,Michael Williams,39635,2573,8152
Ford,Explorer,36620,2024,Emily Davis,Mary Jones,38460,2826,8653
Ford,Explorer,51026,2024,Michael Brown,Linda Rodriguez,19864,1872,3351
Ford,Edge,49404,2016,Sarah Wilson,Linda Jones,23778,2862,3063
Ford,Edge,7201,2016,Michael Brown,Michael Martinez,26460,2261,9344
Ford,F-150,27827,2022,John Carter,Elizabeth Smith,23928,2456,3372
Ford,Mustang,53928,2017,Sarah Wilson,James Johnson,21768,2741,7682
Ford,Explorer,19487,2023,John Carter,Elizabeth Miller,32129,1151,8100
Ford,Bronco,64161,2019,John Carter,Michael Jones,23194,2887,831
Ford,Escape,28400,2021,Emily Davis,Michael Brown,33491,1453,2090
Ford,Explorer,31164,2020,John Carter,James Miller,46284,2896,5533
Ford,Bronco,75369,2024,John Carter,Mary Garcia,39168,731,6946
Ford,Edge,29422,2024,Sarah Wilson,Linda Smith,46022,1739,4557
Ford,Explorer,76980,2016,Emily Davis,William Johnson,19136,1230,2606
Ford,F-150,7570,2021,Sarah Wilson,Patricia Smith,20298,2288,8895
Ford,Edge,109068,2015,John Carter,Patricia Johnson,25936,2913,-1327
Ford,Edge,44544,2021,Sarah Wilson,Robert Davis,47769,1427,5647
Ford,Bronco,58308,2020,Sarah Wilson,John Smith,38460,2967,2557
Ford,F-150,12966,2016,Emily Davis,Michael Jones,32674,1842,7149
Ford,F-150,11826,2017,John Carter,James Williams,27721,1104,5878
Ford,Explorer,30083,2019,Sarah Wilson,William Jones,32447,504,4637
Ford,Edge,82957,2019,John Carter,Mary Garcia,36816,2640,343
Ford,Edge,7133,2016,Sarah Wilson,Robert Jones,36506,589,5335
Ford,Escape,97235,2016,Michael Brown,Patricia Smith,20517,2953,3575
Ford,Explorer,27632,2019,John Carter,Linda Rodriguez,40729,2456,6612
Ford,Explorer,27395,2023,Sarah Wilson,Patricia Davis,40626,2385,7812
Ford,Edge,11916,2018,John Carter,Robert Martinez,15104,2470,3633
Ford,Escape,23604,2023,Sarah Wilson,Robert Rodriguez,35926,1417,8684
Ford,Explorer,17363,2020,Michael Brown,Elizabeth Williams,25426,785,5364
Ford,Bronco,93352,2023,John Carter,Michael Jones,45621,881,3635
Ford,Explorer,100404,2020,Sarah Wilson,Linda Smith,48717,1492,6564
Ford,Mustang,116729,2020,Michael Brown,Jennifer Brown,23677,1692,6276
Ford,Escape,84590,2023,Sarah Wilson,John Martinez,45984,744,4575
Ford,Bronco,22612,2022,Sarah Wilson,John Williams,47807,1542,640
Ford,Edge,97671,2022,Michael Brown,Michael Davis,38429,1971,223
Ford,Explorer,60621,2023,John Carter,Jennifer Smith,40543,2498,8085
Ford,Escape,56785,2017,Michael Brown,Elizabeth Garcia,43444,2532,7811
Ford,Mustang,14645,2016,John Carter,William Smith,46115,2153,3128
Ford,Edge,20304,2016,Michael Brown,William Johnson,37402,1007,7047
Ford,F-150,47167,2019,Michael Brown,Robert Miller,33828,732,4371
Ford,Mustang,109732,2019,Sarah Wilson,Jennifer Brown,30274,1187,2107
Ford,Explorer,94580,2015,Sarah Wilson,Linda Brown,36487,2279,8592
Ford,Explorer,12794,2024,Michael Brown,Patricia Davis,18541,2689,6225
Ford,Edge,89909,2022,John Carter,James Brown,19269,1791,8143
Ford,Edge,37322,2018,John Carter,James Garcia,41511,2253,4983
Ford,Edge,36423,2016,Michael Brown,Linda Brown,33815,3000,212
Ford,Bronco,21248,2022,Michael Brown,Jennifer Garcia,17253,1299,4560
Ford,F-150,106704,2019,John Carter,Elizabeth Rodriguez,47486,2286,9567
Ford,Bronco,55274,2015,Emily Davis,James Davis,18884,2578,3050
Ford,Mustang,75063,2018,Michael Brown,Mary Miller,20650,705,8410
Ford,Explorer,108625,2024,Michael Brown,John Davis,45684,2970,3679
Ford,Mustang,91242,2016,Emily Davis,William Jones,25352,1959,3262
Ford,Escape,114901,2017,Sarah Wilson,Linda Martinez,37951,1820,5639
Ford,Edge,28686,2016,Sarah Wilson,Elizabeth Brown,28084,1124,9084
Ford,Explorer,65117,2017,Emily Davis,Robert Rodriguez,19346,2919,2354
Ford,Mustang,6182,2019,Michael Brown,William Brown,49541,1770,8565
Ford,Escape,88119,2020,John Carter,Jennifer Davis,22344,720,4386
Ford,Bronco,90323,2018,Sarah Wilson,James Miller,45732,1285,7534
Ford,Edge,23985,2021,John Carter,John Jones,36740,950,8026
Ford,Bronco,106594,2017,Michael Brown,Mary Jones,45108,2833,5735
Ford,Escape,113880,2019,Sarah Wilson,Linda Smith,48286,1725,3515
Ford,Mustang,51718,2015,Michael Brown,Michael Martinez,35769,2888,7053
Ford,Mustang,112356,2023,Emily Davis,Patricia Miller,23089,1871,8634
Ford,Escape,47656,2024,Michael Brown,Linda Davis,25840,2666,6287
Ford,Escape,75676,2016,Sarah Wilson,Michael Davis,27122,1702,3371
Ford,Escape,18738,2018,Sarah Wilson,Michael Johnson,18790,2007,8740
Ford,Edge,49270,2018,John Carter,Elizabeth Martinez,24890,944,2851
Ford,Mustang,13945,2021,Sarah Wilson,Michael Smith,23563,570,7637
Ford,Explorer,26807,2022,John Carter,James Miller,34976,1402,7173
Ford,Edge,56531,2015,John Carter,John Garcia,41985,2100,5156
Ford,Mustang,111374,2016,Sarah Wilson,Mary Brown,19429,2771,2820
Ford,Mustang,81556,2018,John Carter,James Davis,35362,1658,7035
Ford,Explorer,54229,2017,Sarah Wilson,Elizabeth Davis,41274,1230,8440
Ford,Edge,52390,2016,John Carter,Elizabeth Williams,31185,2682,3155
Ford,Explorer,40830,2017,John Carter,Linda Williams,48909,1136,5810
Ford,Bronco,14987,2018,Sarah Wilson,Robert Smith,44839,928,2867
Ford,Edge,98229,2024,Emily Davis,John Williams,29982,2517,7230
Ford,Bronco,53570,2016,Sarah Wilson,Linda Miller,34970,1631,9749
Ford,Mustang,14818,2022,Sarah Wilson,John Johnson,28931,874,4108
Ford,Escape,12369,2015,John Carter,Patricia Rodriguez,30400,2641,2720
Ford,Escape,99095,2018,John Carter,Elizabeth Smith,47281,831,6532
Ford,F-150,12647,2018,John Carter,Patricia Williams,40879,2818,6209
Ford,Edge,85821,2024,John Carter,Patricia Garcia,47947,1955,2628
Ford,Mustang,100753,2021,Michael Brown,Elizabeth Garcia,41219,2067,9741
Ford,Bronco,35086,2016,Sarah Wilson,Jennifer Jones,34228,1113,7531
Ford,Mustang,5792,2019,Sarah Wilson,John Johnson,39722,1273,8124
Ford,Bronco,6302,2017,Michael Brown,Linda Martinez,41741,1206,2598
Ford,Escape,95435,2016,Sarah Wilson,William Jones,30853,2607,6975
Ford,Bronco,52470,2021,Emily Davis,Patricia Jones,19020,1302,4169
Ford,Mustang,74367,2024,Sarah Wilson,Michael Johnson,33074,2128,9427
Ford,Explorer,112794,2015,Emily Davis,William Miller,35082,786,8055
Ford,Bronco,81234,2015,Sarah Wilson,Patricia Miller,47161,2840,7595
Ford,Escape,22346,2019,John Carter,Mary Davis,44960,2070,5470
Ford,Mustang,109073,2024,Sarah Wilson,James Martinez,30460,2996,6227
Ford,F-150,34214,2017,Sarah Wilson,Jennifer Brown,16461,2285,4133
Ford,Escape,37947,2020,Michael Brown,Michael Jones,42714,2412,5624
Ford,Mustang,20924,2015,Emily Davis,William Williams,44805,531,6465
Ford,Edge,11541,2022,Michael Brown,John Smith,40722,831,8641
Ford,Bronco,95923,2019,Emily Davis,William Garcia,23147,536,5540
Ford,Escape,64102,2016,Sarah Wilson,John Jones,16872,617,6934
Ford,Escape,51650,2021,Emily Davis,William Johnson,17222,2774,2504
Ford,Explorer,78040,2023,Emily Davis,Patricia Davis,33872,2195,6642
Ford,Mustang,60298,2015,John Carter,Robert Garcia,44685,2942,9767
Ford,Edge,28911,2023,Emily Davis,Michael Brown,40564,1939,7372
Ford,Bronco,23698,2023,Michael Brown,Patricia Rodriguez,39689,556,4078
Ford,Explorer,47671,2015,Emily Davis,Robert Williams,35503,1644,4065
Ford,Edge,41243,2019,Sarah Wilson,Robert Martinez,26927,1141,4372
Ford,Mustang,94008,2016,Michael Brown,James Jones,42474,2229,9993
Ford,F-150,93231,2018,Sarah Wilson,John Martinez,36220,2078,3766
Ford,Bronco,74393,2022,Michael Brown,William Miller,31914,878,3783
Ford,Bronco,71995,2022,John Carter,Patricia Smith,21828,2972,6236
Ford,Escape,118129,2022,John Carter,William Williams,19972,2421,9169
Ford,F-150,57221,2020,Sarah Wilson,John Brown,45912,2831,8686
Ford,F-150,70791,2024,Sarah Wilson,Linda Jones,34760,2626,5714
Ford,Mustang,26997,2023,Michael Brown,Linda Brown,32975,1801,9055
Ford,F-150,34583,2018,Emily Davis,John Brown,19625,2761,381
Ford,Mustang,44035,2020,Sarah Wilson,Patricia Smith,35561,1143,6709
Ford,Explorer,93416,2017,John Carter,James Rodriguez,23696,2510,7916
Ford,Edge,94266,2018,John Carter,Jennifer Rodriguez,17931,2432,3255
Ford,Edge,44657,2016,Sarah Wilson,Jennifer Davis,48891,599,4459
Ford,F-150,16148,2022,Sarah Wilson,Elizabeth Garcia,18627,829,6431
Ford,Escape,53649,2023,Sarah Wilson,William Rodriguez,33181,546,9652
Ford,Escape,43991,2019,Sarah Wilson,Mary Martinez,28130,1572,7103
Ford,Mustang,98417,2017,John Carter,Patricia Johnson,39734,2846,4411
Ford,Mustang,39249,2019,Michael Brown,John Smith,49240,643,2010
Ford,Escape,44045,2018,Sarah Wilson,Patricia Jones,20294,2187,4869
Ford,Edge,59035,2020,Sarah Wilson,Jennifer Johnson,26795,2001,4216
Ford,Mustang,113723,2019,John Carter,Elizabeth Brown,46907,544,9901
Ford,Explorer,16021,2024,Sarah Wilson,Robert Miller,32599,1132,4774
Ford,Mustang,111747,2021,Emily Davis,Mary Brown,23523,1577,5442
Ford,Edge,119248,2022,Emily Davis,John Miller,17388,2611,2731
Ford,F-150,106525,2020,Michael Brown,Michael Brown,45798,1128,6959
Ford,F-150,90587,2023,Emily Davis,Jennifer Garcia,31740,789,8623
Ford,Escape,117790,2017,John Carter,Michael Smith,45948,2211,6064
Ford,Edge,102012,2015,Emily Davis,Elizabeth Brown,35749,1333,7303
Ford,Mustang,77840,2015,Emily Davis,Linda Miller,20636,1046,3655
Ford,Mustang,105435,2017,Emily Davis,John Rodriguez,46605,2886,8067
Ford,F-150,109242,2019,Michael Brown,William Williams,17267,2138,9792
Ford,Edge,21300,2021,John Carter,Michael Brown,42703,816,4120
Ford,F-150,46963,2023,Michael Brown,William Smith,46447,2259,2000
Ford,Escape,12133,2021,Michael Brown,Mary Rodriguez,28210,891,7612
Ford,Escape,105228,2019,John Carter,James Brown,20743,1427,9149
Ford,F-150,41190,2023,Emily Davis,Robert Jones,21283,913,4949
Ford,Escape,22260,2019,John Carter,Michael Brown,17555,759,677
Ford,Escape,98873,2023,Emily Davis,Robert Davis,23672,2588,5907
Ford,Explorer,68483,2022,Michael Brown,Mary Williams,20215,2411,7729
Ford,Bronco,99624,2018,Michael Brown,Jennifer Jones,30402,700,7807
Ford,Escape,29250,2016,Sarah Wilson,Patricia Smith,25605,2318,163
Ford,Mustang,52370,2022,Michael Brown,Jennifer Rodriguez,44047,2538,2767
Ford,Mustang,74346,2016,Michael Brown,Mary Davis,27550,2413,-2060
Ford,Explorer,110922,2024,Emily Davis,James Davis,20641,1096,7974
Ford,Escape,38837,2021,John Carter,Robert Williams,33125,1080,2764
Ford,Edge,73871,2021,Emily Davis,Michael Miller,32149,2458,9072
Ford,F-150,41104,2021,Michael Brown,James Jones,47969,942,3496
Ford,Escape,22376,2022,Michael Brown,Michael Brown,30803,2494,7351
Ford,Explorer,35356,2015,Emily Davis,James Davis,34827,2269,6979
Ford,Bronco,96729,2021,Sarah Wilson,William Martinez,22881,1847,5606
Ford,Mustang,11727,2015,John Carter,Robert Miller,26405,2008,2665
Ford,Mustang,11651,2016,John Carter,James Williams,45802,2485,8051
Ford,Escape,15967,2017,Michael Brown,James Martinez,31423,2442,3158
Ford,F-150,73068,2019,John Carter,Patricia Rodriguez,15744,2908,2431
Ford,Mustang,40448,2017,John Carter,Robert Rodriguez,24794,2657,9546
Ford,Bronco,46074,2016,Michael Brown,Michael Martinez,32283,2075,9160
Ford,Bronco,75158,2015,Michael Brown,John Miller,33457,1469,7930
Ford,Escape,62379,2022,Michael Brown,Mary Garcia,31691,1387,9169
Ford,Edge,92875,2021,John Carter,Robert Rodriguez,37825,2537,6200
Ford,F-150,51999,2024,Sarah Wilson,James Davis,43833,632,4804
Ford,Explorer,98697,2020,Sarah Wilson,John Johnson,23617,1581,4172
Ford,Escape,102244,2021,Emily Davis,John Rodriguez,31468,1683,2593
Ford,F-150,119659,2021,Emily Davis,John Rodriguez,18090,1711,-4375
Ford,Explorer,37707,2017,Emily Davis,Linda Williams,18931,687,2673
Ford,Edge,33306,2015,John Carter,John Garcia,31147,2955,8529
Ford,Edge,115597,2015,John Carter,Michael Johnson,24406,1385,4673
Ford,Mustang,100595,2019,Emily Davis,Elizabeth Rodriguez,18353,1515,2595
Ford,Mustang,51851,2018,Emily Davis,Linda Smith,19974,984,6613
Ford,Edge,105412,2020,Emily Davis,Linda Garcia,38336,2526,4723
Ford,Explorer,60565,2022,John Carter,William Jones,48946,910,6823
Ford,Mustang,50098,2015,Michael Brown,Elizabeth Brown,38242,2220,3141
Ford,Explorer,20025,2023,Emily Davis,Linda Johnson,47856,2148,4935
Ford,Bronco,31042,2015,Michael Brown,Linda Garcia,19104,1135,3066
Ford,Edge,79504,2016,Emily Davis,James Smith,35929,1164,9971
Ford,Explorer,101929,2016,John Carter,William Williams,44266,2642,8261
Ford,Edge,38920,2017,Emily Davis,Linda Johnson,49486,747,9717
Ford,Edge,23613,2020,Emily Davis,Robert Martinez,16022,2306,8975
Ford,F-150,57825,2020,Sarah Wilson,Jennifer Williams,19145,2019,5540
Ford,Mustang,83924,2015,John Carter,William Johnson,38533,2818,5839
Ford,Mustang,70991,2015,Emily Davis,William Davis,33389,1237,8508
Ford,Explorer,40023,2022,Sarah Wilson,Mary Smith,29355,771,4802
Ford,Explorer,76699,2019,Emily Davis,Robert Brown,24374,2377,6989
Ford,Explorer,9962,2019,Emily Davis,Elizabeth Smith,15877,1531,326
Ford,Edge,93409,2018,Sarah Wilson,Patricia Smith,26083,1550,7014
Ford,Explorer,70945,2018,Emily Davis,James Davis,30299,734,2565
Ford,Bronco,29846,2024,Michael Brown,Robert Miller,22057,1529,9997
Ford,Mustang,104328,2015,Michael Brown,Patricia Brown,30042,709,9293
Ford,Escape,119480,2024,Michael Brown,Robert Davis,19539,949,891
Ford,Escape,95691,2024,Michael Brown,William Johnson,46719,1137,8373
Ford,Explorer,7693,2019,Michael Brown,Mary Smith,16744,2632,3300
Ford,Bronco,38712,2017,John Carter,Jennifer Miller,37927,1102,7491
Ford,Edge,7414,2015,Michael Brown,James Smith,16445,2948,8826
Ford,F-150,67572,2022,Michael Brown,Mary Rodriguez,35027,2822,4394
Ford,F-150,101989,2023,Sarah Wilson,Robert Johnson,42146,596,4734
Ford,Escape,77941,2022,Michael Brown,William Miller,25147,2101,7088
Ford,Escape,112820,2023,Michael Brown,John Smith,27794,2638,9246
Ford,F-150,77237,2015,Emily Davis,Robert Jones,41149,953,5215
Ford,Edge,44130,2020,John Carter,Patricia Rodriguez,21128,1652,3462
Ford,Escape,45611,2019,Sarah Wilson,Patricia Rodriguez,42516,2135,7788
Ford,Mustang,114157,2016,John Carter,Patricia Rodriguez,19711,1727,4744
Ford,Bronco,33330,2022,Michael Brown,Mary Jones,33666,2165,2010
Ford,Explorer,36328,2020,John Carter,William Williams,37126,1138,4694
Ford,Bronco,74923,2018,John Carter,Mary Williams,16871,786,8086
Ford,Escape,49199,2016,John Carter,Elizabeth Johnson,42005,903,7358
Ford,F-150,48917,2018,Michael Brown,Elizabeth Smith,20154,1044,870
Ford,Mustang,27150,2016,Sarah Wilson,John Miller,41294,1002,8164
Ford,Mustang,51934,2017,John Carter,John Williams,39181,2933,7570
Ford,Explorer,29593,2024,John Carter,Mary Smith,18636,2107,5224
Ford,Bronco,58880,2017,Emily Davis,Linda Williams,43939,2977,7666
Ford,Bronco,47037,2019,Sarah Wilson,Mary Johnson,49893,708,3424
Ford,Escape,95204,2019,John Carter,Patricia Brown,45101,2437,6372
Ford,Explorer,91133,2019,John Carter,Michael Johnson,36215,2084,8153
Ford,Mustang,83512,2016,Michael Brown,James Jones,47771,690,6909
Ford,Bronco,61380,2020,Michael Brown,William Smith,49818,907,6754
Ford,Bronco,40474,2024,Sarah Wilson,Mary Jones,43865,626,2310
Ford,F-150,96556,2017,John Carter,William Miller,39332,1336,5297
Ford,Escape,64706,2024,Sarah Wilson,William Jones,32168,2459,4278
Ford,Edge,117794,2015,Emily Davis,John Jones,35058,890,4077
Ford,Bronco,48692,2019,Michael Brown,Michael Johnson,31991,2530,8833
Ford,Escape,80636,2024,Emily Davis,John Smith,32364,1491,5648
Ford,F-150,48374,2019,Michael Brown,Mary Jones,15446,2013,6534
Ford,F-150,30559,2015,John Carter,Elizabeth Martinez,33610,1748,9862
Ford,F-150,92764,2021,Sarah Wilson,James Brown,19294,1330,9440
Ford,Bronco,70581,2018,Sarah Wilson,Linda Smith,43271,2800,5111
Ford,Mustang,74274,2019,John Carter,John Jones,21875,1828,8098
Ford,Explorer,40340,2024,John Carter,William Johnson,29921,1807,5837
Ford,Bronco,112431,2018,Michael Brown,Robert Miller,27533,1035,5110
Ford,Escape,75798,2018,John Carter,Jennifer Davis,40860,2753,7503
Ford,Bronco,82340,2016,Emily Davis,Robert Smith,15372,1876,3026
Ford,Bronco,23753,2017,Sarah Wilson,Jennifer Davis,16115,2256,2941
Ford,Escape,65757,2016,John Carter,Elizabeth Davis,24371,1096,2000
Ford,Bronco,94265,2017,Michael Brown,Mary Rodriguez,26019,2777,9594
Ford,Escape,39660,2023,Michael Brown,William Johnson,35274,1082,4038
Ford,Explorer,32998,2018,John Carter,Linda Smith,19709,990,8582
Ford,Edge,50483,2019,Emily Davis,Mary Davis,23338,2741,3755
Ford,Edge,84232,2016,Michael Brown,Patricia Miller,22283,550,8536
Ford,Bronco,29309,2015,Michael Brown,Linda Williams,15146,2071,5811
Ford,Edge,73396,2022,Sarah Wilson,Jennifer Martinez,48667,2001,3379
Ford,Bronco,45382,2022,John Carter,Michael Smith,34543,2712,6881
Ford,Explorer,110210,2015,Michael Brown,Mary Miller,20979,1634,4228
Ford,Edge,65450,2015,John Carter,Michael Martinez,41192,2152,5476
Ford,Explorer,61375,2022,Emily Davis,Mary Miller,30857,770,6780
Ford,Edge,76413,2024,Michael Brown,James Miller,18997,2345,7766
Ford,Escape,70078,2019,Emily Davis,Elizabeth Johnson,31344,1961,4343
Ford,Edge,110009,2020,Michael Brown,John Garcia,40994,913,2024
Ford,Mustang,82454,2024,Michael Brown,Patricia Brown,38229,569,3362
Ford,Mustang,50668,2023,Michael Brown,Linda Davis,27261,885,7676
Ford,Edge,27177,2017,Michael Brown,James Miller,15346,2364,8425
Ford,Bronco,49522,2020,Emily Davis,Patricia Davis,29149,919,4800
Ford,F-150,63562,2017,John Carter,Michael Martinez,34164,636,8413
Ford,Mustang,105633,2021,John Carter,William Brown,23188,2476,6414
Ford,Explorer,86920,2020,Emily Davis,James Garcia,44023,2384,3459
Ford,Edge,45821,2020,Michael Brown,Jennifer Williams,41010,725,5820
Ford,Explorer,58190,2018,Michael Brown,Patricia Rodriguez,40751,1381,9140
Ford,Explorer,8575,2019,John Carter,Mary Jones,19696,2516,6343
Ford,Bronco,92227,2022,John Carter,William Miller,22709,542,9507
Ford,Escape,30800,2017,John Carter,Jennifer Williams,42555,1577,4470
Ford,Escape,81904,2022,Sarah Wilson,James Brown,22308,2609,9431
Ford,Escape,31357,2021,John Carter,William Brown,33701,2763,4491
Ford,Explorer,57170,2021,Sarah Wilson,William Brown,31649,2208,2981
Ford,Explorer,85996,2021,Emily Davis,Linda Rodriguez,48345,747,8404
Ford,Mustang,85416,2018,Sarah Wilson,Michael Williams,36138,2809,5064
Ford,Escape,11386,2022,John Carter,Robert Martinez,21489,2224,4170
Ford,F-150,80240,2016,John Carter,Linda Davis,16330,2687,4748
Ford,Edge,97378,2024,John Carter,James Jones,46775,1688,2911
Ford,F-150,56570,2022,John Carter,Mary Miller,48367,1134,9964
Ford,Bronco,25583,2015,John Carter,Mary Miller,30008,2072,9219
Ford,Escape,9242,2015,Michael Brown,Linda Rodriguez,39622,1989,9993
Ford,Explorer,105626,2022,Michael Brown,James Rodriguez,20748,1738,3612
Ford,Bronco,44694,2020,Sarah Wilson,John Jones,16089,1313,2327
Ford,Escape,59980,2016,Michael Brown,Robert Miller,26310,2104,6959
Ford,Edge,32979,2018,Emily Davis,James Garcia,24893,1027,9463
Ford,Escape,19651,2023,John Carter,Elizabeth Johnson,18881,2852,9098
Ford,Explorer,23317,2021,Emily Davis,Linda Miller,27424,1436,9778
Ford,Mustang,13709,2023,Sarah Wilson,Elizabeth Smith,27809,1976,5356
Ford,Explorer,73062,2020,Sarah Wilson,William Garcia,42494,2300,-3315
Ford,Edge,59203,2022,Michael Brown,Elizabeth Jones,48474,1624,9342
Ford,Mustang,66628,2023,John Carter,Robert Garcia,44252,1410,7172
Ford,Mustang,19462,2023,John Carter,Mary Johnson,30376,2727,2362
Ford,F-150,47132,2016,Sarah Wilson,James Smith,30765,1228,4218
Ford,F-150,15429,2021,Sarah Wilson,Jennifer Johnson,27049,1158,5726
Ford,Escape,28705,2016,John Carter,Jennifer Johnson,37310,1546,3057
Ford,Escape,56724,2015,John Carter,Michael Davis,18314,1253,3469
Ford,Mustang,73740,2023,Sarah Wilson,Mary Williams,44439,1247,4479
Ford,Edge,37431,2016,Emily Davis,Michael Davis,17892,1184,8140
Ford,Explorer,8168,2024,Michael Brown,Linda Johnson,29174,1835,-585
Ford,Edge,52813,2018,Michael Brown,Michael Brown,23609,2852,166
Ford,Edge,21320,2016,Michael Brown,Patricia Garcia,46834,2534,6723
Ford,Bronco,103730,2024,John Carter,Mary Garcia,26073,1748,127
Ford,Bronco,105312,2016,Michael Brown,William Garcia,29086,683,9392
Ford,F-150,21963,2023,John Carter,William Garcia,28538,1568,9895
Ford,Explorer,31577,2021,Michael Brown,William Rodriguez,30219,901,6826
Ford,F-150,49030,2021,John Carter,John Johnson,17232,2327,7159
Ford,Escape,108146,2015,Sarah Wilson,William Williams,39525,1110,8662
Ford,Mustang,13477,2015,Michael Brown,William Johnson,45758,2272,6159
Ford,Escape,80968,2024,John Carter,Jennifer Rodriguez,40095,909,9003
Ford,Explorer,61038,2020,Emily Davis,William Rodriguez,43301,1595,-2563
Ford,F-150,119587,2023,Emily Davis,James Rodriguez,34160,2309,3501
Ford,Edge,111194,2016,Sarah Wilson,Michael Davis,31281,1211,4091
Ford,Explorer,64874,2023,Sarah Wilson,James Miller,35259,1682,2423
Ford,Bronco,33356,2018,Michael Brown,Mary Davis,22174,2147,5478
Ford,Explorer,100547,2023,Emily Davis,Robert Johnson,26109,720,9266
Ford,Bronco,91594,2020,Emily Davis,Robert Martinez,37901,670,2850
Ford,Explorer,32152,2016,Emily Davis,Jennifer Jones,23883,1131,8677
Ford,Explorer,30648,2016,Michael Brown,John Smith,26299,801,7064
Ford,Edge,115224,2021,John Carter,Mary Rodriguez,32163,588,6924
Ford,Edge,106042,2015,Michael Brown,James Miller,20702,1559,6903
Ford,Escape,49181,2016,Sarah Wilson,John Garcia,34116,2052,7169
Ford,Explorer,51014,2015,Michael Brown,Mary Rodriguez,32791,1464,-1181
Ford,Escape,34139,2017,Michael Brown,Mary Jones,18256,2520,5394
Ford,Escape,75240,2018,Sarah Wilson,Jennifer Davis,23279,1888,2936
Ford,Mustang,78373,2022,John Carter,Robert Martinez,35856,2701,5142
Ford,Mustang,112825,2019,Emily Davis,Linda Jones,30166,1265,4373
Ford,Bronco,65746,2024,Michael Brown,John Martinez,22608,2901,9338
Ford,Edge,27430,2018,Michael Brown,William Williams,30034,2730,6468
Ford,Escape,31372,2022,John Carter,Mary Rodriguez,48915,2405,2840
Ford,Bronco,18481,2018,Emily Davis,Robert Garcia,38327,1625,3033
Ford,Explorer,100757,2021,Sarah Wilson,Patricia Smith,48425,1031,6822
Ford,Bronco,31195,2017,Michael Brown,Jennifer Rodriguez,35500,2693,7069
Ford,Edge,25839,2019,Sarah Wilson,Michael Rodriguez,15215,1203,4466
Ford,Bronco,40064,2020,Sarah Wilson,Linda Garcia,41955,2842,5214
Ford,Escape,64332,2019,John Carter,Linda Johnson,45346,889,4006
Ford,F-150,20060,2020,Emily Davis,William Davis,26387,2127,3053
Ford,Explorer,118323,2019,Emily Davis,Michael Johnson,25773,1839,8108
Ford,Mustang,63274,2019,Emily Davis,Michael Brown,36243,1296,6828
Ford,Edge,15628,2021,Emily Davis,Mary Johnson,16139,2365,9805
Ford,Mustang,16205,2018,Emily Davis,William Williams,35697,2549,3069
Ford,Mustang,79612,2015,John Carter,Mary Johnson,39244,1145,7672
Ford,Mustang,33286,2017,John Carter,James Jones,16163,2547,2229
Ford,Mustang,38005,2021,Sarah Wilson,Patricia Jones,27818,2241,4224
Ford,Mustang,24803,2022,Emily Davis,William Brown,35395,2638,8759
Ford,F-150,110504,2023,John Carter,Elizabeth Smith,24686,1149,8289
Ford,F-150,115058,2022,Sarah Wilson,Michael Williams,21869,1756,4642
Ford,Escape,98066,2016,John Carter,William Jones,35657,766,7066
Ford,Bronco,111499,2019,Michael Brown,William Brown,38759,2901,4738
Ford,Mustang,112739,2021,John Carter,Mary Brown,49324,2142,3436
Ford,Bronco,109782,2015,Michael Brown,Mary Jones,37342,2541,6599
Ford,Mustang,45372,2023,Emily Davis,Elizabeth Williams,19013,2993,9097
Ford,Escape,31067,2015,Emily Davis,Linda Garcia,28658,2185,9521
Ford,Explorer,50461,2023,Emily Davis,John Jones,17849,2374,4108
Ford,Explorer,98334,2019,Michael Brown,John Williams,37981,2852,9390
Ford,Explorer,39018,2020,Sarah Wilson,Linda Smith,27211,863,8966
Ford,Bronco,70074,2016,Sarah Wilson,Robert Davis,32497,2981,3213
Ford,Edge,75582,2015,John Carter,Michael Smith,33538,2918,6675
Ford,F-150,104656,2018,Emily Davis,Mary Garcia,45423,2601,6963
Ford,Explorer,111694,2017,Sarah Wilson,Elizabeth Smith,45649,2994,7830
Ford,Edge,105674,2018,Emily Davis,Elizabeth Miller,37332,1364,4624
Ford,Explorer,14906,2021,Sarah Wilson,Michael Martinez,27768,1483,7829
Ford,Bronco,90572,2018,Michael Brown,Michael Brown,40817,725,4235
Ford,Mustang,57637,2016,Sarah Wilson,Patricia Rodriguez,32030,836,2701
Ford,Mustang,92375,2022,Sarah Wilson,Robert Williams,25411,896,6700
Ford,Explorer,20514,2017,Michael Brown,John Johnson,38643,2229,6863
Ford,Bronco,49797,2022,John Carter,Michael Williams,34096,1073,7598
Ford,Edge,21043,2015,Sarah Wilson,Elizabeth Brown,27166,1635,777
Ford,Escape,88804,2021,John Carter,Mary Jones,35974,1695,3008
Ford,Explorer,12926,2020,Emily Davis,Mary Williams,35012,971,9081
Ford,F-150,114130,2021,Michael Brown,Patricia Martinez,49755,1086,8372
Ford,Explorer,110643,2022,Sarah Wilson,James Williams,24897,1356,8246
Ford,Mustang,63056,2024,John Carter,Patricia Williams,42583,2444,9053
Ford,Edge,108636,2015,John Carter,Jennifer Brown,36792,1298,5474
Ford,F-150,33927,2024,Sarah Wilson,Robert Jones,33574,527,6451
Ford,Bronco,54634,2016,Michael Brown,Elizabeth Miller,33866,1247,4962
Ford,Edge,109145,2018,John Carter,Elizabeth Johnson,47793,531,3637
Ford,Bronco,34314,2021,Sarah Wilson,Patricia Garcia,20964,930,6509
Ford,Bronco,37219,2015,Sarah Wilson,James Garcia,20321,912,2277
Ford,Mustang,62508,2017,Sarah Wilson,John Smith,32325,1752,7608
Ford,Edge,93279,2024,Emily Davis,Michael Davis,41579,627,3933
Ford,Edge,115857,2019,Sarah Wilson,James Martinez,49524,2670,7983
Ford,Bronco,9159,2021,Michael Brown,Mary Rodriguez,34935,1918,2606
Ford,Edge,68182,2016,Sarah Wilson,Elizabeth Miller,36165,2344,3032
Ford,Mustang,108144,2018,Emily Davis,Michael Davis,25095,2650,3782
Ford,Mustang,38376,2020,Michael Brown,Patricia Brown,36385,1774,4778
Ford,Edge,118154,2016,John Carter,Linda Jones,16420,1367,4044
Ford,Explorer,118103,2015,Emily Davis,Jennifer Davis,15875,2538,4862
Ford,Edge,42688,2024,Emily Davis,Linda Garcia,17961,1486,8432
Ford,Mustang,55568,2016,Michael Brown,Michael Smith,27354,808,4624
Ford,Mustang,32611,2022,John Carter,Elizabeth Williams,19234,599,8721
Ford,Edge,52721,2022,John Carter,John Brown,15999,1950,9939
Ford,Edge,43913,2021,Michael Brown,John Garcia,48316,2140,2329
Ford,Explorer,119512,2022,Emily Davis,Jennifer Brown,39485,775,3224
Ford,Explorer,111157,2019,Emily Davis,Robert Brown,37645,1058,242
Ford,Edge,55531,2024,Emily Davis,Robert Jones,29099,1438,9273
Ford,Escape,64623,2019,Sarah Wilson,Patricia Miller,15758,1866,8595
Ford,Bronco,27619,2018,John Carter,John Johnson,48324,1362,6660
Ford,Mustang,42788,2022,Emily Davis,Jennifer Brown,31869,927,6766
Ford,Explorer,33983,2020,John Carter,Elizabeth Miller,31840,1090,7587
Ford,F-150,106910,2020,John Carter,Linda Davis,33875,1987,3519
Ford,Bronco,38897,2016,John Carter,Robert Smith,35828,1439,9948
Ford,F-150,103005,2020,Emily Davis,John Smith,32646,1768,8831
Ford,Mustang,18999,2019,Emily Davis,Patricia Martinez,37631,2958,5845
Ford,Escape,7773,2023,John Carter,Elizabeth Miller,16854,1816,6644
Ford,Edge,86818,2017,Emily Davis,Elizabeth Jones,45351,502,7296
Ford,Mustang,89498,2015,Sarah Wilson,Mary Garcia,39580,2955,2232
Ford,Bronco,71797,2016,John Carter,Elizabeth Garcia,28191,1612,6238
Ford,Mustang,90063,2023,John Carter,William Davis,38927,2250,9499
Ford,Mustang,13591,2015,John Carter,Elizabeth Jones,15367,2972,7557
Ford,Edge,19231,2018,John Carter,John Miller,27957,2935,7222
Ford,Edge,58938,2015,Emily Davis,Elizabeth Williams,39785,609,2057
Ford,Bronco,83214,2021,Sarah Wilson,Elizabeth Davis,18059,2333,6288
Ford,Explorer,33882,2023,Sarah Wilson,William Garcia,24141,2767,922
Ford,Escape,55716,2015,Sarah Wilson,Robert Miller,28842,1281,8252
Ford,Bronco,21668,2022,John Carter,Jennifer Brown,45944,785,4697
Ford,Explorer,81462,2016,Sarah Wilson,Mary Williams,25131,2387,9537
Ford,Explorer,92910,2018,Sarah Wilson,John Martinez,46958,2890,4902
Ford,Edge,58504,2020,Michael Brown,Michael Brown,19631,1173,2236
Ford,Edge,32084,2019,Emily Davis,Mary Garcia,34095,883,8890
Ford,Explorer,41761,2016,Michael Brown,Mary Miller,25751,1894,4615
Ford,Mustang,90711,2022,Michael Brown,Elizabeth Davis,42157,1731,470
Ford,F-150,65221,2022,John Carter,John Miller,43421,1232,3810
Ford,Mustang,40280,2016,Michael Brown,Mary Smith,40194,846,6343
Ford,F-150,65562,2024,Sarah Wilson,Jennifer Miller,24406,2337,6561
Ford,F-150,116353,2022,John Carter,Linda Martinez,33950,1495,8446
Ford,Mustang,95010,2024,Emily Davis,James Smith,30526,2946,6585
Ford,Escape,39757,2024,Sarah Wilson,Robert Miller,35207,2469,717
Ford,Explorer,50544,2017,Emily Davis,John Williams,21532,773,8705
Ford,Mustang,30318,2017,Emily Davis,James Garcia,48090,1859,8682
Ford,Mustang,18037,2016,John Carter,Patricia Garcia,49354,1435,7977
Ford,F-150,45137,2023,Emily Davis,Elizabeth Rodriguez,21578,1457,7831
Ford,Mustang,77566,2021,Michael Brown,Linda Johnson,46546,2316,4561
Ford,Explorer,7279,2015,Michael Brown,Jennifer Rodriguez,26303,2205,6091
Ford,Explorer,60474,2020,John Carter,James Jones,42202,1511,4649
Ford,Explorer,102889,2019,John Carter,Elizabeth Johnson,16521,635,3583
Ford,Mustang,91135,2019,Michael Brown,Robert Miller,29922,1247,8185
Ford,Bronco,100180,2020,John Carter,Linda Williams,34003,1880,5696
Ford,Edge,64362,2020,Sarah Wilson,Patricia Davis,45220,2139,240
Ford,Explorer,92040,2024,Emily Davis,William Johnson,27353,1920,7115
Ford,Mustang,75846,2016,John Carter,Linda Johnson,31346,2629,6978
Ford,Edge,76727,2016,Emily Davis,Patricia Rodriguez,37357,1884,5923
Ford,F-150,98488,2023,Emily Davis,Patricia Brown,24271,2089,4441
Ford,Escape,54834,2022,Sarah Wilson,Elizabeth Davis,18551,1094,2844
Ford,Bronco,117918,2018,Emily Davis,Patricia Brown,42703,2914,8328
Ford,Escape,75388,2023,Emily Davis,Elizabeth Miller,45089,849,4950
Ford,Mustang,96373,2018,John Carter,Patricia Williams,34372,2943,4835
Ford,F-150,57678,2018,Emily Davis,William Jones,29082,2132,6437
Ford,Edge,28719,2015,Sarah Wilson,James Rodriguez,25168,1389,7509
Ford,Escape,78805,2020,Sarah Wilson,Jennifer Brown,27974,513,8776
Ford,Bronco,65059,2023,Emily Davis,Mary Jones,22619,1948,9546
Ford,Escape,61121,2020,John Carter,Jennifer Rodriguez,16708,1321,9877
Ford,Mustang,83265,2024,John Carter,Elizabeth Brown,39218,2213,9368
Ford,Bronco,71796,2019,Sarah Wilson,Michael Martinez,28669,1247,2496
Ford,Mustang,45615,2015,John Carter,William Smith,39181,2526,8250
Ford,F-150,112284,2018,Emily Davis,Linda Johnson,27379,1208,8938
Ford,Explorer,113512,2022,Michael Brown,William Smith,18009,1995,5376
Ford,F-150,85620,2024,Sarah Wilson,Jennifer Brown,34592,2050,8414
Ford,Mustang,71338,2019,John Carter,Patricia Brown,25950,2426,2005
Ford,Escape,43754,2018,John Carter,Jennifer Garcia,39042,1335,6110
Ford,Escape,5767,2022,Emily Davis,James Garcia,49688,2576,8679
Ford,F-150,111138,2015,Michael Brown,James Miller,43000,1176,5015
Ford,Escape,44206,2021,John Carter,Mary Smith,16945,857,5832
Ford,Mustang,43243,2024,Michael Brown,Linda Martinez,42931,2304,2451
Ford,Bronco,32694,2023,John Carter,Jennifer Martinez,18656,637,-2148
Ford,Escape,57106,2022,Sarah Wilson,Jennifer Martinez,19802,2516,5220
Ford,Explorer,99395,2017,John Carter,Jennifer Rodriguez,31731,1587,4383
Ford,Explorer,98167,2023,Emily Davis,Michael Rodriguez,27290,613,4036
Ford,Explorer,102407,2015,Emily Davis,Michael Davis,17295,1916,5592
Ford,Mustang,95920,2022,John Carter,Michael Williams,24698,859,5839
Ford,F-150,109203,2024,Sarah Wilson,John Garcia,38356,2437,4165
Ford,Edge,39339,2019,Sarah Wilson,William Jones,20797,1491,4058
Ford,F-150,26441,2021,Sarah Wilson,Linda Rodriguez,44003,1449,7726
Ford,Bronco,78688,2020,Emily Davis,Jennifer Rodriguez,33035,500,8772
Ford,Edge,111961,2019,Michael Brown,Linda Williams,25798,1608,580
Ford,Escape,72705,2019,Sarah Wilson,Jennifer Miller,37703,909,2956
Ford,Mustang,79597,2024,John Carter,William Brown,20292,2303,9111
Ford,Bronco,23149,2022,John Carter,Mary Miller,44775,721,719
Ford,Bronco,19575,2024,Emily Davis,Robert Miller,22028,2849,2133
Ford,Explorer,60815,2020,John Carter,Elizabeth Garcia,33456,2368,9976
Ford,Escape,52410,2017,John Carter,Linda Garcia,26712,2321,3195
Ford,Edge,89669,2020,Sarah Wilson,William Rodriguez,22706,2819,9352
Ford,Edge,19527,2023,Michael Brown,James Miller,24340,565,9855
Ford,Escape,88615,2020,Emily Davis,Jennifer Jones,29924,2547,4266
Ford,Escape,62395,2016,Sarah Wilson,Mary Davis,18376,1281,5018
Ford,Mustang,119958,2020,John Carter,John Garcia,40905,2977,6624
Ford,Edge,90478,2015,John Carter,Michael Martinez,45525,1331,9446
Ford,Bronco,95733,2022,John Carter,John Williams,27678,1148,8943
Ford,Edge,74724,2016,Emily Davis,Michael Garcia,21264,932,9993
Ford,Escape,75195,2016,Michael Brown,John Miller,29660,2349,9192
Ford,Escape,65673,2023,Michael Brown,John Rodriguez,19861,2359,8768
Ford,Bronco,69305,2018,Sarah Wilson,John Jones,35115,1108,6325
Ford,Escape,21436,2022,Sarah Wilson,Mary Miller,29682,1597,3988
Ford,F-150,43083,2016,John Carter,Jennifer Williams,16533,2568,9069
Ford,F-150,43978,2020,Emily Davis,Linda Johnson,34034,1669,5963
Ford,Explorer,105830,2015,Michael Brown,John Smith,29471,605,8843
Ford,Bronco,44146,2019,John Carter,John Garcia,34226,813,8263
Ford,Bronco,112602,2021,Sarah Wilson,Jennifer Garcia,22967,2993,9065
Ford,Mustang,52422,2024,John Carter,John Johnson,24538,1275,4960
Ford,Edge,69287,2022,Emily Davis,John Martinez,18927,748,7420
Ford,Explorer,18820,2016,Michael Brown,Robert Davis,21246,2762,7522
Ford,Edge,65149,2020,Emily Davis,James Miller,29291,757,2872
Ford,Escape,96449,2023,Sarah Wilson,Mary Miller,21241,1975,5464
Ford,Explorer,42929,2015,Michael Brown,Michael Davis,22584,1127,9459
Ford,F-150,51147,2018,John Carter,Linda Williams,16964,899,4849
Ford,Mustang,96267,2016,John Carter,John Rodriguez,45631,800,2352
Ford,Explorer,68620,2023,Sarah Wilson,John Davis,46272,1927,939
Ford,Explorer,42012,2015,Emily Davis,Linda Smith,49613,1571,5284
Ford,F-150,7147,2021,Sarah Wilson,Robert Garcia,34992,2232,2387
Ford,Mustang,111307,2019,John Carter,Jennifer Davis,43269,2967,7025
Ford,Edge,57272,2017,Emily Davis,James Davis,17826,1115,4597
Ford,Escape,114179,2022,John Carter,Robert Brown,22232,2106,5524
Ford,Escape,74450,2022,Emily Davis,Mary Brown,47570,1069,6046
Ford,Edge,105563,2021,Michael Brown,John Martinez,17694,1481,2080
Ford,Bronco,6506,2021,Emily Davis,Jennifer Brown,28455,2410,4780
Ford,Escape,53146,2017,Sarah Wilson,Jennifer Miller,36236,2437,2190
Ford,Edge,76695,2020,Sarah Wilson,John Brown,46159,933,8874
Ford,Explorer,48566,2016,John Carter,John Davis,49434,2169,8935
Ford,Bronco,29957,2019,John Carter,John Johnson,43927,667,7444
Ford,Edge,90046,2022,Emily Davis,Michael Martinez,32379,2260,4609
Ford,Mustang,24893,2023,Emily Davis,Mary Smith,48906,629,2356
Ford,F-150,20454,2022,John Carter,William Williams,45032,2090,8823
Ford,Escape,28696,2023,Emily Davis,John Miller,16205,2400,8612
Ford,Mustang,37408,2018,Emily Davis,Elizabeth Martinez,27947,2797,4044
Ford,Mustang,56425,2021,Michael Brown,Jennifer Johnson,44156,986,6564
Ford,Bronco,103490,2019,Michael Brown,Elizabeth Johnson,46459,1367,4458
Ford,Mustang,33001,2019,Sarah Wilson,John Smith,44824,640,2613
Ford,Explorer,40334,2017,Sarah Wilson,Jennifer Johnson,29590,920,5619
Ford,Escape,40173,2016,Sarah Wilson,James Miller,35257,1556,3241
Ford,Explorer,69339,2019,Michael Brown,Michael Davis,20657,1479,2338
Ford,Edge,29916,2021,Michael Brown,Elizabeth Davis,38385,1942,905
Ford,Escape,52906,2016,John Carter,James Rodriguez,47311,2715,8082
Ford,Explorer,80692,2015,Michael Brown,Michael Johnson,24678,568,8462
Ford,Edge,117153,2024,John Carter,Jennifer Martinez,21708,1863,9815
Ford,Mustang,44759,2018,Emily Davis,Robert Rodriguez,22845,2822,2737
Ford,Bronco,54441,2020,John Carter,John Williams,42002,2698,-1669
Ford,Mustang,91204,2024,John Carter,John Johnson,43061,2011,4486
Ford,Bronco,20548,2020,John Carter,Patricia Miller,26020,1691,7664
Ford,Edge,107177,2017,Sarah Wilson,Jennifer Jones,42203,1161,5023
Ford,Bronco,11564,2022,Sarah Wilson,Robert Johnson,19636,2867,8187
Ford,Edge,23657,2020,Emily Davis,William Rodriguez,44369,1478,-4728
Ford,Escape,82368,2016,Emily Davis,Linda Garcia,28062,2932,3674
Ford,Mustang,58764,2020,Emily Davis,John Davis,33421,1768,6084
Ford,Mustang,41336,2020,Emily Davis,Linda Miller,41770,1555,8334
Ford,Escape,101311,2022,Michael Brown,Michael Miller,16959,1853,9632
Ford,Edge,73171,2018,Sarah Wilson,Robert Rodriguez,16572,2218,8930
Ford,Mustang,92170,2016,John Carter,Michael Williams,45013,1994,3809
Ford,Mustang,15640,2023,Michael Brown,John Jones,26129,945,9551
Ford,F-150,99192,2021,John Carter,Robert Garcia,20156,2760,5505
Ford,Explorer,108604,2022,Sarah Wilson,Mary Martinez,21806,1772,3986
Ford,Edge,34849,2024,Emily Davis,James Jones,46706,2270,7273
Ford,Escape,97714,2023,John Carter,Robert Davis,39323,1796,6525
Ford,Explorer,106070,2015,Emily Davis,Robert Williams,43669,2174,7027
Ford,Bronco,15861,2024,John Carter,Michael Davis,37923,1817,4031
Ford,Bronco,94452,2018,Sarah Wilson,Jennifer Smith,24182,2993,384
Ford,Bronco,69540,2021,Michael Brown,Mary Rodriguez,37202,1226,9303
Ford,Explorer,7341,2021,Emily Davis,Patricia Johnson,37890,2839,857
Ford,Bronco,5099,2024,Emily Davis,Elizabeth Rodriguez,18197,2981,7152
Ford,Bronco,19086,2021,John Carter,Jennifer Garcia,41716,966,5088
Ford,Bronco,66976,2021,Emily Davis,Jennifer Brown,38067,2870,6678
Ford,F-150,69978,2023,Sarah Wilson,William Jones,46483,2227,7864
Ford,Mustang,108089,2018,John Carter,Michael Miller,43242,986,4583
Ford,Edge,50016,2018,Emily Davis,William Davis,40278,1434,3651
Ford,Escape,63268,2024,Emily Davis,Elizabeth Miller,35373,758,5442
Ford,Escape,78605,2016,John Carter,Elizabeth Davis,25119,2139,7733
Ford,Explorer,38148,2018,Michael Brown,Patricia Rodriguez,26805,1069,6605
Ford,Mustang,50614,2016,Emily Davis,Patricia Brown,17462,1839,-3000
Ford,Bronco,52092,2019,Emily Davis,Robert Garcia,22421,2067,9391
Ford,Edge,96525,2016,Michael Brown,Patricia Smith,48740,2563,7806
Ford,Edge,49012,2020,John Carter,John Johnson,49275,730,687
Ford,Bronco,109434,2022,Sarah Wilson,William Rodriguez,23996,2256,5358
Ford,Bronco,20469,2015,John Carter,Robert Davis,26530,2067,7575
Ford,Escape,104809,2016,John Carter,Jennifer Smith,43956,2370,5070
Ford,Escape,102146,2017,Sarah Wilson,James Brown,23385,2205,9376
Ford,F-150,35897,2016,Emily Davis,Jennifer Brown,25550,2188,3226
Ford,Edge,88869,2017,John Carter,William Jones,24270,622,2522
Ford,F-150,29682,2019,Sarah Wilson,Elizabeth Garcia,15717,652,2988
Ford,Bronco,36040,2018,John Carter,James Williams,24673,2283,4979
Ford,Bronco,82079,2015,Michael Brown,Mary Brown,32897,523,4977
Ford,Edge,12695,2022,Emily Davis,John Miller,42675,976,7456
Ford,Edge,96709,2018,Michael Brown,Jennifer Jones,27600,917,7030
Ford,Bronco,16550,2016,Michael Brown,William Garcia,21640,2930,9609
Ford,F-150,35552,2024,Emily Davis,Jennifer Johnson,35803,1315,4539
Ford,Bronco,7974,2020,John Carter,Mary Miller,32487,1979,3462
Ford,Escape,5757,2016,Sarah Wilson,William Miller,31195,881,8309
Ford,Escape,23598,2023,John Carter,Linda Garcia,30723,990,6507
Ford,F-150,83073,2023,Michael Brown,Jennifer Miller,49748,2456,9951
Ford,Escape,82901,2020,Emily Davis,James Davis,39296,1651,6858
Ford,Mustang,34964,2021,Emily Davis,Michael Garcia,46729,1159,8359
Ford,Escape,104252,2024,John Carter,William Rodriguez,33195,1990,2142
Ford,Bronco,79408,2020,Emily Davis,Robert Davis,32254,2039,4625
Ford,Explorer,25625,2019,John Carter,Mary Rodriguez,44056,515,4559
Ford,Mustang,6590,2023,Sarah Wilson,William Smith,36218,1555,8361
Ford,Bronco,98894,2016,John Carter,Elizabeth Davis,26027,527,7428
Ford,Mustang,44345,2015,Sarah Wilson,Jennifer Smith,27038,1718,6932
Ford,Explorer,36848,2021,Michael Brown,James Martinez,43587,864,7165
Ford,Mustang,72981,2021,Emily Davis,William Williams,17376,590,6575
Ford,Edge,48572,2018,John Carter,Elizabeth Martinez,42954,1556,289
Ford,Explorer,51596,2021,John Carter,William Miller,43092,796,-3626
Ford,Edge,70553,2021,Emily Davis,Jennifer Smith,15423,1517,7633
Ford,Explorer,98000,2016,John Carter,James Johnson,49858,2286,9097
Ford,Bronco,106194,2016,Emily Davis,Jennifer Rodriguez,37803,962,7994
Ford,Edge,83718,2017,John Carter,Elizabeth Brown,26759,1706,9250
Ford,Bronco,61297,2023,Michael Brown,Elizabeth Smith,46570,1293,9351
Ford,Explorer,14754,2021,John Carter,Mary Garcia,25488,2213,2010
Ford,Explorer,15477,2023,Emily Davis,Mary Brown,42613,2714,796
Ford,Mustang,69385,2018,Michael Brown,Michael Smith,45592,1315,4654
Ford,F-150,20626,2020,Sarah Wilson,Mary Martinez,30696,2906,3674
Ford,Edge,78671,2022,John Carter,Linda Rodriguez,27987,2733,6593
Ford,Mustang,80311,2019,John Carter,Linda Garcia,48503,631,7715
Ford,Escape,88256,2019,John Carter,Patricia Martinez,27558,1922,7919
Ford,Bronco,82375,2018,Sarah Wilson,Elizabeth Jones,27353,2643,6852
Ford,Mustang,28169,2015,Michael Brown,John Brown,42845,1545,4562
Ford,Escape,78953,2016,Sarah Wilson,Linda Johnson,20979,2342,5680
Ford,F-150,14670,2016,Michael Brown,Michael Miller,27287,2748,8869
Ford,Escape,25926,2015,Emily Davis,John Williams,40999,2077,3158
Ford,Explorer,118181,2015,Emily Davis,Linda Johnson,25117,1343,9938
Ford,Bronco,62122,2019,Sarah Wilson,Jennifer Martinez,33425,530,8838
Ford,Mustang,76007,2015,Sarah Wilson,Jennifer Martinez,15180,2027,8615
Ford,Bronco,60690,2017,Sarah Wilson,Elizabeth Williams,36626,2564,2126
Ford,Mustang,35054,2024,Sarah Wilson,John Garcia,48722,1320,151
Ford,Edge,96137,2023,John Carter,Jennifer Jones,24590,2718,8304
Ford,Escape,10899,2015,Michael Brown,Mary Davis,29474,1769,8949
Ford,Mustang,55021,2022,Emily Davis,Jennifer Davis,32320,1825,8096
Ford,Edge,59069,2018,John Carter,Linda Davis,49753,720,164
Ford,Explorer,24108,2017,Michael Brown,Jennifer Rodriguez,16086,2768,4208
Ford,Bronco,50644,2021,John Carter,Robert Rodriguez,21146,1817,6482
Ford,Edge,70247,2023,Emily Davis,William Smith,42951,2614,8369
Ford,Explorer,77153,2018,John Carter,Linda Brown,44917,1419,4272
Ford,F-150,62347,2023,Sarah Wilson,James Brown,43694,515,-1587
Ford,Edge,80339,2015,Sarah Wilson,James Garcia,42469,1332,2201
Ford,Escape,68183,2017,John Carter,Mary Garcia,46339,1863,-2838
Ford,Bronco,85459,2020,Sarah Wilson,Mary Garcia,30590,2677,6954
Ford,Bronco,100136,2017,Emily Davis,Patricia Garcia,44364,674,5494
Ford,Edge,22536,2023,Michael Brown,Mary Miller,33448,2928,2226
Ford,F-150,109073,2019,Emily Davis,Michael Johnson,26426,1276,4165
Ford,F-150,18802,2016,Emily Davis,John Jones,27650,1262,9210
Ford,Escape,95518,2022,Emily Davis,Robert Garcia,37863,969,4149
Ford,Explorer,89998,2015,Michael Brown,James Johnson,29412,1962,6044
Ford,Edge,7985,2022,Michael Brown,Jennifer Miller,44890,1200,3640
Ford,Explorer,118561,2018,John Carter,Robert Miller,36799,1093,2859
Ford,Mustang,49473,2017,Emily Davis,William Smith,30907,1763,5205
Ford,Mustang,73984,2016,Sarah Wilson,Michael Williams,15439,1457,9499
Ford,Escape,16861,2017,Michael Brown,Elizabeth Brown,27196,559,7792
Ford,Escape,12463,2024,Michael Brown,Michael Rodriguez,30706,2174,9604
Ford,Mustang,116542,2024,Emily Davis,Linda Garcia,20771,2456,3259
Ford,F-150,106076,2015,John Carter,James Garcia,41404,1433,5307
Ford,F-150,78697,2016,Emily Davis,Elizabeth Davis,30908,1201,5807
Ford,Mustang,112738,2018,Emily Davis,Michael Martinez,30018,2402,9723
Ford,Explorer,91591,2020,John Carter,Mary Williams,16180,2352,7068
Ford,Explorer,118086,2017,Michael Brown,Jennifer Miller,20096,2925,3985
Ford,Edge,119187,2017,John Carter,Robert Smith,30119,1221,5455
Ford,Bronco,93819,2023,Michael Brown,John Miller,36589,2590,8854
Ford,Explorer,7113,2021,Michael Brown,James Smith,23372,2458,9651
Ford,Explorer,13758,2019,Emily Davis,Linda Brown,35390,542,8237
Ford,Bronco,10939,2016,Sarah Wilson,Linda Rodriguez,37779,720,2987
Ford,Bronco,20829,2015,Sarah Wilson,Robert Garcia,27418,2464,8965
Ford,Bronco,18858,2019,Michael Brown,Elizabeth Smith,21607,590,6649
Ford,F-150,116827,2017,Sarah Wilson,William Johnson,33702,663,6882
Ford,F-150,36724,2024,John Carter,Elizabeth Johnson,27719,908,5321
Ford,Mustang,118587,2020,John Carter,Mary Miller,42505,584,8307
Ford,Bronco,86200,2024,John Carter,John Smith,18459,2514,898
Ford,Bronco,99565,2015,John Carter,Elizabeth Johnson,42537,2432,6513
Ford,Mustang,65011,2023,Emily Davis,Michael Brown,21766,2856,8723
Ford,Mustang,105626,2022,John Carter,Patricia Davis,19400,675,2162
Ford,Bronco,103946,2016,John Carter,John Johnson,49399,2389,4717
Ford,Escape,96276,2024,Emily Davis,John Johnson,20047,2984,5219
Ford,Explorer,93264,2016,John Carter,William Williams,41013,2162,5779
Ford,Explorer,92622,2015,Emily Davis,Elizabeth Martinez,23839,1351,5835
Ford,Mustang,22983,2021,John Carter,Patricia Miller,49311,2043,2062
Ford,F-150,68526,2017,Michael Brown,Mary Williams,42851,635,2428
Ford,Bronco,50315,2023,Emily Davis,Patricia Jones,26583,1103,9669
Ford,Edge,14769,2023,John Carter,John Garcia,20298,1417,4504
Ford,Escape,37004,2024,Michael Brown,Mary Brown,29483,1653,9119
Ford,Mustang,56245,2016,Sarah Wilson,Michael Rodriguez,17950,633,4792
Ford,Explorer,7597,2016,Sarah Wilson,Patricia Jones,44667,1043,9257
Ford,Bronco,10012,2018,Michael Brown,James Johnson,20210,726,9732
Ford,Edge,34675,2018,Michael Brown,Elizabeth Brown,23743,925,2307
Ford,Escape,59487,2022,Michael Brown,William Smith,30339,1120,9372
Ford,Bronco,78046,2015,John Carter,Linda Davis,47314,2279,3996
Ford,Explorer,48967,2023,John Carter,Robert Williams,19506,690,9832
Ford,Bronco,84824,2020,John Carter,James Johnson,28516,2050,9060
Ford,Edge,84508,2023,Michael Brown,Michael Martinez,27805,2448,8164
Ford,Explorer,100952,2023,Michael Brown,Robert Miller,39033,504,9576
Ford,Bronco,97114,2024,Michael Brown,Robert Smith,36282,2719,180
Ford,Edge,5294,2016,Emily Davis,Elizabeth Brown,28201,2493,6088
Ford,Mustang,72377,2018,John Carter,Jennifer Brown,22620,2792,7865
Ford,F-150,48333,2022,Michael Brown,Mary Martinez,34568,2871,2895
Ford,Mustang,10911,2022,Emily Davis,Robert Smith,46645,524,9173
Ford,Bronco,34624,2023,Sarah Wilson,John Johnson,31602,1949,4763
Ford,Bronco,102643,2020,Sarah Wilson,John Jones,49801,863,9849
Ford,Mustang,58782,2019,Sarah Wilson,William Jones,44514,1483,6384
Ford,Escape,39354,2019,John Carter,Linda Williams,20704,2205,6316
Ford,F-150,54733,2019,Michael Brown,Michael Martinez,24366,1074,3401
Ford,Bronco,29204,2016,Sarah Wilson,Michael Jones,47954,1479,7864
Ford,Mustang,34681,2022,Sarah Wilson,John Rodriguez,15653,1815,2201
Ford,Escape,102120,2015,Emily Davis,Elizabeth Rodriguez,30423,2089,8338
Ford,Mustang,92655,2022,Emily Davis,Linda Davis,49252,2996,6060
Ford,Edge,81467,2018,Sarah Wilson,James Jones,16580,676,8713
Ford,Escape,105200,2022,Michael Brown,William Smith,49436,2423,9144
Ford,Bronco,18572,2017,Emily Davis,Linda Johnson,20308,2336,5126
Ford,Bronco,119866,2021,Sarah Wilson,Robert Martinez,23650,1214,4656
Ford,Escape,84336,2023,John Carter,Robert Martinez,31531,964,2539
Ford,Mustang,14441,2020,Emily Davis,Elizabeth Williams,36064,1182,666
Ford,Escape,20994,2016,Michael Brown,John Johnson,44865,1544,9628
Ford,Escape,97332,2020,Emily Davis,Robert Smith,19980,1884,3848
Ford,Explorer,54759,2016,Emily Davis,Jennifer Miller,32387,690,369
Ford,Mustang,53857,2019,Sarah Wilson,William Garcia,27637,2285,4516
Ford,F-150,103316,2020,Emily Davis,Patricia Garcia,49262,675,8008
Ford,Mustang,78858,2022,John Carter,Patricia Miller,17460,510,2693
Ford,Edge,13737,2018,Sarah Wilson,William Davis,28229,1994,4123
Ford,Mustang,32039,2016,Emily Davis,Elizabeth Brown,37689,2010,4614
Ford,Escape,40052,2021,Sarah Wilson,Mary Williams,47459,2524,2640
Ford,Explorer,58532,2023,John Carter,Mary Davis,43746,2290,5284
Ford,Explorer,102410,2018,Emily Davis,William Garcia,45835,2382,6693
Ford,Edge,111664,2019,Sarah Wilson,William Jones,17889,1926,3038
Ford,Explorer,9105,2023,John Carter,John Williams,30329,982,8965
Ford,Edge,26891,2016,Sarah Wilson,James Williams,29838,842,9293
Ford,Mustang,80782,2016,Michael Brown,Michael Brown,30935,1785,9507
Ford,Edge,32786,2016,Sarah Wilson,Michael Davis,35548,2490,3748
Ford,Edge,6306,2022,Michael Brown,Mary Garcia,44043,2336,4375
Ford,F-150,63789,2021,Sarah Wilson,William Brown,18783,2091,6726
Ford,Edge,75937,2017,Michael Brown,James Brown,42961,1144,8863
Ford,Bronco,88347,2021,Sarah Wilson,William Williams,37257,2872,8074
Ford,Edge,87953,2022,Sarah Wilson,Patricia Jones,28653,621,9023
Ford,Bronco,92543,2018,Sarah Wilson,Jennifer Brown,40524,788,3124
Ford,F-150,69508,2023,Michael Brown,Elizabeth Martinez,34506,2336,9407
Ford,Bronco,105845,2018,Sarah Wilson,Elizabeth Jones,27615,2154,8239
Ford,F-150,76771,2023,Michael Brown,Robert Brown,38079,799,9799
Ford,F-150,18393,2016,Emily Davis,Elizabeth Smith,42478,2583,6220
Ford,Explorer,110453,2016,John Carter,Elizabeth Garcia,39859,2857,2173
Ford,Escape,102806,2022,Sarah Wilson,Patricia Johnson,26428,692,2491
Ford,Edge,33053,2016,Sarah Wilson,Michael Jones,31648,2143,5679
Ford,Explorer,47790,2020,Sarah Wilson,Linda Brown,22378,2962,7470
Ford,Bronco,29939,2018,Sarah Wilson,William Williams,44333,2280,5992
Ford,Edge,22684,2020,Michael Brown,Robert Garcia,26560,1307,174
Ford,Bronco,17111,2019,Sarah Wilson,John Garcia,45283,1252,4455
Ford,F-150,55847,2021,John Carter,John Williams,41486,2421,-2886
Ford,Bronco,16725,2019,Michael Brown,Jennifer Jones,39662,2222,4826
Ford,Mustang,117830,2018,Michael Brown,Michael Brown,18644,2789,9368
Ford,Mustang,98221,2017,Sarah Wilson,Patricia Williams,33686,570,-3361
Ford,Mustang,117545,2015,Emily Davis,Linda Davis,36654,2305,3501
Ford,Edge,33768,2017,Emily Davis,Patricia Johnson,36662,2329,-3358
Ford,F-150,7455,2020,Emily Davis,Patricia Rodriguez,22192,1883,3842
Ford,Mustang,18482,2020,Emily Davis,Elizabeth Miller,32038,1483,5030
Ford,Escape,87024,2018,Michael Brown,Mary Jones,17865,1131,2791
Ford,Escape,47009,2023,John Carter,William Rodriguez,28583,2014,6291
Ford,F-150,48838,2019,John Carter,Linda Johnson,16792,1220,6336
Ford,Escape,8694,2017,Emily Davis,Patricia Miller,17335,2855,4905
Ford,Mustang,7440,2024,Emily Davis,John Rodriguez,33598,1331,2320
Ford,Bronco,66006,2022,John Carter,Mary Martinez,32151,2301,3246
Ford,Escape,16372,2019,Emily Davis,Linda Johnson,18124,2594,4668
Ford,Bronco,106196,2017,Emily Davis,Robert Rodriguez,39293,2683,8634
Ford,Explorer,11351,2019,John Carter,Elizabeth Johnson,46970,967,4998
Ford,Escape,59654,2015,Michael Brown,Jennifer Williams,38770,1939,6439
Ford,Explorer,93050,2017,Emily Davis,Jennifer Martinez,16681,1786,8975
Ford,Bronco,18005,2023,Sarah Wilson,William Williams,42310,1405,9984
Ford,Escape,65748,2024,Emily Davis,Robert Rodriguez,43564,1780,7762
Ford,Edge,100960,2020,John Carter,Michael Miller,45777,916,3014
Ford,Escape,108524,2016,John Carter,Robert Martinez,19087,944,9208
Ford,F-150,29838,2022,John Carter,James Rodriguez,24257,1968,7880
Ford,Mustang,108383,2017,John Carter,James Johnson,37764,2729,8604
Ford,Mustang,30693,2015,Michael Brown,Mary Martinez,25930,1184,7114
Ford,Explorer,40685,2018,Emily Davis,Jennifer Brown,22080,2826,2769
Ford,Edge,103679,2019,Sarah Wilson,William Miller,44982,2124,4568
Ford,Mustang,6579,2024,Michael Brown,Patricia Martinez,36728,2346,6932
Ford,F-150,110066,2015,Sarah Wilson,Robert Smith,49747,763,9829
Ford,F-150,116167,2021,Emily Davis,Jennifer Miller,30726,1108,2478
Ford,Bronco,8722,2017,Emily Davis,Patricia Smith,43542,757,2119
Ford,Mustang,88456,2018,Michael Brown,Linda Brown,34170,2002,6017
Ford,Bronco,33880,2023,Michael Brown,Mary Brown,23363,1563,3362
Ford,F-150,111677,2016,Michael Brown,William Johnson,17671,777,6444
Ford,Explorer,40333,2024,Emily Davis,Linda Miller,40324,879,7386
Ford,Bronco,39075,2018,Sarah Wilson,William Miller,45636,678,4544
Ford,Edge,37230,2015,John Carter,Michael Brown,30506,2297,-4428
Ford,Explorer,69616,2016,John Carter,James Jones,28278,1097,4935
Ford,Escape,70956,2023,Michael Brown,Linda Rodriguez,20945,2066,3320
Ford,Mustang,113121,2024,Emily Davis,John Brown,40076,2310,2759
Ford,Edge,80712,2024,Emily Davis,William Brown,26261,902,5177
Ford,F-150,79015,2020,Michael Brown,John Johnson,17557,2878,7598
Ford,Edge,99032,2024,Michael Brown,Michael Rodriguez,27793,1470,2196
Ford,Bronco,75761,2024,John Carter,Michael Garcia,45713,1261,5959
Ford,Edge,104378,2019,Sarah Wilson,Mary Brown,27745,1916,2523
Ford,F-150,35857,2020,Sarah Wilson,Patricia Garcia,27214,2313,2336
Ford,Bronco,37947,2024,John Carter,William Davis,44154,2986,-1168
Ford,Escape,70870,2020,Michael Brown,Robert Martinez,32823,726,8986
Ford,Escape,13533,2023,Sarah Wilson,Jennifer Miller,22475,2031,2026
Ford,Explorer,20521,2015,Michael Brown,William Miller,28217,1681,6276
Ford,F-150,40037,2024,Michael Brown,Patricia Brown,35028,2962,6586
Ford,Bronco,16841,2015,Michael Brown,Robert Miller,26190,1008,4944
Ford,Edge,85334,2016,Sarah Wilson,Linda Davis,38546,753,6146
Ford,Escape,54649,2021,Michael Brown,Robert Garcia,42597,629,6803
Ford,Escape,64452,2017,Michael Brown,James Williams,45007,2804,6298
Ford,F-150,48599,2016,Emily Davis,Patricia Jones,22444,1496,4921
Ford,Bronco,107325,2015,Sarah Wilson,John Johnson,41969,2947,2371
Ford,Edge,20964,2023,Emily Davis,Elizabeth Rodriguez,36478,2043,5654
Ford,Escape,76422,2020,Emily Davis,James Johnson,33121,637,2971
Ford,Mustang,7250,2015,Michael Brown,John Johnson,28681,2784,4215
Ford,Bronco,8185,2020,Sarah Wilson,Linda Johnson,33467,2241,333
Ford,Edge,65601,2021,Emily Davis,William Davis,20025,738,249
Ford,Escape,46223,2024,Emily Davis,Linda Rodriguez,28124,757,7923
Ford,Explorer,10321,2023,Emily Davis,Linda Johnson,24717,2325,2661
Ford,Bronco,24889,2022,Michael Brown,James Davis,31319,1707,4748
Ford,Bronco,101686,2021,John Carter,Michael Williams,25710,2242,4720
Ford,Bronco,90311,2018,Michael Brown,John Jones,31122,1220,2609
Ford,Edge,55663,2019,Michael Brown,Jennifer Johnson,29817,1405,2438
Ford,Edge,107093,2019,John Carter,Patricia Johnson,41044,2267,4171
Ford,Edge,116543,2018,Michael Brown,Elizabeth Rodriguez,44128,535,2200
Ford,Edge,111563,2022,John Carter,William Williams,40408,2463,246
Ford,Mustang,30833,2021,Emily Davis,James Williams,29389,2925,5117
Ford,Mustang,86461,2020,Emily Davis,John Martinez,41798,2393,3803
Ford,Bronco,59535,2023,John Carter,John Miller,32458,840,7190
Ford,Escape,108734,2021,Emily Davis,Jennifer Johnson,48228,2345,2722
Ford,Explorer,69666,2020,John Carter,William Williams,21246,1531,2453
Ford,Mustang,77635,2017,Sarah Wilson,Patricia Garcia,42225,2062,6416
Ford,Mustang,93365,2017,Emily Davis,Patricia Jones,43320,2645,7570
Ford,Bronco,97828,2024,Emily Davis,John Jones,48666,1791,2146
Ford,Escape,73938,2015,John Carter,William Johnson,31951,902,8615
Ford,Bronco,86620,2016,John Carter,Michael Brown,21280,1870,7439
Ford,Edge,106958,2023,Emily Davis,Patricia Smith,32708,1892,214
Ford,F-150,32544,2022,Emily Davis,Elizabeth Brown,48104,2594,3970
Ford,Explorer,62605,2016,Sarah Wilson,Robert Miller,43855,2468,777
Ford,Bronco,88403,2023,Sarah Wilson,Mary Miller,19260,2505,9172
Ford,Bronco,63808,2018,John Carter,Linda Davis,36325,900,3656
Ford,Explorer,28789,2019,John Carter,Linda Johnson,43505,2822,4169
Ford,Edge,62995,2015,Michael Brown,Linda Williams,36570,1169,4131
Ford,Mustang,51965,2020,John Carter,Linda Rodriguez,32650,2385,8674
Ford,Bronco,66679,2021,Emily Davis,Patricia Williams,43778,512,2125
Ford,Bronco,104764,2016,Michael Brown,John Martinez,19161,505,786
Ford,Mustang,18268,2015,Sarah Wilson,Mary Jones,34961,1967,4914
Ford,Mustang,117219,2021,Sarah Wilson,Jennifer Williams,27488,1078,9115
Ford,Edge,100326,2022,Michael Brown,James Jones,23627,738,4248
Ford,Mustang,34807,2016,Michael Brown,John Brown,20708,2267,8508
Ford,Escape,87783,2020,Emily Davis,Jennifer Brown,24779,2234,757
Ford,Bronco,73936,2019,Michael Brown,Patricia Rodriguez,44995,1363,9702
Ford,F-150,117609,2023,Michael Brown,Elizabeth Garcia,26538,2692,5459
Ford,Escape,81976,2020,John Carter,Linda Brown,38337,1755,208
Ford,Bronco,103490,2023,Emily Davis,Patricia Jones,16086,605,7417
Ford,Mustang,34312,2016,Emily Davis,Elizabeth Miller,25909,1342,145
Ford,Mustang,83183,2016,Emily Davis,James Miller,30960,1067,5529
Ford,Escape,24469,2022,Emily Davis,Patricia Davis,30580,2606,7513
Ford,Edge,15690,2024,Michael Brown,Mary Miller,16821,1147,5513
Ford,Escape,62369,2022,Sarah Wilson,Patricia Smith,21520,2844,8289
Ford,F-150,118807,2018,John Carter,William Rodriguez,41078,632,6358
Ford,F-150,117931,2015,Sarah Wilson,Patricia Miller,46424,2618,7716
Ford,Explorer,37690,2022,Sarah Wilson,Patricia Garcia,16872,1886,6600
Ford,Escape,90555,2018,John Carter,William Williams,25756,1317,7334
Ford,Escape,38988,2024,Sarah Wilson,James Johnson,49385,771,7482
Ford,F-150,10509,2016,Emily Davis,James Martinez,18795,1825,7368
Ford,F-150,42743,2023,Emily Davis,John Martinez,24190,1588,6013
Ford,Explorer,101162,2023,John Carter,Jennifer Rodriguez,33422,1604,4179
Ford,Edge,98271,2019,Sarah Wilson,Jennifer Johnson,18440,2705,7822
Ford,Edge,13839,2017,John Carter,James Miller,15872,620,837
Ford,Bronco,91480,2016,Emily Davis,William Smith,41759,2282,6636
Ford,F-150,24902,2016,Emily Davis,Linda Rodriguez,40668,1386,5831
Ford,F-150,93671,2019,John Carter,Linda Martinez,18839,1631,5086
Ford,F-150,47991,2018,Michael Brown,Patricia Williams,33311,1887,8222
Ford,Mustang,93643,2020,John Carter,William Davis,25951,2386,8346
Ford,Bronco,71037,2020,Emily Davis,Elizabeth Brown,44158,2677,8149
Ford,Bronco,60770,2015,Emily Davis,Elizabeth Johnson,18223,1750,8068
Ford,F-150,8744,2017,Michael Brown,Linda Davis,39495,2764,4717
Ford,Explorer,83781,2015,John Carter,Mary Williams,28715,1338,2352
Ford,F-150,55260,2020,John Carter,Linda Jones,43428,2601,5599
Ford,F-150,49832,2021,John Carter,Patricia Davis,42137,604,9460
Ford,Edge,84354,2016,Emily Davis,Patricia Garcia,40587,2757,8070
Ford,F-150,32115,2015,John Carter,John Smith,28558,2366,6662
Ford,Escape,92750,2022,Emily Davis,Jennifer Williams,28833,1283,5679
Ford,F-150,41869,2024,Sarah Wilson,Linda Williams,22018,1171,8522
Ford,Escape,105376,2017,Sarah Wilson,James Johnson,44930,2335,2828
Ford,F-150,114515,2022,Michael Brown,James Smith,27085,2387,-3670
Ford,Edge,66788,2024,John Carter,James Miller,32535,2176,2746
Ford,Escape,100264,2017,Sarah Wilson,William Rodriguez,25731,1528,3675
Ford,Mustang,118693,2018,John Carter,Jennifer Davis,38097,911,9585
Ford,Bronco,12731,2020,John Carter,John Davis,23577,2101,7379
Ford,Escape,84081,2024,Michael Brown,William Johnson,16497,1435,-4437
Ford,Escape,27771,2022,John Carter,James Miller,19178,2514,6920
Ford,Explorer,98352,2023,Sarah Wilson,John Brown,18143,736,4554
Ford,Escape,43386,2015,Emily Davis,James Miller,20511,1570,4710
Ford,Edge,31111,2018,Emily Davis,Linda Smith,43420,2634,4837
Ford,Edge,63737,2019,John Carter,Patricia Rodriguez,35046,2750,9527
Ford,Bronco,92746,2020,Sarah Wilson,Elizabeth Jones,45756,853,2562
Ford,Mustang,60390,2017,Sarah Wilson,William Johnson,17863,2973,8520
Ford,Escape,17676,2021,Sarah Wilson,Jennifer Johnson,19919,2205,3461
Ford,Bronco,15896,2015,Sarah Wilson,Elizabeth Jones,44689,1434,8181
Ford,Edge,51231,2017,Emily Davis,William Jones,35935,1358,6049
Ford,Edge,113098,2022,Sarah Wilson,William Rodriguez,22756,1934,2543
Ford,Escape,46628,2019,Sarah Wilson,William Jones,24891,2731,2128
Ford,F-150,95441,2021,John Carter,Linda Martinez,49434,976,255
Ford,Bronco,71824,2019,Emily Davis,Elizabeth Martinez,23750,1686,6189
Ford,Mustang,69178,2017,Sarah Wilson,Elizabeth Smith,15476,2297,5103
Ford,Bronco,75460,2018,Sarah Wilson,Jennifer Rodriguez,42912,1790,8693
Ford,Edge,9770,2020,Emily Davis,James Brown,20830,1454,4027
Ford,Explorer,60126,2016,John Carter,Mary Williams,18190,1589,149
Ford,Bronco,47884,2023,Michael Brown,Linda Rodriguez,35396,2490,7905
Ford,Bronco,98860,2019,Emily Davis,Robert Garcia,28864,1619,5430
Ford,Explorer,96994,2021,Michael Brown,Elizabeth Martinez,47091,1091,9287
Ford,Bronco,114222,2016,Sarah Wilson,Linda Rodriguez,40364,2047,5914
Ford,Escape,87907,2023,Emily Davis,Jennifer Johnson,37193,977,5735
Ford,Escape,79809,2022,Emily Davis,Elizabeth Miller,43298,1459,9705
Ford,Bronco,28172,2022,John Carter,James Martinez,46042,1663,5547
Ford,Explorer,55400,2020,Sarah Wilson,Elizabeth Miller,20918,857,4037
Ford,Explorer,39398,2015,Sarah Wilson,Jennifer Williams,25275,507,2037
Ford,Bronco,19267,2020,Emily Davis,James Jones,41854,1624,5739
Ford,Edge,85199,2023,John Carter,Jennifer Jones,38766,2752,9152
Ford,Bronco,31900,2022,Sarah Wilson,Elizabeth Garcia,17833,858,6378
Ford,Bronco,101023,2017,Sarah Wilson,Linda Davis,36873,2173,8450
Ford,Explorer,119514,2020,John Carter,Mary Jones,24618,668,5725
Ford,Bronco,67158,2024,Emily Davis,Patricia Martinez,24119,2417,705
Ford,Edge,54634,2022,Michael Brown,Elizabeth Brown,27870,1064,5509
Ford,Mustang,58660,2019,Emily Davis,Mary Johnson,18443,1428,7382
Ford,Mustang,48911,2020,Emily Davis,Patricia Jones,15033,2525,9658
Ford,Mustang,11674,2015,Emily Davis,Elizabeth Smith,34467,2466,6884
Ford,Edge,76961,2015,John Carter,Robert Smith,33975,1178,936
Ford,Explorer,61374,2022,Emily Davis,William Miller,36327,991,6112
Ford,Edge,44312,2020,John Carter,Mary Davis,28611,1455,2283
Ford,Edge,75367,2017,Michael Brown,William Rodriguez,45841,1086,7417
Ford,Edge,16935,2015,Sarah Wilson,John Garcia,22028,558,9465
Ford,Escape,74844,2017,Emily Davis,Patricia Smith,21817,1779,695
Ford,Escape,23832,2015,Emily Davis,Robert Johnson,44517,2550,557
Ford,Escape,113577,2019,Sarah Wilson,Patricia Davis,39700,1075,3382
Ford,Escape,80776,2019,Michael Brown,James Johnson,47088,1648,9002
Ford,Explorer,60334,2019,Michael Brown,James Miller,38334,2307,8940
Ford,Mustang,37574,2021,Michael Brown,Elizabeth Davis,42079,2619,5989
Ford,Bronco,31793,2024,Emily Davis,William Rodriguez,17422,1774,5298
Ford,Edge,24332,2018,Sarah Wilson,Jennifer Williams,34616,2078,7522
Ford,Escape,71572,2016,Michael Brown,John Brown,35840,2949,6039
Ford,Escape,34549,2018,Emily Davis,Linda Johnson,18246,658,6633
Ford,Mustang,19246,2024,John Carter,Jennifer Garcia,24611,718,5165
Ford,Bronco,86660,2020,John Carter,Elizabeth Brown,28178,2987,2352
Ford,Mustang,29677,2016,Sarah Wilson,Michael Williams,45679,1974,5358
Ford,Edge,108883,2016,John Carter,Jennifer Martinez,30300,1993,4309
Ford,Explorer,91946,2015,Sarah Wilson,Jennifer Jones,38273,1534,6761
Ford,F-150,69704,2015,Michael Brown,Linda Brown,43294,2035,5950
Ford,Edge,8709,2016,John Carter,Patricia Smith,21756,2041,9789
Ford,Explorer,92106,2018,Sarah Wilson,John Rodriguez,23538,970,-4261
Ford,F-150,79392,2021,Sarah Wilson,William Miller,31888,1517,-1988
Ford,Escape,111167,2022,Emily Davis,Patricia Davis,26882,2261,9263
Ford,Mustang,34297,2020,John Carter,Jennifer Garcia,40757,2148,2402
Ford,Edge,35105,2022,Sarah Wilson,Elizabeth Jones,15161,800,5445
Ford,Escape,97965,2021,Michael Brown,Michael Smith,26669,1372,9142
Ford,Escape,91517,2017,Sarah Wilson,Linda Davis,40456,1405,5650
Ford,Escape,54128,2020,Sarah Wilson,Elizabeth Williams,28264,1899,2096
Ford,Mustang,100091,2019,Michael Brown,James Smith,16595,1065,6570
Ford,Escape,101956,2017,Michael Brown,Linda Miller,44243,2386,3583
Ford,Edge,64296,2020,Emily Davis,Michael Rodriguez,15385,836,7907
Ford,Bronco,111859,2015,Emily Davis,Jennifer Jones,47068,2437,8278
Ford,Explorer,34373,2023,Sarah Wilson,Jennifer Garcia,28954,2486,2103
Ford,Edge,68904,2016,Sarah Wilson,Elizabeth Johnson,29202,1510,7532
Ford,Bronco,65340,2024,Sarah Wilson,James Williams,39946,804,3330
Ford,Bronco,11882,2022,Michael Brown,Mary Rodriguez,31974,683,8775
Ford,Explorer,96049,2015,Sarah Wilson,Elizabeth Johnson,31840,836,5328
Ford,Escape,119260,2017,John Carter,Patricia Smith,30186,1229,3990
Ford,Bronco,86404,2015,Emily Davis,James Williams,48987,2976,4576
Ford,Edge,97415,2017,Michael Brown,Patricia Rodriguez,26963,1825,8530
Ford,Escape,19512,2015,Emily Davis,Patricia Brown,18356,1310,3096
Ford,Bronco,83324,2017,John Carter,Robert Johnson,44559,2432,8594
Ford,Mustang,39582,2017,Sarah Wilson,Jennifer Davis,36018,842,6209
Ford,Bronco,88691,2016,Michael Brown,Robert Miller,30034,2860,6555
Ford,Explorer,11879,2015,Emily Davis,Patricia Garcia,37883,844,5553
Ford,Explorer,88458,2021,Sarah Wilson,Elizabeth Miller,18909,2612,6847
Ford,Bronco,30412,2016,Emily Davis,William Garcia,23016,2503,980
Ford,F-150,43594,2023,Michael Brown,William Rodriguez,33471,1868,9048
Ford,Mustang,65130,2015,Michael Brown,John Rodriguez,43011,815,3656
Ford,Bronco,69002,2017,Emily Davis,Michael Smith,39299,2886,5912
Ford,Edge,12695,2017,Sarah Wilson,Linda Brown,42864,2274,4862
Ford,Escape,21482,2016,John Carter,Jennifer Jones,43899,1938,8744
Ford,Mustang,60543,2024,Emily Davis,John Rodriguez,21446,2822,6143
Ford,Edge,39697,2017,Sarah Wilson,Elizabeth Miller,41130,1645,8115
Ford,Bronco,55558,2018,Emily Davis,Mary Brown,43272,1207,5064
Ford,Escape,56522,2023,Emily Davis,Elizabeth Rodriguez,22722,2330,6825
Ford,Escape,36625,2020,John Carter,Patricia Miller,25065,2356,9114
Ford,Bronco,30312,2017,Michael Brown,Elizabeth Williams,17325,1762,2163
Ford,Mustang,51830,2019,Michael Brown,Linda Garcia,15943,1333,5712
Ford,F-150,93770,2017,Sarah Wilson,Robert Martinez,18578,2645,7886
Ford,Bronco,15077,2024,John Carter,Mary Garcia,22391,1282,959
Ford,Edge,24470,2018,Emily Davis,Robert Martinez,17260,959,4165
Ford,Mustang,84575,2022,John Carter,Jennifer Garcia,42187,1737,513
Ford,Bronco,78899,2024,Sarah Wilson,James Williams,22517,1851,4930
Ford,Explorer,40215,2020,Michael Brown,Jennifer Miller,17527,1213,8787
Ford,Escape,30084,2024,Sarah Wilson,John Garcia,15028,2678,2581
Ford,Bronco,117916,2016,Emily Davis,Linda Miller,31446,1595,9405
Ford,Bronco,104230,2024,John Carter,Robert Martinez,22805,1168,3816
Ford,Mustang,22312,2021,Emily Davis,Linda Davis,22095,1962,6066
Ford,Mustang,86689,2021,John Carter,Mary Martinez,30454,1119,3327
Ford,Edge,11432,2020,Emily Davis,Patricia Garcia,21577,2505,4832
Ford,Explorer,16702,2015,Sarah Wilson,John Martinez,19938,681,3371
Ford,Explorer,118349,2023,John Carter,Mary Martinez,27025,2565,3888
Ford,Edge,118260,2016,Sarah Wilson,John Jones,16480,2590,2132
Ford,Bronco,98329,2019,Michael Brown,Robert Davis,18965,1002,8557
Ford,Mustang,69831,2020,Emily Davis,Michael Jones,30347,1870,6865
Ford,F-150,76176,2020,Sarah Wilson,Jennifer Miller,17364,2198,9852
Ford,Explorer,71848,2021,Michael Brown,Michael Garcia,31477,1463,5818
Ford,Mustang,67457,2015,Sarah Wilson,Mary Jones,34676,1603,6536
Ford,Escape,77370,2015,Michael Brown,Patricia Williams,33492,2123,6844
Ford,Bronco,41106,2019,Emily Davis,James Garcia,28830,2006,7881
Ford,Escape,48597,2021,Sarah Wilson,John Martinez,43997,783,9928
Ford,Edge,93043,2021,John Carter,Mary Johnson,16877,548,7276
Ford,Edge,78568,2020,Sarah Wilson,Robert Brown,49023,1236,9358
Ford,Edge,72536,2016,Michael Brown,John Brown,26989,886,4014
Ford,Explorer,109042,2021,Sarah Wilson,Elizabeth Brown,40631,2563,4842
Ford,F-150,103547,2017,Sarah Wilson,James Martinez,44060,2095,3405
Ford,Explorer,20797,2021,Michael Brown,Michael Brown,31832,1464,3400
Ford,Explorer,34849,2019,Michael Brown,John Johnson,18232,1695,9679
Ford,Escape,14071,2021,John Carter,James Miller,46094,782,9852
Ford,Explorer,101129,2015,Sarah Wilson,Robert Rodriguez,35089,2042,5418
Ford,Edge,33063,2023,John Carter,Mary Jones,38230,2087,8613
Ford,Escape,105956,2019,John Carter,John Rodriguez,44459,2402,5124
Ford,F-150,89237,2024,Michael Brown,Elizabeth Martinez,19183,2789,9559
Ford,Escape,96541,2021,Emily Davis,William Johnson,16456,698,8751
Ford,Mustang,20411,2023,John Carter,William Jones,26922,1056,8832
Ford,Escape,22612,2017,John Carter,James Smith,32126,2611,7309
Ford,F-150,52360,2024,Michael Brown,Michael Johnson,32618,1679,7568
Ford,Bronco,22732,2017,Michael Brown,Elizabeth Martinez,16514,2060,2527
Ford,Escape,35394,2017,Michael Brown,Michael Johnson,35423,1961,307
Ford,Explorer,37979,2023,Sarah Wilson,James Williams,36331,2244,3923
Ford,F-150,116375,2021,Emily Davis,Patricia Garcia,23315,2913,7577
Ford,Escape,91793,2023,Emily Davis,Elizabeth Jones,18375,1745,3156
Ford,Bronco,22068,2023,John Carter,Jennifer Williams,45593,1881,4880
Ford,Edge,49119,2019,Emily Davis,Patricia Rodriguez,20434,1008,3170
Ford,Escape,118248,2017,Emily Davis,John Davis,23229,1464,7156
Ford,F-150,97340,2024,Emily Davis,Michael Martinez,48700,1638,4515
Ford,Mustang,69145,2015,Michael Brown,Linda Miller,44582,2715,5592
Ford,Edge,99310,2021,Emily Davis,William Smith,37172,1389,6273
Ford,Mustang,113105,2019,Emily Davis,Linda Rodriguez,49369,626,2031
Ford,Escape,30880,2017,Sarah Wilson,James Jones,28715,2025,9970
Ford,Edge,86507,2015,John Carter,John Martinez,30290,1517,153
Ford,Mustang,102267,2015,John Carter,Elizabeth Miller,47335,734,5253
Ford,F-150,87076,2019,Sarah Wilson,Elizabeth Martinez,31292,1592,3254
Ford,Bronco,94088,2018,Michael Brown,John Johnson,21096,1668,3562
Ford,Escape,92402,2018,John Carter,James Jones,21799,2144,9806
Ford,Bronco,104204,2017,Sarah Wilson,Elizabeth Jones,17511,966,6312
Ford,Explorer,104818,2023,Michael Brown,Jennifer Smith,25183,1616,7129
Ford,F-150,19628,2018,John Carter,Michael Jones,42780,1225,261
Ford,Explorer,14176,2016,John Carter,William Williams,29663,1949,5194
Ford,Bronco,34392,2020,Michael Brown,Patricia Brown,32228,1139,8841
Ford,Bronco,96560,2021,Sarah Wilson,Elizabeth Miller,27242,2683,6063
Ford,Mustang,77473,2016,Michael Brown,Michael Brown,25979,2596,7256
Ford,Mustang,96470,2016,Michael Brown,Linda Jones,21478,588,9686
Ford,Mustang,36392,2017,Sarah Wilson,Robert Martinez,32201,1367,2697
Ford,F-150,100750,2023,John Carter,Linda Martinez,29645,648,4448
Ford,F-150,23944,2021,Michael Brown,John Miller,20808,1349,3243
Ford,Explorer,67441,2024,Michael Brown,Michael Johnson,21903,505,2361
Ford,Escape,76109,2021,Michael Brown,James Johnson,48059,1417,7876
Ford,Escape,21633,2018,John Carter,James Brown,48016,1718,3479
Ford,Mustang,119728,2022,Sarah Wilson,Patricia Miller,45028,1242,3611
Ford,Escape,115214,2016,Emily Davis,William Davis,19990,1192,3175
Ford,Escape,103544,2023,Michael Brown,Mary Davis,19973,729,7195
Ford,Edge,42860,2020,John Carter,James Davis,25327,536,6669
Ford,Escape,92133,2016,John Carter,Linda Rodriguez,41309,874,3333
Ford,Bronco,105743,2022,Sarah Wilson,Michael Rodriguez,40414,1631,3647
Ford,F-150,101112,2020,John Carter,Michael Smith,29853,1022,8971
Ford,Explorer,93896,2024,Emily Davis,Robert Smith,42661,2065,4813
Ford,Bronco,31364,2022,Michael Brown,Mary Smith,41657,2372,3317
Ford,Escape,7649,2016,John Carter,John Johnson,19416,2660,9415
Ford,F-150,78990,2017,Emily Davis,Linda Johnson,31513,1695,8453
Ford,Explorer,65238,2016,John Carter,James Martinez,29806,1907,8657
Ford,Edge,43849,2021,Emily Davis,John Johnson,25352,2424,9831
Ford,Bronco,9397,2022,John Carter,Elizabeth Brown,49550,1374,3044
Ford,Explorer,16441,2017,Michael Brown,Linda Johnson,49938,723,8527
Ford,Mustang,13486,2015,Sarah Wilson,Mary Rodriguez,35645,2530,9941
Ford,Escape,81941,2021,Michael Brown,William Davis,22492,1824,2111
Ford,F-150,58448,2020,John Carter,James Martinez,48025,1456,5523
Ford,Edge,28376,2024,Sarah Wilson,Mary Williams,42483,2398,4694
Ford,Edge,71721,2021,Michael Brown,Linda Johnson,27535,2430,2654
Ford,Edge,67197,2023,Emily Davis,Mary Miller,43792,2113,5523
Ford,Escape,48136,2017,Michael Brown,Jennifer Johnson,33600,1761,3488
Ford,Mustang,20641,2023,Michael Brown,William Garcia,32811,2626,6119
Ford,F-150,88605,2021,Michael Brown,Mary Miller,34771,2701,8893
Ford,Mustang,27084,2016,Michael Brown,Mary Brown,32558,2130,7144
Ford,F-150,76118,2019,Emily Davis,Jennifer Miller,36183,2315,4234
Ford,F-150,83694,2020,Sarah Wilson,John Rodriguez,28202,1122,5650
Ford,Edge,78347,2022,John Carter,Elizabeth Jones,16640,2086,9703
Ford,Explorer,73583,2024,Emily Davis,Elizabeth Garcia,26093,557,8002
Ford,Mustang,44268,2017,Sarah Wilson,Patricia Martinez,17177,1773,2454
Ford,Mustang,70215,2018,Sarah Wilson,Linda Williams,28832,2134,3461
Ford,Bronco,9409,2020,John Carter,Elizabeth Martinez,43500,1422,4370
Ford,Bronco,67174,2024,Michael Brown,Patricia Jones,17365,898,9323
Ford,Explorer,25196,2017,John Carter,Mary Williams,25748,1074,8952
Ford,F-150,90544,2015,Emily Davis,John Johnson,46496,1099,8301
Ford,Edge,112927,2020,Michael Brown,Elizabeth Garcia,45909,1645,4719
Ford,Bronco,81591,2019,Sarah Wilson,Elizabeth Brown,22868,1146,2109
Ford,Mustang,8765,2019,Emily Davis,Patricia Miller,34602,853,3556
Ford,F-150,110639,2017,Michael Brown,William Davis,23347,682,3786
Ford,Mustang,97170,2023,Emily Davis,Patricia Smith,42970,2956,5052
Ford,F-150,73145,2024,Michael Brown,Michael Williams,15093,1753,-1114
Ford,Explorer,83800,2018,Emily Davis,Michael Rodriguez,38102,1380,4266
Ford,Explorer,88140,2016,Michael Brown,James Smith,25278,1640,2295
Ford,F-150,42176,2015,Sarah Wilson,John Rodriguez,33965,1790,8819
Ford,F-150,106322,2017,Emily Davis,Michael Garcia,38018,1979,9863
Ford,Explorer,21684,2015,Michael Brown,James Miller,22759,2579,5399
Ford,Bronco,16844,2017,John Carter,John Martinez,32514,557,6008
Ford,Mustang,29236,2017,Sarah Wilson,Jennifer Davis,20414,1596,4957
Ford,Mustang,20016,2017,Emily Davis,Patricia Brown,18496,1644,9891
Ford,Mustang,86195,2024,Sarah Wilson,Michael Johnson,25105,2520,6010
Ford,Explorer,119965,2018,Sarah Wilson,John Garcia,47085,2322,9066
Ford,Edge,34505,2017,Sarah Wilson,Elizabeth Brown,22233,1920,8554
Ford,F-150,91693,2020,Emily Davis,William Garcia,21195,776,6111
Ford,Escape,118274,2021,Michael Brown,Linda Johnson,21492,760,2689
Ford,Bronco,8506,2024,John Carter,Linda Garcia,40698,2234,9832
Ford,F-150,107655,2016,Michael Brown,William Garcia,15162,2923,2274
Ford,Escape,91773,2015,Emily Davis,Linda Miller,22080,2434,5828
Ford,F-150,45282,2015,Sarah Wilson,William Davis,38689,2281,2325
Ford,Mustang,7701,2017,Emily Davis,Patricia Williams,33308,2812,6270
Ford,Explorer,35839,2018,John Carter,William Miller,48462,1896,5774
Ford,Escape,32895,2023,Michael Brown,John Garcia,16375,1279,7519
Ford,Edge,44053,2017,Michael Brown,Jennifer Smith,39999,2474,9705
Ford,Bronco,78846,2020,Sarah Wilson,Jennifer Garcia,47423,1999,8267
Ford,Bronco,19718,2018,John Carter,Jennifer Brown,33939,1797,2820
Ford,Mustang,9931,2021,John Carter,Michael Williams,27823,1378,9959
Ford,Mustang,115248,2018,Michael Brown,Robert Smith,37690,2226,3684
Ford,Bronco,54224,2016,Michael Brown,Robert Smith,25686,2694,8029
Ford,Escape,64689,2023,Emily Davis,John Brown,26797,550,7532
Ford,Bronco,62858,2022,Michael Brown,Mary Garcia,33524,1204,2906
Ford,Escape,37816,2020,Sarah Wilson,James Rodriguez,15624,1958,9517
Ford,F-150,62099,2016,John Carter,Jennifer Miller,30585,2789,9484
Ford,F-150,93902,2017,John Carter,Robert Garcia,44962,1303,7094
Ford,Explorer,115047,2023,John Carter,Patricia Martinez,22530,518,3794
Ford,F-150,47078,2022,John Carter,Robert Miller,15663,2902,5816
Ford,F-150,90931,2023,Sarah Wilson,James Garcia,15597,1642,5384
Ford,Explorer,14723,2023,Emily Davis,Mary Williams,41678,2453,5060
Ford,Bronco,7417,2020,Sarah Wilson,Linda Rodriguez,32197,854,3393
Ford,Edge,69309,2018,Sarah Wilson,James Garcia,27176,1172,2549
Ford,Edge,73451,2019,John Carter,Mary Brown,46717,2063,5641
Ford,Edge,96058,2018,Emily Davis,Robert Miller,33597,2537,9153
Ford,F-150,8080,2020,Sarah Wilson,Michael Rodriguez,28573,1671,3682
Ford,Edge,95690,2023,John Carter,William Davis,46361,2963,7916
Ford,Escape,15901,2015,Emily Davis,John Garcia,21929,1947,2097
Ford,Explorer,100257,2021,John Carter,William Garcia,34680,1756,4939
Ford,Mustang,90371,2023,Emily Davis,Mary Miller,49397,589,8515
Ford,Edge,110549,2015,John Carter,William Jones,31952,2146,9921
Ford,F-150,73457,2018,John Carter,Michael Rodriguez,43395,2184,277
Ford,Edge,93696,2022,Michael Brown,William Garcia,25974,750,8498
Ford,F-150,83909,2017,Michael Brown,James Johnson,37659,618,9519
Ford,F-150,111272,2015,Michael Brown,John Williams,30095,2399,748
Ford,Bronco,68963,2022,Emily Davis,William Davis,48621,1406,4823
Ford,Bronco,65924,2023,John Carter,James Miller,33215,1785,8182
Ford,Mustang,110030,2019,Emily Davis,Jennifer Jones,30945,2625,7555
Ford,Edge,32358,2016,John Carter,William Martinez,43248,1924,7629
Ford,Bronco,11218,2019,Michael Brown,Jennifer Miller,41064,881,8557
Ford,Escape,77675,2017,Michael Brown,Jennifer Martinez,38636,1072,7337
Ford,Explorer,98666,2018,Michael Brown,Michael Smith,24574,510,238
Ford,Edge,25650,2015,John Carter,Mary Williams,45285,2772,5988
Ford,Edge,86398,2023,Sarah Wilson,Patricia Brown,17151,850,7369
Ford,Edge,86603,2019,Sarah Wilson,Robert Davis,42978,1146,8315
Ford,Explorer,107312,2024,Sarah Wilson,Elizabeth Smith,47607,662,3609
Ford,Mustang,106811,2015,Michael Brown,James Rodriguez,28358,2952,9976
Ford,Bronco,92691,2022,Michael Brown,Jennifer Rodriguez,41139,703,7395
Ford,Mustang,114762,2019,Emily Davis,Jennifer Williams,48926,1640,4774
Ford,Bronco,75357,2021,Emily Davis,Michael Martinez,19212,685,9212
Ford,F-150,21061,2023,Sarah Wilson,Mary Miller,19053,1414,7713
Ford,F-150,23343,2019,Michael Brown,John Martinez,31702,2898,6462
Ford,Bronco,35862,2020,Michael Brown,John Johnson,36778,2442,7196
Ford,F-150,100977,2017,Sarah Wilson,Jennifer Brown,37019,1147,4888
Ford,Mustang,88923,2016,Michael Brown,Jennifer Johnson,19343,2233,8108
Ford,Edge,104990,2016,Emily Davis,Mary Johnson,17090,2237,9998
Ford,Escape,96465,2020,Sarah Wilson,Jennifer Jones,34102,1512,8210
Ford,F-150,100649,2018,Sarah Wilson,John Garcia,25716,670,2944
Ford,Explorer,102192,2018,Michael Brown,Mary Jones,28617,599,9880
Ford,Explorer,34220,2016,Emily Davis,Michael Williams,15295,2927,5755
Ford,F-150,64165,2015,John Carter,Patricia Williams,16084,1593,2659
Ford,Bronco,59694,2016,Emily Davis,Jennifer Smith,19526,975,9689
Ford,Mustang,40582,2018,Emily Davis,John Smith,35567,1654,9722
Ford,Escape,95654,2020,John Carter,John Garcia,47590,1683,9440
Ford,F-150,115097,2021,Michael Brown,Mary Jones,36899,2717,2469
Ford,Explorer,82908,2019,Michael Brown,Mary Brown,16504,1698,9897
Ford,Escape,109629,2019,Sarah Wilson,Michael Miller,16795,1514,113
Ford,Mustang,102522,2017,Emily Davis,Patricia Garcia,35886,2296,9601
Ford,Bronco,112791,2017,Emily Davis,Mary Jones,22148,2118,2742
Ford,F-150,32273,2023,John Carter,William Johnson,19515,2004,2197
Ford,Mustang,60389,2015,John Carter,James Martinez,21287,914,8020
Ford,Edge,19444,2015,Sarah Wilson,James Johnson,48719,2275,9126
Ford,F-150,21879,2015,John Carter,Michael Martinez,18942,1927,9561
Ford,Edge,119539,2019,John Carter,William Brown,37374,1338,9687
Ford,Mustang,102243,2024,Emily Davis,Robert Rodriguez,26255,1817,4050
Ford,Bronco,116119,2024,Michael Brown,Mary Johnson,47292,2911,221
Ford,Explorer,67258,2015,Emily Davis,Patricia Martinez,19279,1626,4204
Ford,Bronco,43954,2016,Sarah Wilson,John Johnson,39026,2360,6918
Ford,F-150,31033,2016,John Carter,Patricia Williams,42360,2294,8418
Ford,Mustang,113453,2022,Emily Davis,Robert Garcia,42469,1774,-2184
Ford,Explorer,106172,2016,Sarah Wilson,John Davis,49460,1841,9412
Ford,Escape,47681,2015,Michael Brown,Mary Smith,30357,1577,7361
Ford,Explorer,64639,2021,Sarah Wilson,Michael Miller,17953,2770,3992
Ford,Escape,59527,2021,Emily Davis,Patricia Miller,20120,736,9178
Ford,Bronco,105436,2023,Sarah Wilson,William Rodriguez,38950,1708,7979
Ford,Escape,48440,2019,Sarah Wilson,William Brown,28458,1658,3323
Ford,Edge,77723,2023,Michael Brown,Mary Martinez,48542,976,2350
Ford,Bronco,108098,2016,Emily Davis,Michael Davis,41052,2457,4968
Ford,Bronco,47097,2024,Michael Brown,Elizabeth Garcia,22073,2431,6900
Ford,Escape,37054,2020,Michael Brown,Linda Martinez,19986,1602,4411
Ford,F-150,65639,2016,Michael Brown,Jennifer Miller,19567,960,5010
Ford,Mustang,81779,2019,Sarah Wilson,Linda Garcia,27394,1146,6457
Ford,Escape,38349,2020,John Carter,Robert Johnson,33353,2978,6890
Ford,F-150,68460,2018,Michael Brown,Michael Jones,45661,2025,2120
Ford,Mustang,55145,2017,Emily Davis,Jennifer Johnson,31973,1228,5653
Ford,Explorer,10963,2016,Michael Brown,Linda Miller,46342,1893,2528
Ford,F-150,113014,2024,Michael Brown,Elizabeth Jones,21355,1876,5844
Ford,F-150,90386,2020,Emily Davis,Linda Johnson,16454,678,5349
Ford,Explorer,49481,2022,Emily Davis,Robert Rodriguez,41485,1421,8627
Ford,Explorer,86849,2022,Sarah Wilson,Jennifer Williams,31683,1461,4046
Ford,Edge,95059,2017,John Carter,Jennifer Garcia,42416,1358,7330
Ford,F-150,58604,2017,Emily Davis,Michael Jones,19935,1535,6731
Ford,Bronco,38945,2016,Michael Brown,James Garcia,43234,644,9736
Ford,Escape,77748,2022,Emily Davis,Jennifer Rodriguez,31825,2888,5603
Ford,Explorer,61128,2016,John Carter,James Jones,23217,1594,-2649
Ford,F-150,102618,2022,Michael Brown,Robert Miller,42939,2519,5236
Ford,F-150,108171,2016,John Carter,John Garcia,19602,745,5542
Ford,Bronco,68472,2016,Michael Brown,Elizabeth Smith,27247,2624,3551
Ford,Explorer,111752,2022,Sarah Wilson,Patricia Jones,43137,2558,8486
Ford,F-150,12851,2020,Emily Davis,Michael Brown,41514,1680,8844
Ford,Explorer,5690,2017,Michael Brown,Elizabeth Rodriguez,34724,2335,9948
Ford,Edge,52756,2022,Michael Brown,John Jones,41257,1387,5243
Ford,F-150,119105,2021,Emily Davis,Jennifer Miller,36239,1024,4169
Ford,Mustang,40602,2016,Michael Brown,Mary Smith,46617,1892,795
Ford,Explorer,79441,2024,Michael Brown,Patricia Garcia,28610,2385,5637
Ford,Escape,72482,2020,Sarah Wilson,Michael Martinez,29270,1445,8410
Ford,F-150,46118,2021,John Carter,Robert Brown,30679,2439,3601
Ford,Edge,81914,2019,Sarah Wilson,John Williams,34485,592,2408
Ford,Edge,64095,2019,Michael Brown,Michael Williams,34071,500,6011
Ford,Mustang,51659,2021,Sarah Wilson,Elizabeth Smith,21954,2827,2336
Ford,Edge,93657,2018,Sarah Wilson,Robert Martinez,48974,2203,8497
Ford,Mustang,8657,2024,Michael Brown,Robert Johnson,33532,1108,9035
Ford,F-150,24165,2022,Michael Brown,Jennifer Smith,34232,867,8466
Ford,Mustang,18779,2015,Emily Davis,Patricia Martinez,33234,1069,881
Ford,Mustang,34071,2022,Emily Davis,Linda Martinez,23301,647,2963
Ford,Explorer,95218,2017,Sarah Wilson,Robert Jones,21338,1597,6748
Ford,Escape,79525,2023,Michael Brown,Robert Smith,30115,1417,8710
Ford,Escape,42954,2021,Sarah Wilson,Michael Brown,39094,2416,2106
Ford,F-150,76182,2017,John Carter,Jennifer Johnson,37422,2374,8671
Ford,Edge,84589,2017,Emily Davis,Jennifer Brown,18758,591,8451
Ford,Bronco,47698,2016,Emily Davis,John Miller,19210,2809,4252
Ford,Explorer,83961,2018,Sarah Wilson,Mary Garcia,44412,663,8752
Ford,Bronco,39757,2023,Michael Brown,Michael Jones,17475,1517,8619
Ford,F-150,34622,2022,Michael Brown,William Miller,16475,754,2720
Ford,Edge,105857,2021,Emily Davis,James Jones,26873,973,220
Ford,Edge,50398,2021,John Carter,Jennifer Johnson,39728,2577,8872
Ford,Edge,88974,2015,Emily Davis,Mary Smith,45494,1685,6186
Ford,Bronco,6914,2021,Emily Davis,Robert Davis,21808,1105,6739
Ford,Explorer,9597,2015,John Carter,Elizabeth Rodriguez,49659,611,4319
Ford,Bronco,52106,2023,Emily Davis,James Johnson,29255,2627,2382
Ford,Escape,21124,2023,Emily Davis,John Johnson,37852,2553,5577
Ford,Edge,64335,2019,Michael Brown,Patricia Smith,31632,847,8607
Ford,Explorer,93446,2024,Sarah Wilson,Elizabeth Williams,34427,1118,2897
Ford,Escape,29453,2019,Sarah Wilson,Linda Jones,35026,595,2459
Ford,Escape,112069,2020,Michael Brown,Elizabeth Rodriguez,23333,2127,959
Ford,Escape,107283,2021,Michael Brown,Jennifer Davis,36561,1066,8349
Ford,F-150,9439,2016,Emily Davis,William Rodriguez,31602,2030,3112
Ford,F-150,69185,2020,Michael Brown,Linda Jones,19612,1160,5451
Ford,Edge,38541,2023,Emily Davis,Robert Williams,23680,1421,7505
Ford,Explorer,64884,2020,John Carter,Michael Rodriguez,33225,1997,9904
Ford,Explorer,33098,2024,Emily Davis,Elizabeth Jones,24301,2317,279
Ford,Explorer,18412,2022,Emily Davis,Patricia Smith,36701,969,6579
Ford,Explorer,48551,2023,John Carter,Jennifer Brown,41427,2660,5307
Ford,F-150,23080,2018,John Carter,Patricia Brown,45993,1154,2898
Ford,Escape,61903,2018,Emily Davis,Jennifer Davis,29247,1519,4453
Ford,Explorer,80624,2018,Michael Brown,William Garcia,29615,2029,9606
Ford,F-150,23658,2019,John Carter,Linda Johnson,43907,2534,4221
Ford,Edge,55540,2017,John Carter,Michael Martinez,16133,1482,9174
Ford,Bronco,110655,2017,Michael Brown,Michael Jones,41178,1061,3971
Ford,Mustang,18995,2018,John Carter,John Miller,30974,2004,7012
Ford,Escape,29195,2016,John Carter,John Davis,39065,1885,6888
Ford,Edge,17754,2019,John Carter,Patricia Miller,28950,1650,2353
Ford,Mustang,13266,2019,Michael Brown,Michael Rodriguez,38993,668,7456
Ford,Edge,44014,2024,John Carter,Patricia Rodriguez,20122,2250,9713
Ford,F-150,118363,2016,Michael Brown,Jennifer Miller,23892,1642,4693
Ford,F-150,37426,2021,Michael Brown,Mary Smith,20838,1942,3405
Ford,Escape,46452,2020,Sarah Wilson,James Martinez,29747,1640,9628
Ford,Explorer,33410,2023,Emily Davis,Patricia Williams,44597,2672,2857
Ford,Mustang,42966,2016,John Carter,Mary Jones,46561,1590,7714
Ford,Escape,43132,2016,Emily Davis,Robert Smith,19137,1161,900
Ford,Mustang,60880,2019,Emily Davis,Robert Smith,20155,711,7010
Ford,F-150,103491,2019,John Carter,Mary Garcia,16357,2943,2566
Ford,Mustang,113085,2018,Sarah Wilson,Mary Brown,20925,1334,6385
Ford,Explorer,86472,2020,Sarah Wilson,John Rodriguez,27550,1168,9473
Ford,Mustang,57729,2024,Emily Davis,Elizabeth Brown,39599,1314,892
Ford,Bronco,7099,2018,Michael Brown,Mary Garcia,42609,2350,9696
Ford,Escape,98186,2023,Sarah Wilson,William Martinez,47028,2913,9842
Ford,F-150,56337,2017,Sarah Wilson,Linda Johnson,35083,947,4934
Ford,Explorer,109719,2015,Emily Davis,William Jones,36227,2252,3511
Ford,Explorer,67068,2021,John Carter,James Brown,36391,2029,-1093
Ford,Mustang,33557,2018,John Carter,Patricia Martinez,45182,2401,6342
Ford,Explorer,119312,2016,Sarah Wilson,Mary Miller,37927,2788,5725
Ford,Edge,106775,2015,Emily Davis,Patricia Davis,36763,876,6944
Ford,Bronco,62110,2021,John Carter,John Garcia,25303,733,5341
Ford,Mustang,103984,2016,Sarah Wilson,Elizabeth Martinez,49556,2770,3861
Ford,Mustang,11326,2016,Sarah Wilson,Elizabeth Miller,36864,1354,4311
Ford,Explorer,108860,2021,Michael Brown,John Garcia,35152,1863,4856
Ford,Explorer,51499,2017,Sarah Wilson,Jennifer Smith,40975,1279,9107
Ford,Explorer,8341,2018,Sarah Wilson,Linda Smith,31466,1118,5420
Ford,Edge,84730,2017,Emily Davis,Patricia Miller,32603,1991,9165
Ford,Escape,61036,2024,John Carter,Jennifer Martinez,42606,2462,6073
Ford,Bronco,66307,2024,Emily Davis,William Brown,20613,1271,7200
Ford,Edge,56222,2015,John Carter,William Brown,15339,1118,948
Ford,Edge,87556,2018,Emily Davis,James Rodriguez,34768,1842,5982
Ford,Bronco,64405,2018,Sarah Wilson,Michael Rodriguez,42727,839,3938
Ford,Bronco,107875,2017,Michael Brown,Patricia Smith,47903,1947,5679
Ford,Explorer,74005,2022,Michael Brown,James Davis,28404,1104,6000
Ford,Mustang,59018,2015,Sarah Wilson,Michael Williams,32961,961,8997
Ford,Edge,50775,2024,Sarah Wilson,Linda Martinez,44407,1095,8873
Ford,Escape,85859,2019,Sarah Wilson,Linda Jones,21244,1372,7507
Ford,Explorer,96428,2019,John Carter,James Martinez,25904,703,2415
Ford,Escape,72895,2020,Sarah Wilson,John Jones,41219,1100,5965
Ford,Escape,79433,2020,Michael Brown,Michael Rodriguez,33574,1844,6904
Ford,Explorer,101306,2018,Sarah Wilson,Jennifer Brown,37116,2265,7131
Ford,Edge,74775,2024,Sarah Wilson,John Miller,34689,1500,2304
Ford,Explorer,62481,2020,John Carter,William Brown,43252,2163,5654
Ford,Edge,89800,2016,John Carter,Jennifer Williams,43258,2643,6339
Ford,Mustang,27077,2016,Sarah Wilson,Linda Johnson,42034,1119,7876
Ford,Mustang,99843,2016,John Carter,Elizabeth Garcia,41231,1749,8772
Ford,Bronco,10593,2023,Sarah Wilson,Jennifer Miller,45423,2052,5291
Ford,Edge,91160,2023,John Carter,Linda Davis,49160,1204,5792
Ford,Escape,94172,2022,John Carter,Mary Johnson,33391,1032,2081
Ford,Edge,15442,2022,Emily Davis,John Martinez,46928,1966,5447
Ford,F-150,49210,2017,Emily Davis,Jennifer Williams,46856,1018,4781
Ford,F-150,84365,2017,Michael Brown,Patricia Smith,48174,1476,3417
Ford,Bronco,20934,2020,Sarah Wilson,Linda Williams,31287,825,4360
Ford,Explorer,36002,2018,Michael Brown,Michael Miller,29121,1414,5592
Ford,Escape,24392,2024,John Carter,Robert Smith,36874,1329,382
Ford,Edge,96321,2023,John Carter,James Williams,31773,1016,8397
Ford,Explorer,23275,2019,John Carter,Mary Martinez,35463,1108,7627
Ford,Escape,18492,2019,John Carter,Elizabeth Smith,17839,2771,5322
Ford,Escape,69646,2015,Sarah Wilson,Patricia Miller,41397,1201,4290
Ford,Mustang,20881,2019,Michael Brown,William Brown,37492,523,477
Ford,Escape,99235,2018,Sarah Wilson,Elizabeth Rodriguez,47134,1881,3551
Ford,Escape,65206,2017,Michael Brown,Elizabeth Davis,36176,1157,6896
Ford,F-150,74605,2019,Michael Brown,Patricia Smith,36492,1773,4234
Ford,Edge,86670,2017,Sarah Wilson,Michael Davis,36089,639,3583
Ford,Escape,66345,2024,Sarah Wilson,Robert Miller,16566,2219,9204
Ford,Explorer,28609,2021,Sarah Wilson,Robert Williams,18611,2873,9857
Ford,Edge,22344,2021,Emily Davis,James Smith,22113,1681,7343
Ford,Bronco,57227,2016,Sarah Wilson,John Brown,38292,1754,5457
Ford,Edge,30979,2024,Michael Brown,John Martinez,35237,719,8240
Ford,Edge,48942,2024,Emily Davis,Jennifer Williams,16866,1916,4656
Ford,Edge,70769,2017,Emily Davis,James Jones,46049,1093,2096
Ford,Escape,116601,2018,Michael Brown,John Rodriguez,26250,1767,6162
Ford,F-150,32980,2015,Sarah Wilson,Linda Johnson,43297,576,7820
Ford,Explorer,43270,2015,Emily Davis,William Williams,24567,1696,9728
Ford,Edge,70447,2016,Michael Brown,James Johnson,32269,2671,137
Ford,F-150,118181,2023,Michael Brown,Linda Jones,47696,2345,9251
Ford,Edge,37785,2018,Sarah Wilson,Patricia Garcia,46528,1362,6198
Ford,Mustang,50692,2016,Michael Brown,Patricia Garcia,38567,630,5795
Ford,Escape,23646,2017,Emily Davis,Robert Jones,42002,1434,5884
Ford,Bronco,91003,2018,Sarah Wilson,James Martinez,15753,637,8212
Ford,Bronco,97102,2015,Emily Davis,Jennifer Miller,30243,1290,4009
Ford,Mustang,85628,2020,Emily Davis,William Smith,22547,729,9997
Ford,Escape,9915,2015,Sarah Wilson,John Davis,36943,1098,6553
Ford,Escape,80983,2020,Michael Brown,Robert Martinez,47312,517,7604
Ford,Bronco,64304,2016,Sarah Wilson,Jennifer Rodriguez,37666,2856,6222
Ford,Edge,46801,2020,John Carter,William Johnson,24833,682,6958
Ford,Mustang,79555,2019,John Carter,John Johnson,27663,1649,2891
Ford,F-150,115073,2023,John Carter,Michael Jones,40579,630,4894
Ford,F-150,113007,2022,John Carter,Michael Garcia,25556,1476,8118
Ford,Escape,106083,2016,John Carter,Mary Williams,27622,2816,6616
Ford,Edge,33693,2021,Michael Brown,Linda Martinez,16787,2599,6129
Ford,Explorer,100400,2016,John Carter,Robert Johnson,18462,2533,4097
Ford,Edge,83074,2017,Emily Davis,James Jones,22446,2941,9174
Ford,Bronco,49065,2015,Sarah Wilson,Robert Smith,24776,1914,3725
Ford,Mustang,101567,2019,John Carter,Mary Williams,36348,1227,6768
Ford,F-150,57781,2015,Sarah Wilson,Jennifer Miller,24001,1014,4199
Ford,Explorer,28332,2022,Emily Davis,James Brown,32107,2446,6575
Ford,Mustang,5297,2023,Michael Brown,Robert Johnson,38073,2256,-1631
Ford,F-150,90545,2022,Sarah Wilson,Elizabeth Miller,42719,2597,3537
Ford,Edge,76641,2022,Emily Davis,John Garcia,35882,650,6772
Ford,F-150,75629,2021,Emily Davis,Jennifer Johnson,46180,2646,7499
Ford,Escape,65338,2015,Michael Brown,Jennifer Davis,31655,1178,4029
Ford,Explorer,16147,2019,Michael Brown,Linda Martinez,33295,1587,2263
Ford,Mustang,21638,2015,Emily Davis,Jennifer Garcia,41508,2895,9383
Ford,Escape,41437,2017,Michael Brown,William Rodriguez,44775,2463,8190
Ford,Mustang,114289,2022,John Carter,Linda Brown,18983,2439,8775
Ford,Explorer,66590,2024,Sarah Wilson,John Miller,19104,2107,2067
Ford,Explorer,92638,2017,John Carter,Jennifer Jones,49189,627,3972
Ford,F-150,51828,2015,John Carter,John Martinez,48471,875,3215
Ford,Bronco,63323,2024,John Carter,Linda Miller,48987,1914,7824
Ford,Escape,6071,2019,Emily Davis,William Brown,19792,682,764
Ford,Bronco,60906,2015,Sarah Wilson,Mary Miller,15502,1277,4377
Ford,Explorer,118484,2024,Michael Brown,William Williams,47803,1993,6480
Ford,Edge,116855,2017,Emily Davis,Jennifer Rodriguez,37577,1958,6970
Ford,Mustang,54260,2023,John Carter,Elizabeth Davis,25836,2388,442
Ford,Edge,69040,2020,John Carter,Jennifer Rodriguez,37828,2959,2372
Ford,F-150,20703,2018,John Carter,William Rodriguez,18272,2850,9681
Ford,F-150,19823,2016,Emily Davis,Elizabeth Garcia,37668,1372,2441
Ford,Edge,15552,2023,Emily Davis,Mary Rodriguez,43177,1544,8619
Ford,Explorer,66992,2016,Michael Brown,Michael Jones,18613,1715,6995
Ford,Escape,53973,2020,Michael Brown,Patricia Garcia,23024,2247,5536
Ford,Bronco,29649,2023,Michael Brown,Robert Davis,42483,1724,969
Ford,Explorer,54628,2018,Emily Davis,Patricia Miller,39881,793,7781
Ford,Explorer,10611,2021,John Carter,Linda Johnson,21198,2379,5547
Ford,Escape,13981,2022,John Carter,Patricia Brown,38958,1806,4004
Ford,Explorer,23711,2021,Emily Davis,William Jones,28389,2274,2259
Ford,F-150,59616,2024,Sarah Wilson,James Jones,26192,1027,5950
Ford,Escape,111806,2021,John Carter,Elizabeth Garcia,17612,709,3427
Ford,Bronco,57573,2019,Sarah Wilson,Jennifer Jones,20883,1009,7836
Ford,Bronco,63120,2022,Sarah Wilson,Mary Johnson,29178,1701,2111
Ford,Mustang,18625,2017,Emily Davis,Patricia Davis,24873,2288,8020
Ford,Escape,58735,2023,Michael Brown,Linda Davis,18562,971,5871
Ford,Mustang,51361,2024,Emily Davis,James Smith,15235,2122,7793
Ford,Bronco,77486,2019,Sarah Wilson,Jennifer Rodriguez,18274,2850,3322
Ford,Bronco,10851,2023,Sarah Wilson,Elizabeth Johnson,17854,1137,4487
Ford,Bronco,61803,2024,Michael Brown,Linda Johnson,39718,612,4819
Ford,Mustang,48778,2018,Michael Brown,Elizabeth Rodriguez,36162,687,6085
Ford,Explorer,117268,2017,Sarah Wilson,John Jones,33047,2064,8569
Ford,Mustang,8994,2017,Michael Brown,Robert Johnson,45972,1217,9026
Ford,Bronco,94431,2020,John Carter,Michael Smith,23468,1587,568
Ford,Mustang,109158,2017,John Carter,William Martinez,24452,517,8040
Ford,Bronco,98809,2024,John Carter,William Brown,24080,1217,9788
Ford,Escape,116517,2023,Michael Brown,Jennifer Brown,41651,1022,9174
Ford,Explorer,115376,2021,Michael Brown,Michael Jones,18489,597,2471
Ford,Bronco,97103,2020,Sarah Wilson,Michael Williams,42162,770,6089
Ford,Mustang,15737,2019,Michael Brown,Linda Rodriguez,44006,2225,6493
Ford,Escape,81083,2017,Emily Davis,Mary Davis,31866,1268,5136
Ford,Mustang,47995,2018,Emily Davis,Jennifer Miller,32342,880,2425
Ford,Mustang,9487,2018,John Carter,John Johnson,35249,2141,2790
Ford,Escape,37882,2019,Michael Brown,Michael Smith,26746,1487,5103
Ford,Bronco,49937,2016,John Carter,Mary Johnson,17607,931,5477
Ford,Mustang,77177,2022,Emily Davis,Patricia Miller,49211,2255,8125
Ford,Explorer,88806,2017,Emily Davis,Michael Johnson,40225,1209,6632
Ford,F-150,35814,2016,Michael Brown,Michael Davis,23504,1929,6141
Ford,Edge,40219,2024,Sarah Wilson,Jennifer Smith,17278,955,7326
Ford,Mustang,24412,2017,Michael Brown,Jennifer Miller,33985,1605,2909
Ford,Bronco,102055,2021,Sarah Wilson,William Garcia,27897,2897,397
Ford,F-150,115707,2022,Emily Davis,John Martinez,43442,1751,6680
Ford,Mustang,43741,2018,Michael Brown,Patricia Martinez,48269,2090,7055
Ford,Edge,100574,2020,Michael Brown,Elizabeth Rodriguez,16811,2412,5931
Ford,Edge,14393,2021,Emily Davis,Elizabeth Smith,15614,2387,4638
Ford,Explorer,20767,2022,Sarah Wilson,William Smith,39343,1604,6899
Ford,Mustang,12064,2017,Michael Brown,Linda Brown,44288,2513,953
Ford,Explorer,44829,2016,John Carter,Michael Smith,37740,2593,239
Ford,Explorer,54580,2020,Sarah Wilson,Jennifer Davis,31313,1332,3836
Ford,Mustang,117224,2024,Emily Davis,Robert Brown,21156,2933,8466
Ford,Mustang,53597,2018,Michael Brown,Mary Jones,20609,1326,4614
Ford,Mustang,57231,2017,Emily Davis,James Miller,31425,2361,3103
Ford,Bronco,36330,2021,Michael Brown,John Williams,31185,2569,4654
Ford,Bronco,75205,2015,Emily Davis,Patricia Rodriguez,19423,1215,9433
Ford,Explorer,71145,2017,Michael Brown,Robert Williams,24699,2186,5043
Ford,Bronco,62491,2016,Michael Brown,Robert Miller,41735,727,8132
Ford,Edge,38326,2015,John Carter,Jennifer Brown,46798,796,9809
Ford,F-150,7003,2016,John Carter,Michael Davis,21613,1950,836
Ford,Edge,83451,2022,John Carter,Patricia Smith,21047,2030,2290
Ford,F-150,90304,2022,Sarah Wilson,William Rodriguez,25375,2351,2589
Ford,Edge,25698,2018,Michael Brown,Patricia Smith,34043,765,3312
Ford,Explorer,12552,2019,John Carter,Robert Rodriguez,38081,2540,2133
Ford,Explorer,34326,2018,John Carter,Patricia Smith,44801,571,5786
Ford,Edge,52202,2019,Emily Davis,William Brown,38094,1042,2612
Ford,Explorer,34042,2020,Emily Davis,Linda Martinez,37291,2430,4798
Ford,Explorer,60214,2022,Emily Davis,Mary Brown,39449,2737,7938
Ford,Mustang,81709,2022,Emily Davis,Jennifer Johnson,26640,945,9718
Ford,Explorer,74290,2020,Sarah Wilson,William Williams,25666,2243,5277
Ford,Explorer,61689,2019,Michael Brown,Mary Miller,30172,884,2763
Ford,Bronco,68705,2023,Sarah Wilson,Robert Garcia,31873,2643,9893
Ford,F-150,82404,2015,John Carter,Robert Garcia,30569,801,7560
Ford,F-150,98612,2015,John Carter,Michael Jones,48741,975,3395
Ford,Escape,21119,2022,Emily Davis,Patricia Williams,21214,1374,7397
Ford,Bronco,107365,2022,Sarah Wilson,John Williams,41944,628,7585
Ford,Bronco,36581,2022,John Carter,John Davis,20140,2873,8187
Ford,Bronco,47848,2023,Michael Brown,John Brown,18504,2062,5415
Ford,Explorer,46234,2017,Michael Brown,Patricia Smith,46189,2183,2443
Ford,Mustang,110306,2016,Emily Davis,Patricia Johnson,15678,2447,5410
Ford,Escape,79772,2015,Emily Davis,James Williams,29990,2738,8567
Ford,Bronco,24451,2018,John Carter,Patricia Garcia,15940,1579,6109
Ford,Bronco,56873,2017,Michael Brown,Elizabeth Garcia,42064,2811,3678
Ford,Mustang,98416,2015,Sarah Wilson,Mary Johnson,40548,1297,8149
Ford,F-150,86720,2016,Michael Brown,Jennifer Davis,21058,2334,8152
Ford,Edge,64942,2015,Michael Brown,John Williams,41557,915,9507
Ford,Escape,66092,2021,John Carter,Jennifer Brown,19158,1480,8432
Ford,Edge,94637,2023,Sarah Wilson,Jennifer Garcia,23286,1449,9517
Ford,F-150,26118,2016,Emily Davis,Michael Johnson,47284,1201,7077
Ford,Bronco,30185,2024,Emily Davis,Robert Brown,19785,2607,2286
Ford,Explorer,56476,2018,Michael Brown,Linda Jones,45815,2776,3954
Ford,Mustang,81629,2020,Sarah Wilson,Michael Martinez,36628,2922,3552
Ford,Bronco,14957,2020,John Carter,Mary Brown,48917,1459,628
Ford,F-150,110542,2019,John Carter,Michael Jones,48671,1038,8868
Ford,Bronco,115612,2023,Emily Davis,Robert Martinez,31386,2751,6550
Ford,F-150,11027,2022,John Carter,William Brown,24382,1139,5781
Ford,Mustang,103594,2018,Michael Brown,James Johnson,21660,990,8967
Ford,F-150,25050,2019,Michael Brown,John Williams,15803,1633,6070
Ford,Escape,108613,2021,John Carter,Robert Miller,19808,500,2807
Ford,Bronco,31768,2024,Sarah Wilson,Robert Johnson,49851,1771,4103
Ford,Mustang,77469,2018,Emily Davis,Patricia Garcia,41545,1624,6351
Ford,Edge,45630,2019,Emily Davis,Elizabeth Williams,42307,847,7242
Ford,Mustang,71050,2022,Michael Brown,Michael Martinez,20516,2512,9928
Ford,Bronco,31686,2019,Emily Davis,Linda Brown,42955,2569,6281
Ford,Edge,66938,2023,Emily Davis,Robert Brown,20548,1401,4988
Ford,Explorer,101901,2023,Emily Davis,Mary Smith,19247,2578,9034
Ford,Explorer,85447,2023,Emily Davis,James Garcia,36169,1329,9146
Ford,Edge,8706,2020,John Carter,Elizabeth Rodriguez,44395,2572,6989
Ford,Mustang,19899,2018,Emily Davis,Linda Garcia,40436,774,6681
Ford,Edge,23575,2021,Emily Davis,Patricia Williams,17875,749,8767
Ford,F-150,34231,2016,Sarah Wilson,James Williams,44925,2435,7003
Ford,Escape,103870,2023,Emily Davis,John Brown,44101,972,2611
Ford,F-150,48009,2018,Emily Davis,Elizabeth Jones,16505,522,2505
Ford,Escape,40675,2017,Emily Davis,Patricia Davis,31800,2480,9858
Ford,Mustang,64526,2023,John Carter,John Martinez,32624,1897,2365
Ford,Mustang,14898,2021,Michael Brown,Elizabeth Miller,29858,552,5720
Ford,Escape,91807,2022,Sarah Wilson,Michael Garcia,35656,601,4239
Ford,Edge,116891,2021,Emily Davis,Jennifer Johnson,47731,2233,8867
Ford,Escape,72983,2018,Michael Brown,Elizabeth Williams,35952,1626,3775
Ford,Edge,77439,2016,Sarah Wilson,James Jones,18011,2920,5542
Ford,F-150,84813,2017,Emily Davis,Michael Johnson,27047,1100,8755
Ford,F-150,10722,2020,John Carter,Linda Smith,17704,697,5223
Ford,Explorer,46991,2017,Michael Brown,Linda Brown,49462,788,4676
Ford,Escape,94793,2023,Emily Davis,Michael Rodriguez,19398,1571,2715
Ford,Bronco,45026,2023,Sarah Wilson,Robert Brown,22172,2680,3149
Ford,Edge,31209,2017,Sarah Wilson,John Smith,48145,1353,7309
Ford,F-150,44509,2023,John Carter,Mary Martinez,34174,984,9461
Ford,Explorer,49191,2015,Emily Davis,Linda Johnson,42994,2558,8322
Ford,Edge,91880,2017,Michael Brown,James Rodriguez,19782,1479,6627
Ford,F-150,78966,2022,Sarah Wilson,John Smith,33951,2913,7102
Ford,Escape,18629,2017,Sarah Wilson,Elizabeth Johnson,16952,2715,3945
Ford,F-150,50973,2021,Emily Davis,Jennifer Miller,26638,1239,6358
Ford,Escape,80267,2023,Michael Brown,Robert Martinez,16204,1041,6436
Ford,F-150,65220,2021,Sarah Wilson,Patricia Davis,48259,1683,3583
Ford,Mustang,65085,2015,John Carter,James Miller,47977,2529,9329
Ford,F-150,82595,2016,Sarah Wilson,Mary Garcia,34402,1848,6684
Ford,Escape,28826,2018,Emily Davis,William Garcia,47659,1658,9736
Ford,Edge,9313,2024,John Carter,Elizabeth Martinez,27949,2710,9042
Ford,Mustang,74446,2017,John Carter,John Williams,23340,2113,7778
Ford,Explorer,59024,2020,John Carter,John Miller,38058,1657,9909
Ford,Escape,16333,2018,Emily Davis,Mary Martinez,49984,2774,2725
Ford,Escape,98579,2023,Sarah Wilson,Michael Rodriguez,44949,2265,8121
Ford,F-150,29874,2019,Emily Davis,Michael Davis,16947,1513,3388
Ford,Edge,8609,2021,Sarah Wilson,Michael Johnson,48858,1220,6733
Ford,Mustang,52596,2016,Emily Davis,William Williams,25035,1532,5135
Ford,Explorer,116619,2023,Sarah Wilson,Patricia Smith,33995,1604,9717
Ford,Edge,40325,2016,John Carter,Jennifer Garcia,45477,2389,5813
Ford,Edge,44576,2023,John Carter,John Garcia,19932,2729,4719
Ford,Edge,92615,2017,John Carter,Mary Williams,25308,2061,7383
Ford,F-150,6651,2017,Sarah Wilson,Robert Jones,35489,2452,4391
Ford,Mustang,40363,2017,John Carter,James Rodriguez,26115,2420,6890
Ford,Bronco,96418,2019,Sarah Wilson,Linda Jones,48118,2018,404
Ford,F-150,58854,2018,Emily Davis,William Davis,23641,2940,5972
Ford,Explorer,104542,2024,Sarah Wilson,Linda Johnson,43301,2924,7969
Ford,Escape,65706,2024,John Carter,Linda Jones,34201,1255,8080
Ford,Escape,108936,2024,Sarah Wilson,Michael Johnson,34098,2531,9071
Ford,Explorer,27979,2020,Sarah Wilson,Robert Williams,46574,1786,7793
Ford,Escape,36795,2015,Emily Davis,Robert Jones,35326,514,5007
Ford,Edge,49490,2015,John Carter,Robert Miller,36731,1765,3093
Ford,Explorer,60464,2020,Emily Davis,James Rodriguez,44528,2335,9564
Ford,Explorer,101724,2015,Michael Brown,Jennifer Williams,22591,2453,4481
Ford,F-150,29667,2015,Michael Brown,Michael Martinez,37911,1579,9057
Ford,F-150,22817,2023,John Carter,Mary Jones,43777,2180,6189
Ford,Bronco,89110,2018,Michael Brown,William Davis,46180,953,6890
Ford,Bronco,24826,2019,Michael Brown,Elizabeth Rodriguez,46651,951,8887
Ford,Escape,62768,2016,Emily Davis,Elizabeth Johnson,40816,1567,4485
Ford,F-150,8930,2021,Emily Davis,James Rodriguez,42647,1142,8102
Ford,Bronco,55093,2017,Sarah Wilson,John Brown,34776,1175,2794
Ford,Mustang,86730,2022,John Carter,Patricia Davis,45969,2590,5555
Ford,F-150,11128,2024,Michael Brown,Robert Garcia,43863,768,9965
Ford,F-150,82923,2020,John Carter,John Martinez,23955,2622,6129
Ford,Explorer,113849,2022,Michael Brown,Jennifer Brown,40269,2995,4380
Ford,Explorer,59608,2023,John Carter,Linda Garcia,47287,2649,4158
Ford,Bronco,16924,2023,John Carter,John Smith,36768,1083,7218
Ford,F-150,98634,2024,Michael Brown,Patricia Smith,41345,2972,7419
Ford,Escape,31532,2021,Sarah Wilson,Jennifer Miller,15658,2395,3045
Ford,Explorer,42987,2024,Emily Davis,Jennifer Jones,23824,2746,3625
Ford,Edge,23430,2018,John Carter,Jennifer Rodriguez,30236,2805,3340
Ford,Explorer,110257,2020,John Carter,James Johnson,36108,2574,4543
Ford,Bronco,114484,2022,Emily Davis,William Martinez,44423,865,7128
Ford,Mustang,81865,2024,Michael Brown,Mary Davis,42261,872,6327
Ford,Explorer,7814,2022,Sarah Wilson,William Davis,21972,526,-4133
Ford,Explorer,77502,2016,Sarah Wilson,Elizabeth Martinez,32838,2728,6559
Ford,Edge,5563,2020,John Carter,Elizabeth Garcia,32287,1362,4051
Ford,Bronco,12992,2022,Sarah Wilson,Mary Jones,20877,2292,5568
Ford,Bronco,94514,2021,Michael Brown,Linda Miller,39803,2859,6298
Ford,Bronco,73754,2015,John Carter,Elizabeth Rodriguez,19818,2659,2991
Ford,Escape,60319,2024,John Carter,William Davis,27587,1310,5337
Ford,Bronco,74836,2023,Michael Brown,Elizabeth Johnson,41440,1296,2973
Ford,Mustang,88492,2020,John Carter,Linda Martinez,45709,1853,2717
Ford,Escape,45408,2017,Emily Davis,Elizabeth Rodriguez,39951,926,6471
Ford,Escape,92964,2022,Michael Brown,James Martinez,42172,1219,5098
Ford,Explorer,67458,2021,Michael Brown,Patricia Rodriguez,40500,648,9944
Ford,Escape,111286,2024,Sarah Wilson,Linda Davis,46410,2431,2466
Ford,F-150,38489,2022,Sarah Wilson,Linda Martinez,32252,2740,2686
Ford,Explorer,86111,2019,Michael Brown,Mary Brown,41815,1143,7489
Ford,F-150,50225,2024,Sarah Wilson,Jennifer Garcia,38570,860,3057
Ford,Bronco,90082,2019,Michael Brown,William Miller,39146,2182,4711
Ford,Escape,64410,2015,John Carter,Linda Jones,27486,891,2127
Ford,Mustang,22790,2021,Sarah Wilson,Jennifer Rodriguez,18251,2307,7282
Ford,Explorer,63938,2016,Sarah Wilson,Patricia Miller,33543,978,7742
Ford,Bronco,83303,2020,John Carter,Linda Miller,16829,821,7921
Ford,F-150,21747,2018,Sarah Wilson,Patricia Jones,33177,549,6964
Ford,Mustang,114199,2019,Sarah Wilson,Michael Garcia,35819,2762,9691
Ford,Bronco,17780,2020,Michael Brown,Patricia Johnson,31169,2146,6654
Ford,Mustang,39287,2023,John Carter,Mary Jones,32494,2640,2539
Ford,Explorer,42547,2021,Michael Brown,William Garcia,28428,692,6584
Ford,Explorer,29160,2023,Sarah Wilson,Michael Garcia,26773,991,5643
Ford,F-150,46393,2018,John Carter,Michael Brown,23493,2647,665
Ford,F-150,47444,2015,Sarah Wilson,Michael Rodriguez,27584,532,2356
Ford,Edge,53400,2024,Sarah Wilson,Michael Rodriguez,32396,2478,3131
Ford,Explorer,88295,2017,Michael Brown,Michael Jones,29073,1101,9792
Ford,Mustang,49167,2015,John Carter,Patricia Davis,26760,2764,5044
Ford,Escape,9688,2015,Sarah Wilson,Robert Garcia,28351,2415,3405
Ford,Escape,71551,2020,Emily Davis,Patricia Garcia,18410,844,8022
Ford,Edge,100289,2015,Emily Davis,Robert Rodriguez,39942,744,3366
Ford,Edge,114628,2024,Sarah Wilson,Elizabeth Miller,38735,2354,2112
Ford,Escape,77801,2024,Emily Davis,Robert Brown,27506,1239,5172
Ford,Bronco,95493,2023,Michael Brown,William Jones,31579,2819,5687
Ford,Explorer,8408,2016,John Carter,William Martinez,20965,877,5974
Ford,Bronco,119306,2015,John Carter,Jennifer Martinez,41007,607,2762
Ford,F-150,113624,2022,Emily Davis,James Miller,19702,582,2858
Ford,Mustang,49560,2023,John Carter,Linda Miller,48061,684,5035
Ford,F-150,57619,2023,Emily Davis,Michael Johnson,47069,1173,427
Ford,Bronco,103905,2018,Michael Brown,Jennifer Brown,18774,696,2528
Ford,Mustang,67375,2016,Michael Brown,William Davis,34441,2109,4708
Ford,Edge,14763,2019,Michael Brown,Elizabeth Smith,45149,2886,5794
Ford,Edge,46358,2020,Emily Davis,Elizabeth Jones,25678,1356,8218
Ford,F-150,42603,2018,Michael Brown,Linda Johnson,34815,2062,8671
Ford,Edge,14716,2018,Emily Davis,Mary Garcia,19466,694,7013
Ford,Explorer,51097,2024,John Carter,Elizabeth Miller,24346,1507,9173
Ford,Bronco,24337,2017,Michael Brown,Robert Jones,37071,662,4341
Ford,F-150,23079,2024,John Carter,Jennifer Williams,47834,1704,3798
Ford,Edge,107601,2019,Michael Brown,Patricia Garcia,48095,2444,8668
Ford,Mustang,81845,2020,Sarah Wilson,Elizabeth Johnson,22147,908,118
Ford,Bronco,111425,2023,Michael Brown,Elizabeth Rodriguez,28238,2588,8498
Ford,Explorer,115777,2015,Sarah Wilson,Mary Davis,33057,1845,6391
Ford,F-150,65320,2018,Michael Brown,Elizabeth Brown,39651,2039,9049
Ford,Bronco,106737,2015,Michael Brown,Robert Brown,40033,1372,2172
Ford,Escape,75839,2023,John Carter,Linda Jones,43611,960,7740
Ford,Edge,113599,2023,John Carter,Elizabeth Williams,41286,2672,3374
Ford,Explorer,47213,2022,Sarah Wilson,Michael Davis,36328,709,5173
Ford,Bronco,76183,2023,Sarah Wilson,Mary Jones,27576,2245,3856
Ford,F-150,113837,2024,Sarah Wilson,Linda Brown,43390,1850,7603
Ford,Explorer,105759,2022,Sarah Wilson,Elizabeth Williams,20137,2257,6139
Ford,Escape,99321,2019,Emily Davis,Robert Williams,26737,2176,4564
Ford,F-150,66441,2024,Michael Brown,Linda Miller,46906,2580,6978
Ford,Edge,89518,2021,Emily Davis,Mary Johnson,37265,2991,2685
Ford,F-150,42652,2021,Michael Brown,William Johnson,18751,2983,682
Ford,Bronco,115368,2021,Emily Davis,Jennifer Williams,16868,1647,7613
Ford,Escape,44620,2022,Emily Davis,Robert Brown,23458,2163,2515
Ford,Mustang,115838,2020,Sarah Wilson,Michael Davis,46306,539,2816
Ford,Escape,108924,2023,Sarah Wilson,Jennifer Brown,24121,1394,2493
Ford,Bronco,102010,2017,John Carter,Jennifer Johnson,43326,797,3501
Ford,F-150,9143,2023,John Carter,Linda Garcia,38535,2720,8639
Ford,Explorer,103163,2022,John Carter,Mary Smith,16320,1828,7994
Ford,Escape,75151,2024,Emily Davis,Jennifer Johnson,29785,2574,8095
Ford,F-150,112602,2015,Sarah Wilson,John Brown,24095,1806,9865
Ford,Bronco,66929,2023,Emily Davis,Jennifer Williams,15311,1905,7471
Ford,Escape,5128,2022,John Carter,Mary Garcia,28342,1646,9170
Ford,Bronco,30232,2018,Michael Brown,Robert Johnson,37698,1739,2180
Ford,F-150,74348,2015,Emily Davis,Michael Miller,36068,1294,7535
Ford,F-150,105435,2018,Michael Brown,William Williams,48988,1554,4803
Ford,Explorer,49772,2016,Michael Brown,Michael Johnson,23591,1693,6547
Ford,Escape,64544,2022,Emily Davis,James Brown,19617,2034,6918
Ford,Explorer,85511,2021,John Carter,William Jones,42283,653,3501
Ford,Bronco,37021,2016,Sarah Wilson,Elizabeth Davis,21186,2727,5200
Ford,Explorer,94918,2017,Emily Davis,Michael Martinez,43186,1849,5617
Ford,Bronco,88250,2018,Michael Brown,John Smith,20244,2690,2101
Ford,Edge,10397,2024,John Carter,Mary Williams,45202,2607,4204
Ford,F-150,20085,2021,John Carter,Jennifer Williams,19362,2862,7458
Ford,Escape,104050,2024,Sarah Wilson,William Williams,39973,2767,2791
Ford,F-150,14040,2024,Emily Davis,Michael Johnson,38165,1961,7542
Ford,Escape,66943,2021,Emily Davis,Michael Johnson,21682,1215,4560
Ford,Edge,115314,2021,John Carter,James Brown,39351,2247,9659
Ford,Escape,39640,2017,Emily Davis,Patricia Williams,44217,2530,312
Ford,Escape,98052,2020,Emily Davis,Patricia Miller,44785,2656,749
Ford,Explorer,29260,2023,Sarah Wilson,Linda Miller,42866,2601,8830
Ford,Edge,56646,2021,Sarah Wilson,William Brown,17218,1664,4822
Ford,Escape,10884,2020,Emily Davis,William Garcia,17568,2771,3847
Ford,Explorer,55307,2015,Sarah Wilson,Patricia Davis,33820,1428,9808
Ford,Escape,6174,2019,Sarah Wilson,Robert Garcia,35719,826,8966
Ford,F-150,28491,2022,Emily Davis,Michael Miller,49242,2345,2373
Ford,Explorer,81039,2015,Emily Davis,Linda Miller,48104,1569,3664
Ford,Mustang,81988,2016,John Carter,Elizabeth Smith,41833,1744,3031
Ford,Bronco,66396,2015,Sarah Wilson,William Williams,37833,1051,9321
Ford,Escape,88037,2023,Michael Brown,Robert Williams,18579,2851,4565
Ford,F-150,105938,2021,John Carter,John Williams,23313,2745,5162
Ford,Edge,19755,2016,Michael Brown,Michael Garcia,26196,2868,4144
Ford,Mustang,64976,2016,Emily Davis,Linda Johnson,22116,2459,4730
Ford,Bronco,78038,2022,John Carter,Mary Smith,45598,2520,9234
Ford,Edge,16833,2015,Emily Davis,Mary Miller,20152,2808,6446
Ford,F-150,73469,2019,Emily Davis,Linda Williams,45629,2372,4301
Ford,Mustang,55215,2024,Sarah Wilson,Elizabeth Johnson,26878,2563,3702
Ford,Mustang,59900,2021,Michael Brown,William Jones,25161,1824,8806
Ford,F-150,64695,2019,John Carter,Michael Jones,22776,2187,5240
Ford,Edge,63784,2019,Michael Brown,Mary Brown,15016,1082,141
Ford,Mustang,98014,2016,Emily Davis,Robert Miller,31839,645,9355
Ford,Escape,113650,2016,John Carter,John Smith,37447,647,2258
Ford,Edge,22737,2023,Sarah Wilson,Mary Smith,38450,2268,3960
Ford,Edge,71545,2015,Sarah Wilson,Robert Brown,33082,716,3056
Ford,Escape,12745,2020,Sarah Wilson,Linda Jones,35690,1772,9293
Ford,F-150,10987,2015,Michael Brown,William Miller,36284,925,7707
Ford,Edge,78015,2023,Emily Davis,Mary Garcia,15996,838,4005
Ford,Mustang,22904,2024,Emily Davis,Mary Williams,22400,1278,5934
Ford,Explorer,117914,2018,Sarah Wilson,Jennifer Davis,46974,593,606
Ford,Mustang,105766,2016,Michael Brown,John Johnson,35930,1432,7411
Ford,Edge,70929,2022,John Carter,William Smith,44411,2968,5269
Ford,Explorer,17083,2023,Emily Davis,Michael Jones,19507,624,7345
Ford,Bronco,58426,2018,Michael Brown,Mary Martinez,48047,1402,2791
Ford,Explorer,119296,2023,John Carter,Elizabeth Rodriguez,35423,2369,8826
Ford,Escape,41835,2019,Sarah Wilson,Robert Garcia,45420,1302,6702
Ford,Explorer,62901,2015,Sarah Wilson,Jennifer Davis,19074,2134,2868
Ford,Explorer,22729,2024,John Carter,Elizabeth Miller,47603,1852,7047
Ford,Escape,48040,2018,Michael Brown,Jennifer Davis,44204,894,4493
Ford,Escape,78487,2020,Michael Brown,John Brown,32335,2568,8316
Ford,Escape,38499,2024,Emily Davis,Jennifer Miller,21653,2272,4177
Ford,F-150,117855,2023,Emily Davis,Jennifer Williams,33865,2201,7539
Ford,Bronco,72261,2022,John Carter,Mary Miller,15880,1915,3381
Ford,Mustang,100237,2017,John Carter,William Rodriguez,44249,1518,3096
Ford,Escape,84817,2024,Sarah Wilson,Linda Martinez,25357,2789,5547
Ford,Edge,112969,2024,Emily Davis,Jennifer Rodriguez,25557,1673,7487
Ford,Edge,8999,2018,John Carter,Elizabeth Davis,18837,1795,9910
Ford,Escape,29230,2016,Emily Davis,Mary Davis,15540,2067,5908
Ford,Explorer,62220,2021,John Carter,Linda Williams,49023,1984,9741
Ford,Explorer,116338,2016,Michael Brown,Elizabeth Brown,41657,2685,4223
Ford,F-150,27242,2020,John Carter,John Johnson,26555,2935,2558
Ford,Mustang,94825,2021,John Carter,Michael Garcia,17062,1378,9553
Ford,Explorer,91331,2023,Michael Brown,Robert Brown,15426,2696,3914
Ford,Escape,86112,2022,Michael Brown,Patricia Miller,36447,2017,3727
Ford,F-150,51833,2017,Sarah Wilson,Michael Rodriguez,31430,1349,9706
Ford,Bronco,10053,2021,Michael Brown,Patricia Williams,38337,1598,7805
Ford,F-150,40480,2022,Emily Davis,Mary Rodriguez,48162,720,3413
Ford,F-150,38582,2018,Sarah Wilson,Jennifer Miller,38192,800,3959
Ford,Bronco,9217,2023,John Carter,John Smith,35592,1839,6409
Ford,Escape,12483,2021,Sarah Wilson,Mary Brown,41272,1381,7989
Ford,Edge,87834,2024,Emily Davis,John Johnson,28009,1089,7571
Ford,Explorer,101269,2020,Sarah Wilson,Michael Jones,19490,2038,3733
Ford,Edge,9122,2024,John Carter,Linda Rodriguez,27394,1365,8313
Ford,F-150,8091,2016,John Carter,Linda Garcia,38495,2209,5177
Ford,Bronco,65475,2020,Emily Davis,Mary Johnson,27352,2408,8844
Ford,Bronco,52301,2016,John Carter,John Garcia,46920,2006,4869
Ford,F-150,58944,2020,Emily Davis,Mary Brown,39516,1913,762
Ford,Edge,45181,2021,Emily Davis,Elizabeth Davis,28071,1172,9758
Ford,Explorer,110295,2022,John Carter,Jennifer Brown,21148,947,3961
Ford,F-150,21923,2023,John Carter,Patricia Johnson,44762,1909,7995
Ford,Explorer,88882,2017,Michael Brown,Jennifer Davis,44829,1564,3766
Ford,Mustang,84549,2016,John Carter,John Smith,43655,2848,7629
Ford,Escape,34242,2018,John Carter,William Johnson,46033,1418,3337
Ford,Edge,39582,2022,Emily Davis,Jennifer Smith,15791,787,8364
Ford,Bronco,65365,2018,Emily Davis,John Smith,35626,2814,6533
Ford,Explorer,48350,2024,Michael Brown,Robert Williams,46412,2350,-4239
Ford,Escape,114252,2017,Sarah Wilson,William Rodriguez,16689,1669,5142
Ford,Bronco,47032,2015,Emily Davis,James Davis,47836,1168,5108
Ford,Bronco,52611,2015,Michael Brown,James Jones,46241,1491,8438
Ford,Edge,57521,2017,Emily Davis,James Martinez,34757,627,7708
Ford,Explorer,33559,2024,Emily Davis,Patricia Jones,33229,2904,4122
Ford,Edge,33111,2018,Emily Davis,Elizabeth Miller,21330,740,3173
Ford,F-150,68616,2019,Sarah Wilson,Linda Martinez,24957,2181,6632
Ford,Bronco,14592,2023,Emily Davis,Michael Brown,45858,1321,6992
Ford,Edge,109784,2024,Sarah Wilson,Patricia Brown,17659,718,8341
Ford,Bronco,41962,2021,Michael Brown,Mary Williams,48901,2030,506
Ford,Edge,96315,2020,Sarah Wilson,James Brown,19428,2555,6542
Ford,Explorer,64825,2015,Michael Brown,Linda Garcia,46341,1135,4541
Ford,Explorer,83010,2022,Emily Davis,Robert Garcia,17615,2399,9547
Ford,F-150,97625,2021,Sarah Wilson,Patricia Williams,38971,2256,9960
Ford,Mustang,35855,2023,Sarah Wilson,Elizabeth Davis,28085,2023,3902
Ford,Bronco,43979,2018,Michael Brown,Patricia Miller,20728,1199,9747
Ford,Edge,79367,2023,John Carter,William Johnson,23520,1555,7505
Ford,Edge,19388,2016,John Carter,Linda Garcia,23682,1466,8793
Ford,F-150,30852,2017,Sarah Wilson,Robert Brown,48929,2233,7500
Ford,Explorer,62063,2018,John Carter,Linda Brown,18699,1191,3850
Ford,Explorer,48966,2016,Emily Davis,Michael Rodriguez,17173,1776,6851
Ford,F-150,68363,2023,Sarah Wilson,James Martinez,48600,1757,6695
Ford,Bronco,7126,2016,Sarah Wilson,Jennifer Miller,42442,3000,8206
Ford,Mustang,95361,2018,Michael Brown,William Miller,29442,963,7632
Ford,Edge,97369,2020,Sarah Wilson,Jennifer Johnson,47880,839,4349
Ford,Escape,50739,2018,Michael Brown,Jennifer Williams,46225,1996,6976
Ford,Bronco,67784,2019,Emily Davis,John Williams,42300,1323,6311
Ford,Escape,76117,2015,Michael Brown,Mary Williams,48986,2989,9344
Ford,Escape,28736,2022,Sarah Wilson,Patricia Williams,24329,595,3992
Ford,Bronco,83321,2024,Sarah Wilson,Jennifer Jones,15248,1356,3255
Ford,F-150,24354,2021,Michael Brown,Michael Rodriguez,18251,2121,6560
Ford,Escape,42004,2020,Sarah Wilson,Mary Jones,48343,1944,4207
Ford,Edge,109264,2015,John Carter,Robert Miller,34084,2461,2269
Ford,Explorer,110148,2020,Emily Davis,Linda Garcia,48640,907,5243
Ford,Bronco,49217,2021,Emily Davis,John Garcia,23503,866,4630
Ford,Bronco,12362,2019,John Carter,Jennifer Williams,16828,2054,9239
Ford,Mustang,62683,2020,Sarah Wilson,John Rodriguez,23757,2175,4644
Ford,Bronco,23890,2016,Emily Davis,Robert Smith,15602,2238,2336
Ford,Escape,13962,2020,Sarah Wilson,Mary Brown,23089,2167,2953
Ford,F-150,34624,2020,Michael Brown,William Rodriguez,17467,1656,883
Ford,Edge,19688,2024,Emily Davis,John Garcia,31828,2004,6383
Ford,Bronco,19020,2017,Emily Davis,Robert Miller,16558,1391,3521
Ford,Bronco,79741,2020,Michael Brown,John Rodriguez,23516,2878,4992
Ford,Bronco,104253,2022,Sarah Wilson,James Rodriguez,18648,2980,4155
Ford,Bronco,44348,2019,Sarah Wilson,Linda Martinez,23782,1890,4753
Ford,F-150,30527,2023,Michael Brown,Michael Miller,29919,824,3538
Ford,F-150,54141,2018,John Carter,Patricia Garcia,46521,1424,9569
Ford,Edge,28388,2024,Sarah Wilson,Elizabeth Miller,41133,869,-3173
Ford,Explorer,111884,2023,Sarah Wilson,William Williams,45905,758,9649
Ford,Explorer,67018,2015,Emily Davis,John Martinez,15740,1064,9552
Ford,F-150,50393,2021,Sarah Wilson,Michael Williams,33641,2773,8081
Ford,Explorer,84894,2020,John Carter,Jennifer Jones,20656,686,6616
Ford,Explorer,64775,2021,Michael Brown,William Smith,32630,954,8065
Ford,Bronco,15325,2023,Michael Brown,Michael Brown,35122,679,8872
Ford,Bronco,30632,2020,Emily Davis,James Brown,47383,1817,2014
Ford,F-150,15479,2023,Michael Brown,Michael Johnson,30451,2499,8349
Ford,F-150,81991,2023,John Carter,Robert Garcia,44377,2173,5003
Ford,Escape,119896,2021,Sarah Wilson,John Johnson,46776,1602,9940
Ford,Mustang,50569,2019,Emily Davis,Elizabeth Jones,34407,1668,3296
Ford,Explorer,38160,2022,John Carter,Linda Martinez,20449,2005,6474
Ford,Escape,24017,2015,Michael Brown,James Rodriguez,43719,2071,3655
Ford,Explorer,112960,2015,Sarah Wilson,Elizabeth Rodriguez,47670,1939,3140
Ford,Edge,30979,2024,Michael Brown,Mary Smith,33159,1114,7866
Ford,Mustang,97284,2024,Sarah Wilson,Robert Rodriguez,48861,1138,7441
Ford,Edge,33572,2020,Emily Davis,Michael Martinez,28022,1671,9273
Ford,Escape,6938,2016,Sarah Wilson,Robert Jones,32520,1534,5006
Ford,Bronco,12128,2024,John Carter,Robert Williams,46021,1053,2398
Ford,Explorer,109374,2022,Michael Brown,John Smith,26821,875,9989
Ford,Edge,77601,2015,John Carter,Linda Davis,38933,2115,8063
Ford,Bronco,13805,2017,John Carter,Elizabeth Martinez,49838,2268,3038
Ford,Bronco,9110,2018,John Carter,James Miller,22727,807,7677
Ford,Mustang,11966,2017,Michael Brown,Linda Smith,21876,1098,7886
Ford,Escape,42696,2022,Emily Davis,Mary Johnson,39325,929,5924
Ford,Escape,111619,2015,Sarah Wilson,Robert Johnson,22378,1851,7595
Ford,Mustang,15285,2018,Emily Davis,James Martinez,28159,1320,6864
Ford,Mustang,103350,2020,Michael Brown,Patricia Jones,22045,2145,7403
Ford,Bronco,35753,2019,John Carter,Elizabeth Rodriguez,47488,1051,5432
Ford,Explorer,13299,2015,John Carter,Linda Martinez,49597,2691,8267
Ford,Explorer,20548,2023,Michael Brown,John Miller,36035,1283,8018
Ford,Escape,102888,2024,John Carter,Patricia Martinez,23155,818,9304
Ford,F-150,83455,2022,John Carter,Robert Brown,35690,1301,4572
Ford,Edge,82568,2017,Emily Davis,John Smith,21768,2460,2339
Ford,F-150,59506,2017,Emily Davis,Linda Jones,37243,2375,4387
Ford,F-150,43930,2020,Sarah Wilson,John Miller,42385,659,5493
Ford,F-150,106620,2022,Sarah Wilson,Patricia Martinez,36656,982,4626
Ford,Bronco,7842,2016,Sarah Wilson,Elizabeth Rodriguez,17673,625,8235
Ford,Bronco,103294,2023,Emily Davis,Michael Miller,24404,2595,7311
Ford,F-150,113222,2020,Michael Brown,Linda Williams,16602,1524,2998
Ford,Explorer,22931,2018,John Carter,Michael Brown,27692,1280,6220
Ford,F-150,72712,2024,Michael Brown,James Rodriguez,20850,775,7482
Ford,Escape,68018,2023,Michael Brown,Robert Williams,39435,1882,4784
Ford,Escape,108438,2024,John Carter,William Williams,37906,2100,6124
Ford,Edge,97126,2019,Emily Davis,Robert Davis,23305,808,2759
Ford,Explorer,95763,2020,Michael Brown,James Davis,46608,1144,593
Ford,Edge,56503,2023,Michael Brown,John Garcia,41771,1245,3988
Ford,Bronco,67305,2017,Michael Brown,Jennifer Martinez,20832,2268,3166
Ford,Explorer,6780,2020,Emily Davis,James Jones,28913,549,7805
Ford,Edge,22649,2024,Sarah Wilson,John Brown,41746,1372,8864
Ford,Edge,66621,2020,Michael Brown,Patricia Smith,33769,2390,2449
Ford,F-150,77898,2024,John Carter,John Williams,42039,1453,3278
Ford,Escape,43643,2024,John Carter,William Davis,20573,1980,8452
Ford,Bronco,62178,2020,Emily Davis,William Garcia,37844,756,4741
Ford,Edge,30877,2019,Emily Davis,Jennifer Garcia,26164,2262,3933
Ford,F-150,84770,2021,Michael Brown,William Brown,44564,1544,7499
Ford,F-150,94125,2016,Emily Davis,John Williams,35299,2899,8811
Ford,Bronco,29806,2023,Sarah Wilson,Elizabeth Williams,34127,1590,4784
Ford,Escape,80023,2015,Michael Brown,William Brown,48693,2432,7385
Ford,F-150,10438,2016,Emily Davis,John Miller,39246,552,8893
Ford,Bronco,12713,2023,Emily Davis,William Miller,29797,1986,8441
Ford,F-150,27705,2020,Emily Davis,Jennifer Davis,34521,840,4350
Ford,Bronco,44687,2017,Michael Brown,William Smith,19547,687,6064
Ford,Explorer,104378,2018,Michael Brown,Michael Garcia,41577,2273,2925
Ford,F-150,72744,2020,Emily Davis,Patricia Smith,48998,2347,9574
Ford,F-150,60509,2017,Michael Brown,Jennifer Rodriguez,22411,1621,5671
Ford,Bronco,80079,2019,Emily Davis,James Garcia,27505,2678,9920
Ford,Escape,78812,2019,Michael Brown,Patricia Miller,38156,1901,5879
Ford,F-150,14980,2024,John Carter,Mary Williams,21847,2221,7385
Ford,Explorer,108060,2022,Michael Brown,Patricia Jones,43928,2824,4252
Ford,Bronco,52542,2019,Michael Brown,Linda Smith,37028,2636,2848
Ford,Bronco,111972,2015,Sarah Wilson,Mary Brown,37281,2416,4870
Ford,F-150,16301,2024,Sarah Wilson,John Davis,15123,2279,3333
Ford,Edge,44316,2018,Michael Brown,Mary Johnson,48580,1329,9511
Ford,Bronco,76498,2016,Sarah Wilson,William Smith,33323,781,7749
Ford,Bronco,31206,2020,John Carter,John Williams,16965,1829,5901
Ford,Escape,96664,2019,Emily Davis,Patricia Rodriguez,44235,2605,8480
Ford,Edge,59386,2015,Sarah Wilson,Jennifer Davis,34791,1892,6485
Ford,Explorer,47592,2023,Sarah Wilson,Michael Miller,41457,2984,7663
Ford,F-150,7791,2020,Sarah Wilson,John Jones,33691,2459,4358
Ford,Explorer,35452,2022,John Carter,Linda Johnson,32468,2022,8976
Ford,Explorer,76931,2018,Sarah Wilson,John Johnson,48236,1669,8527
Ford,Explorer,102436,2019,Emily Davis,John Jones,22385,2387,2350
Ford,F-150,114374,2021,Michael Brown,James Davis,36094,2107,7660
Ford,Escape,94440,2018,John Carter,Linda Miller,35531,2260,6808
Ford,Edge,13976,2020,Emily Davis,Patricia Davis,46369,2459,7946
Ford,Edge,75765,2024,Michael Brown,Jennifer Johnson,45757,2062,3219
Ford,Mustang,5474,2020,Michael Brown,Robert Miller,34171,624,9687
Ford,F-150,33366,2015,Michael Brown,Mary Johnson,46381,2390,9962
Ford,Explorer,75203,2016,Sarah Wilson,Robert Garcia,37033,767,5417
Ford,Escape,76958,2015,Sarah Wilson,Patricia Garcia,31511,1972,967
Ford,Mustang,7025,2015,Michael Brown,John Brown,20781,1928,3250
Ford,Mustang,81850,2016,John Carter,Elizabeth Johnson,23934,2034,2308
Ford,Bronco,7275,2017,John Carter,Mary Davis,28638,2075,8521
Ford,Explorer,40309,2019,John Carter,Elizabeth Jones,48199,882,6814
Ford,Escape,33813,2023,Emily Davis,James Garcia,17806,2935,6269
Ford,Edge,53809,2015,Emily Davis,Jennifer Williams,41843,1087,3044
Ford,Mustang,53850,2018,John Carter,Jennifer Williams,42663,1661,9187
Ford,F-150,70756,2015,John Carter,Linda Davis,32670,1280,9988
Ford,Edge,74731,2019,Emily Davis,Patricia Garcia,49779,2243,9434
Ford,Explorer,117685,2020,John Carter,Mary Miller,45471,1786,4756
Ford,Edge,24856,2024,Sarah Wilson,John Davis,24279,2266,4703
Ford,Edge,57051,2021,Michael Brown,Michael Jones,37930,843,7930
Ford,Explorer,11154,2016,Emily Davis,William Rodriguez,22492,2236,2866
Ford,Escape,27819,2021,Michael Brown,Mary Smith,29327,1473,5847
Ford,Escape,51733,2019,Emily Davis,Robert Smith,21666,1462,8784
Ford,Explorer,106339,2019,Emily Davis,James Johnson,32240,2564,8721
Ford,F-150,114042,2020,John Carter,Linda Brown,24243,2624,4324
Ford,Explorer,58511,2019,Michael Brown,Jennifer Johnson,47471,629,5518
Ford,Bronco,47348,2021,Michael Brown,William Rodriguez,37273,2499,7371
Ford,Mustang,115879,2022,Emily Davis,Patricia Davis,45767,1114,9912
Ford,F-150,6405,2017,Sarah Wilson,Elizabeth Davis,44073,2999,7855
Ford,Explorer,21079,2019,John Carter,James Smith,45504,2297,6567
Ford,Mustang,28687,2019,Sarah Wilson,Mary Martinez,47388,1917,8584
Ford,Explorer,68820,2016,John Carter,Robert Martinez,28077,1872,8627
Ford,Escape,68470,2020,Emily Davis,John Garcia,37882,1750,6296
Ford,Escape,61741,2016,Emily Davis,William Jones,27551,1282,4461
Ford,Edge,119555,2023,Emily Davis,Elizabeth Smith,32801,2256,7902
Ford,Escape,96595,2018,Michael Brown,Robert Martinez,35613,534,8415
Ford,Escape,105996,2016,Sarah Wilson,Elizabeth Martinez,39448,1114,4180
Ford,Edge,75548,2022,John Carter,John Jones,46018,2762,9305
Ford,Edge,32218,2024,John Carter,Robert Garcia,32841,1955,8072
Ford,Mustang,52912,2022,Emily Davis,Robert Rodriguez,31637,2240,6023
Ford,F-150,99241,2020,Michael Brown,Elizabeth Miller,41409,2620,9725
Ford,Explorer,94615,2024,Emily Davis,Mary Miller,32676,2619,9449
Ford,F-150,74671,2018,Sarah Wilson,Robert Miller,40519,1752,2885
Ford,Explorer,41703,2019,John Carter,Mary Garcia,44575,985,8654
Ford,Bronco,38002,2019,John Carter,Linda Davis,16777,2905,9724
Ford,Mustang,106402,2020,Emily Davis,Robert Martinez,37515,1108,4152
Ford,F-150,115533,2024,Sarah Wilson,Patricia Johnson,42105,757,6260
Ford,Explorer,40716,2016,John Carter,Mary Smith,26312,1353,9287
Ford,Explorer,35985,2015,Michael Brown,Robert Johnson,38743,1931,5602
Ford,Edge,104443,2023,John Carter,James Johnson,30134,2959,7563
Ford,Bronco,83935,2018,John Carter,Patricia Rodriguez,31945,2773,9155
Ford,Escape,67120,2021,Emily Davis,William Rodriguez,27031,909,3019
Ford,Escape,74389,2022,Sarah Wilson,Mary Davis,16244,2267,952
Ford,F-150,92664,2022,John Carter,Elizabeth Garcia,31642,557,4023
Ford,F-150,41705,2017,Michael Brown,John Davis,25322,794,9708
Ford,Explorer,103097,2022,John Carter,Robert Smith,43093,2534,7528
Ford,F-150,117098,2017,Sarah Wilson,Jennifer Jones,46520,765,5389
Ford,F-150,20317,2022,John Carter,John Williams,34474,592,3546
Ford,Explorer,114348,2021,Sarah Wilson,William Williams,35472,780,2793
Ford,Edge,86450,2018,Emily Davis,William Martinez,19180,2543,8432
Ford,Explorer,21802,2020,Sarah Wilson,Mary Rodriguez,15183,2026,5613
Ford,Mustang,40558,2019,Sarah Wilson,John Johnson,48283,778,8183
Ford,Edge,13742,2024,John Carter,Michael Davis,40403,587,9933
Ford,Escape,10471,2024,Sarah Wilson,Michael Garcia,35421,1293,4819
Ford,Explorer,42387,2023,Sarah Wilson,William Davis,22178,2173,9070
Ford,Edge,54209,2020,John Carter,Michael Johnson,24138,2350,2371
Ford,F-150,93145,2022,John Carter,Michael Rodriguez,43286,2272,8755
Ford,Bronco,74892,2021,Sarah Wilson,Mary Jones,19367,652,7478
Ford,Bronco,91882,2018,Michael Brown,Elizabeth Smith,25680,794,9799
Ford,Bronco,61097,2022,Sarah Wilson,William Williams,41036,1976,8789
Ford,Edge,23634,2020,John Carter,Patricia Rodriguez,16181,2205,3823
Ford,Bronco,16784,2015,Sarah Wilson,John Garcia,46590,814,4753
Ford,Escape,86786,2022,John Carter,Jennifer Brown,44180,1992,3096
Ford,F-150,17248,2018,Emily Davis,William Smith,30797,517,9618
Ford,F-150,38736,2024,Sarah Wilson,John Jones,35297,2061,7259
Ford,Mustang,27871,2016,John Carter,Robert Garcia,48379,1904,3306
Ford,Edge,69544,2015,John Carter,Linda Rodriguez,18908,2133,3282
Ford,Explorer,118100,2020,Sarah Wilson,James Williams,20091,2851,7317
Ford,Mustang,6975,2020,John Carter,Elizabeth Miller,18988,2338,2369
Ford,Bronco,28998,2018,Michael Brown,John Miller,42987,580,289
Ford,Edge,63634,2021,John Carter,James Davis,30119,1626,7704
Ford,Escape,31656,2023,Sarah Wilson,Elizabeth Brown,45503,1581,9634
Ford,F-150,79632,2022,Emily Davis,John Garcia,15637,2271,5799
Ford,Mustang,56416,2024,John Carter,Robert Miller,27512,2478,7174
Ford,Bronco,75892,2020,Michael Brown,Elizabeth Davis,27119,1374,8352
Ford,Explorer,92379,2024,Sarah Wilson,Robert Smith,37397,1691,2668
Ford,Bronco,33934,2018,John Carter,Linda Johnson,25998,900,5462
Ford,Mustang,81988,2016,Michael Brown,William Williams,15486,563,2412
Ford,Mustang,56838,2016,Michael Brown,Jennifer Johnson,19129,2261,4031
Ford,Bronco,102521,2017,Emily Davis,John Brown,37520,1074,6801
Ford,F-150,112356,2019,Emily Davis,Michael Martinez,44764,1794,2273
Ford,Edge,75145,2024,Sarah Wilson,Jennifer Johnson,25547,2833,7425
Ford,Escape,44043,2018,John Carter,Patricia Miller,33441,2757,-4556
Ford,Bronco,91781,2017,John Carter,Elizabeth Miller,20555,2841,8993
Ford,Edge,84024,2020,John Carter,Jennifer Johnson,42505,1393,3587
Ford,Mustang,100272,2020,John Carter,Elizabeth Martinez,44431,2640,-1663
Ford,Edge,36404,2021,Michael Brown,Robert Davis,37838,2522,4273
Ford,F-150,40138,2017,Sarah Wilson,James Miller,30722,617,3045
Ford,Explorer,7688,2022,Emily Davis,Elizabeth Jones,17939,2033,2890
Ford,Escape,57097,2015,John Carter,Michael Brown,37446,1602,4309
Ford,Mustang,91518,2022,John Carter,Mary Jones,23618,982,6002
Ford,Escape,73851,2021,Emily Davis,Linda Johnson,29676,1988,3271
Ford,Escape,58874,2016,Emily Davis,James Williams,36781,2077,4885
Ford,Explorer,105974,2019,Michael Brown,Robert Miller,41112,2929,6384
Ford,F-150,81753,2024,Emily Davis,Robert Garcia,22937,2817,7885
Ford,Bronco,28631,2022,Sarah Wilson,James Smith,31859,1235,7575
Ford,Mustang,102250,2019,Sarah Wilson,Patricia Martinez,49118,2178,3389
Ford,Mustang,50693,2023,Sarah Wilson,Mary Garcia,18022,1246,5056
Ford,Mustang,44139,2022,John Carter,James Williams,18943,2322,4909
Ford,F-150,84369,2021,Michael Brown,Elizabeth Jones,34889,1094,5923
Ford,Edge,112999,2017,Emily Davis,Jennifer Davis,19185,1056,-1843
Ford,Mustang,26777,2018,Emily Davis,Elizabeth Brown,35688,2717,9715
Ford,Edge,116896,2017,Michael Brown,James Johnson,30760,1714,8473
Ford,Edge,33039,2015,Michael Brown,Elizabeth Brown,33238,2038,6403
Ford,Edge,70447,2021,Sarah Wilson,Patricia Miller,31685,1753,4995
Ford,Bronco,50346,2023,Emily Davis,Jennifer Brown,46299,915,7711
Ford,Mustang,51450,2023,Sarah Wilson,Patricia Johnson,31004,2199,2892
Ford,Escape,23174,2017,Sarah Wilson,James Martinez,20272,1830,2708
Ford,Escape,63538,2015,John Carter,Patricia Davis,21795,2993,5671
Ford,Bronco,10704,2023,Emily Davis,Robert Jones,21024,2712,4411
Ford,Bronco,6514,2016,John Carter,Elizabeth Brown,36950,1319,6357
Ford,Edge,29129,2018,John Carter,Elizabeth Miller,23820,1098,8392
Ford,Mustang,89548,2017,Michael Brown,Linda Miller,38045,921,5904
Ford,Explorer,32337,2021,Michael Brown,Jennifer Johnson,27753,1735,6066
Ford,Mustang,100921,2022,Michael Brown,Michael Davis,35739,1834,2362
Ford,Explorer,73659,2023,Michael Brown,Jennifer Miller,46724,2846,6506
Ford,Escape,66501,2021,Michael Brown,Elizabeth Miller,29886,1519,3508
Ford,Edge,43098,2022,Michael Brown,Michael Smith,21603,2685,3115
Ford,Explorer,103879,2020,Michael Brown,William Brown,24228,2804,3046
Ford,Bronco,90875,2022,Michael Brown,James Garcia,43496,1880,7562
Ford,Mustang,33559,2018,Michael Brown,William Smith,40524,955,-1351
Ford,Bronco,10856,2018,Sarah Wilson,James Smith,35147,775,-1126
Ford,F-150,53439,2021,Michael Brown,Mary Smith,39595,1769,8816
Ford,Explorer,66789,2021,Sarah Wilson,Robert Rodriguez,33052,2411,2224
Ford,Bronco,62186,2021,John Carter,Michael Miller,21481,1326,9741
Ford,Escape,98998,2015,Emily Davis,William Martinez,30704,1877,722
Ford,Escape,20376,2018,Michael Brown,Michael Williams,48373,1616,6758
Ford,Escape,10251,2024,Emily Davis,Mary Martinez,46086,1285,4687
Ford,Edge,68206,2016,Sarah Wilson,Jennifer Jones,24971,2154,7675
Ford,Mustang,12830,2021,Michael Brown,Mary Smith,48894,2236,3718
Ford,Mustang,67264,2017,John Carter,Patricia Brown,43551,2807,2185
Ford,Mustang,114617,2022,Sarah Wilson,James Rodriguez,39710,2593,8474
Ford,Explorer,25309,2022,Emily Davis,John Williams,37263,2515,4268
Ford,Explorer,40849,2021,Sarah Wilson,William Smith,24669,2574,6707
Ford,Escape,87926,2021,Emily Davis,Mary Williams,43539,2118,4591
Ford,F-150,113728,2020,Sarah Wilson,Mary Garcia,34628,2585,4705
Ford,Escape,86196,2019,Emily Davis,Patricia Jones,29203,1998,4445
Ford,Bronco,10985,2024,John Carter,James Brown,25729,1396,8853
Ford,Escape,63676,2023,Sarah Wilson,Elizabeth Johnson,43593,1651,5956
Ford,F-150,118235,2021,Emily Davis,Elizabeth Martinez,22431,1254,3380
Ford,Mustang,31647,2016,John Carter,John Brown,27559,1452,6127
Ford,Escape,39404,2020,Emily Davis,Jennifer Rodriguez,31144,2710,4402
Ford,Escape,50512,2015,Emily Davis,Mary Garcia,17127,2929,3280
Ford,Mustang,97427,2015,Michael Brown,Linda Davis,33664,1869,2752
Ford,Mustang,26333,2022,Sarah Wilson,Robert Jones,25527,2490,9544
Ford,Bronco,66566,2020,Emily Davis,Patricia Davis,15358,1235,4167
Ford,Bronco,8182,2023,Emily Davis,Elizabeth Miller,36716,1775,624
Ford,Mustang,98323,2015,John Carter,Linda Williams,45957,2390,2564
Ford,F-150,15474,2023,John Carter,Robert Williams,23694,2961,7934
Ford,Bronco,34677,2019,Michael Brown,Linda Williams,38359,1999,6633
Ford,Escape,79805,2016,Emily Davis,William Johnson,26395,2695,6125
Ford,F-150,20782,2021,Michael Brown,Linda Rodriguez,27961,1276,4223
Ford,Escape,119191,2016,Michael Brown,William Smith,31515,782,3947
Ford,Edge,37451,2022,Sarah Wilson,Jennifer Davis,44360,1458,8304
Ford,Escape,98811,2023,Emily Davis,Mary Garcia,39624,2677,2423
Ford,Bronco,24883,2022,Sarah Wilson,James Johnson,36942,741,4776
Ford,Edge,16435,2023,John Carter,Jennifer Davis,26899,1505,8669
Ford,Edge,65158,2024,John Carter,Elizabeth Martinez,48119,1312,5531
Ford,F-150,20084,2017,Michael Brown,Elizabeth Smith,25302,2512,6463
Ford,Mustang,47568,2016,Emily Davis,Patricia Jones,15191,1129,4240
Ford,Explorer,14985,2019,John Carter,Michael Miller,19400,990,6040
Ford,Edge,45813,2020,Michael Brown,Patricia Garcia,19527,835,5943
Ford,Edge,101558,2020,Emily Davis,Linda Rodriguez,39581,1365,7755
Ford,Edge,99463,2018,Michael Brown,Robert Garcia,46756,751,9712
Ford,Edge,67875,2020,Michael Brown,Michael Miller,41326,1494,8966
Ford,Edge,85264,2024,Michael Brown,William Williams,18868,1812,8479
Ford,Explorer,106449,2024,John Carter,Linda Jones,29272,2793,7173
Ford,Bronco,53445,2022,Michael Brown,Linda Johnson,20267,1988,2773
Ford,Bronco,115658,2017,Emily Davis,Jennifer Garcia,31756,2995,9661
Ford,Explorer,72797,2016,Emily Davis,Elizabeth Jones,31805,1360,5586
Ford,Mustang,75612,2022,John Carter,Mary Rodriguez,38223,813,5277
Ford,Explorer,110990,2024,John Carter,Mary Rodriguez,15288,2536,8556
Ford,Bronco,50475,2017,Michael Brown,Jennifer Williams,46017,1319,2879
Ford,Mustang,100883,2018,Sarah Wilson,William Jones,21467,1308,9091
Ford,Edge,108811,2024,Emily Davis,Jennifer Davis,20925,965,4898
Ford,Mustang,77862,2018,Sarah Wilson,Robert Miller,17680,1446,6855
Ford,Edge,77168,2023,Michael Brown,Elizabeth Miller,22549,1547,6411
Ford,Mustang,59579,2021,Emily Davis,William Jones,19905,2749,8907
Ford,Mustang,19724,2018,Sarah Wilson,John Martinez,15272,742,5258
Ford,F-150,115594,2024,John Carter,Patricia Miller,28418,1036,6115
Ford,Mustang,117999,2024,John Carter,William Rodriguez,22667,662,6337
Ford,Mustang,110368,2015,Emily Davis,Patricia Johnson,32043,2888,4273
Ford,F-150,34918,2018,John Carter,Robert Brown,24749,1357,6161
Ford,F-150,70329,2024,Sarah Wilson,John Williams,17814,753,818
Ford,Explorer,20873,2018,John Carter,John Williams,17019,974,6072
Ford,Edge,103089,2016,Emily Davis,Elizabeth Jones,35215,2009,9165
Ford,F-150,64250,2021,Emily Davis,Linda Johnson,28266,1978,7993
Ford,Explorer,7449,2020,Michael Brown,John Garcia,31796,679,591
Ford,Bronco,15992,2016,John Carter,John Garcia,18993,1423,6334
Ford,F-150,42876,2018,Sarah Wilson,Robert Jones,28804,2595,4841
Ford,Bronco,41028,2018,Michael Brown,Michael Jones,30487,2407,3461
Ford,Explorer,116002,2016,Sarah Wilson,John Miller,29394,1788,6075
Ford,Bronco,117633,2019,Michael Brown,Michael Rodriguez,18373,917,6783
Ford,Mustang,18191,2015,John Carter,Mary Johnson,30609,630,3586
Ford,F-150,100807,2015,Sarah Wilson,Linda Williams,48469,2459,5209
Ford,Edge,13731,2023,Emily Davis,William Brown,39513,1999,8145
Ford,Bronco,77049,2017,Michael Brown,John Williams,24131,2294,8265
Ford,Edge,92740,2018,Emily Davis,Mary Garcia,29298,2051,3621
Ford,F-150,23235,2019,Emily Davis,James Brown,19531,2127,3944
Ford,Edge,35370,2023,Emily Davis,Patricia Jones,46466,697,8341
Ford,Explorer,82046,2020,Sarah Wilson,Jennifer Martinez,17465,2728,8771
Ford,Escape,37520,2023,Sarah Wilson,John Garcia,34039,2551,8212
Ford,Mustang,28317,2016,John Carter,Michael Garcia,21941,2239,4493
Ford,Mustang,45398,2017,Emily Davis,William Rodriguez,18831,2430,9757
Ford,Bronco,26389,2017,Emily Davis,William Rodriguez,45842,1895,7950
Ford,Mustang,50791,2020,Emily Davis,John Williams,27614,621,9725
Ford,F-150,87035,2018,Sarah Wilson,Michael Rodriguez,26215,897,2369
Ford,Escape,9766,2015,Michael Brown,John Martinez,40816,1990,6342
Ford,Mustang,43965,2015,Emily Davis,James Williams,20294,2828,2836
Ford,Explorer,96481,2022,Emily Davis,Michael Johnson,42993,2496,3601
Ford,F-150,108825,2019,Michael Brown,Mary Jones,18337,588,6468
Ford,Escape,6870,2021,John Carter,Robert Davis,21918,1886,9028
Ford,Escape,49694,2016,Emily Davis,Patricia Miller,44427,2865,3300
Ford,Escape,57693,2019,Emily Davis,Elizabeth Smith,21478,1291,5093
Ford,Bronco,66752,2024,Sarah Wilson,William Rodriguez,16686,1764,7228
Ford,Explorer,108717,2018,John Carter,Patricia Brown,32246,2370,8862
Ford,F-150,118493,2023,Emily Davis,William Davis,26242,2856,5876
Ford,Escape,118499,2019,Emily Davis,James Rodriguez,28513,1346,3455
Ford,Edge,9235,2016,Michael Brown,John Johnson,31972,743,5281
Ford,Mustang,104598,2017,Emily Davis,Jennifer Johnson,34900,1341,3101
Ford,Explorer,97068,2018,Emily Davis,Patricia Williams,34401,2766,8571
Ford,Mustang,78683,2021,Emily Davis,John Johnson,39626,728,7632
Ford,Mustang,9359,2017,John Carter,Mary Garcia,26677,1991,2280
Ford,Edge,45531,2023,Michael Brown,John Garcia,44500,2628,7479
Ford,Mustang,87622,2022,John Carter,Jennifer Rodriguez,31942,1407,6705
Ford,F-150,102068,2024,Sarah Wilson,Patricia Jones,31071,2051,8969
Ford,Explorer,31486,2021,Michael Brown,James Johnson,46324,1516,7472
Ford,Mustang,35546,2018,Sarah Wilson,Jennifer Davis,21933,1311,9456
Ford,Edge,90676,2018,Sarah Wilson,Patricia Rodriguez,23001,522,8310
Ford,Escape,112566,2022,Michael Brown,Mary Johnson,36775,2910,6497
Ford,Mustang,99780,2021,Sarah Wilson,Elizabeth Johnson,41808,1136,3266
Ford,F-150,43437,2017,Sarah Wilson,Mary Rodriguez,15260,602,7251
Ford,Escape,109767,2020,Michael Brown,Michael Brown,44386,2071,5528
Ford,Bronco,41617,2021,Emily Davis,Michael Brown,23202,2696,3769
Ford,Explorer,93301,2022,Emily Davis,James Williams,18679,2054,5356
Ford,Edge,20433,2018,Michael Brown,Robert Williams,18640,2717,4193
Ford,Explorer,45574,2019,John Carter,Linda Brown,38394,2605,9109
Ford,Explorer,111596,2018,Sarah Wilson,John Brown,29860,2529,9554
Ford,F-150,19011,2020,Emily Davis,William Brown,19014,1040,4767
Ford,Bronco,30533,2017,Sarah Wilson,Linda Davis,23844,2771,3932
Ford,Explorer,99353,2021,John Carter,Linda Jones,45751,2118,9613
Ford,F-150,54409,2024,Sarah Wilson,William Davis,49833,623,9174
Ford,F-150,28997,2018,Emily Davis,Jennifer Brown,15975,852,9527
Ford,Mustang,26507,2020,John Carter,James Rodriguez,39259,2971,2689
Ford,Bronco,85593,2024,Michael Brown,John Williams,37670,1833,8718
Ford,Escape,63154,2019,Sarah Wilson,Linda Davis,42549,1759,3280
Ford,Bronco,91099,2022,Sarah Wilson,Patricia Jones,17826,2567,2877
Ford,F-150,29217,2019,Michael Brown,Jennifer Jones,34520,2467,5296
Ford,Mustang,75839,2020,Sarah Wilson,Linda Jones,49054,1941,7235
Ford,Edge,16561,2021,Emily Davis,Michael Davis,40684,2740,9458
Ford,F-150,69203,2022,Michael Brown,James Rodriguez,26764,1962,5006
Ford,Escape,6593,2023,Sarah Wilson,John Williams,19734,1010,5475
Ford,Bronco,101923,2020,Emily Davis,William Miller,24924,1347,2725
Ford,Mustang,100838,2021,Michael Brown,Michael Martinez,49727,2218,3260
Ford,Explorer,30706,2018,Emily Davis,Robert Rodriguez,47550,2306,3024
Ford,Explorer,106885,2022,John Carter,Elizabeth Johnson,25667,2820,3316
Ford,Bronco,57368,2018,John Carter,Jennifer Smith,49214,2659,5397
Ford,F-150,40373,2017,Emily Davis,Jennifer Martinez,37022,1986,808
Ford,Edge,35806,2020,John Carter,Linda Johnson,25661,914,8581
Ford,Edge,79264,2023,Michael Brown,Robert Garcia,26535,1286,5551
Ford,Mustang,89594,2019,Emily Davis,William Davis,33582,971,5570
Ford,Edge,74474,2022,Emily Davis,Jennifer Johnson,41858,2566,2686
Ford,Edge,69927,2021,Sarah Wilson,John Brown,41182,597,7895
Ford,Bronco,12473,2023,Emily Davis,Patricia Rodriguez,42269,1632,6601
Ford,Edge,118607,2021,Michael Brown,Michael Williams,43862,2984,3505
Ford,Explorer,13055,2019,Sarah Wilson,William Rodriguez,22271,692,-1623
Ford,Bronco,113860,2022,Emily Davis,Jennifer Jones,33336,2083,4202
Ford,Bronco,28863,2019,Sarah Wilson,Mary Johnson,25976,1584,5563
Ford,Mustang,47673,2016,John Carter,John Martinez,27076,1869,6209
Ford,F-150,35556,2016,John Carter,Robert Davis,48407,1992,4857
Ford,Bronco,75296,2021,Michael Brown,Linda Smith,37534,2160,3781
Ford,Escape,76552,2022,Michael Brown,James Rodriguez,28743,1979,7355
Ford,Explorer,86852,2015,Michael Brown,John Rodriguez,39000,2298,5735
Ford,Bronco,117129,2015,Sarah Wilson,Patricia Davis,26545,2105,2836
Ford,Edge,11637,2021,Emily Davis,John Brown,28248,2651,2238
Ford,Edge,41179,2018,John Carter,James Brown,29990,842,8496
Ford,Explorer,77168,2023,John Carter,Patricia Jones,41531,1737,5269
Ford,F-150,102694,2019,Sarah Wilson,Jennifer Williams,46681,2804,7713
Ford,Mustang,18162,2022,Michael Brown,Elizabeth Smith,30721,709,6010
Ford,Mustang,35321,2019,Michael Brown,Patricia Davis,48439,1920,4134
Ford,Edge,117983,2017,Emily Davis,William Brown,37623,2558,3814
Ford,Bronco,31408,2015,Michael Brown,Michael Johnson,15456,2594,3043
Ford,Mustang,43211,2020,John Carter,James Rodriguez,29544,2604,5179
Ford,Edge,10714,2023,Sarah Wilson,Patricia Smith,41575,1617,7233
Ford,Explorer,18809,2022,Sarah Wilson,John Jones,49800,1490,2346
Ford,Explorer,66019,2016,Michael Brown,John Garcia,29309,1195,9782
Ford,F-150,14561,2017,Emily Davis,Patricia Johnson,22956,2820,4822
Ford,F-150,116023,2022,Sarah Wilson,John Rodriguez,47615,2471,6816
Ford,Mustang,7142,2020,Emily Davis,Elizabeth Brown,34195,2807,7755
Ford,F-150,63404,2022,Michael Brown,Patricia Davis,15234,2304,4228
Ford,Mustang,102601,2016,John Carter,John Smith,41953,2512,9409
Ford,Mustang,22609,2023,John Carter,William Miller,32674,859,7641
Ford,F-150,52151,2024,Sarah Wilson,Patricia Davis,27210,2386,7434
Ford,Mustang,10122,2024,Emily Davis,James Garcia,32436,793,9199
Ford,Escape,35104,2024,Emily Davis,Jennifer Rodriguez,47232,2911,6385
Ford,Bronco,7487,2020,John Carter,James Johnson,41656,2516,-1673
Ford,F-150,80377,2018,Emily Davis,Jennifer Williams,38512,2919,7037
Ford,Edge,94813,2016,John Carter,Elizabeth Jones,42371,2168,9011
Ford,Bronco,32902,2015,Michael Brown,Mary Garcia,34560,2452,9183
Ford,Escape,117272,2015,Michael Brown,Patricia Johnson,27877,2544,4266
Ford,Escape,71790,2018,Sarah Wilson,William Garcia,26911,795,7946
Ford,Escape,113933,2021,John Carter,Robert Garcia,33123,1540,5816
Ford,F-150,9300,2015,Michael Brown,Mary Garcia,45986,953,5497
Ford,Explorer,31799,2024,John Carter,Jennifer Williams,47152,1539,3290
Ford,Edge,73205,2020,Michael Brown,Michael Jones,38324,978,3062
Ford,Bronco,48466,2015,Sarah Wilson,Robert Jones,32285,2190,558
Ford,F-150,79217,2024,John Carter,Patricia Williams,40046,652,2449
Ford,Escape,50784,2017,Michael Brown,William Miller,26129,651,6271
Ford,Edge,109226,2024,Sarah Wilson,Michael Martinez,24386,2310,7331
Ford,Explorer,71531,2023,Michael Brown,Patricia Martinez,15154,1626,5937
Ford,Escape,38000,2020,John Carter,Jennifer Williams,16280,2524,3832
Ford,Edge,21979,2021,Michael Brown,Linda Rodriguez,45039,1390,9445
Ford,F-150,79564,2020,Sarah Wilson,William Williams,49024,2631,620
Ford,Mustang,51021,2024,Emily Davis,Elizabeth Johnson,43952,2825,7247
Ford,F-150,44593,2019,Michael Brown,Patricia Davis,41876,2025,3267
Ford,Edge,28142,2023,Sarah Wilson,James Williams,46459,1740,588
Ford,F-150,45166,2016,John Carter,Mary Garcia,33560,1048,9301
Ford,Bronco,96124,2020,Michael Brown,Jennifer Miller,28546,1942,4548
Ford,Edge,104906,2015,John Carter,William Williams,39185,1706,6371
Ford,Escape,57831,2022,Michael Brown,Mary Smith,39927,2550,8578
Ford,Edge,43036,2019,Michael Brown,James Martinez,32766,2466,7994
Ford,Bronco,55651,2023,Sarah Wilson,Michael Smith,43222,2541,5190
Ford,F-150,91278,2024,Emily Davis,John Rodriguez,43511,2319,2890
Ford,F-150,47124,2022,Emily Davis,Linda Miller,37689,906,2808
Ford,Mustang,36443,2016,Michael Brown,Jennifer Johnson,34263,1260,7077
Ford,Bronco,85562,2018,Michael Brown,Michael Smith,43648,1616,8475
Ford,Edge,67733,2019,John Carter,Mary Rodriguez,33478,2298,5879
Ford,Edge,63499,2024,Emily Davis,James Garcia,27253,1381,5518
Ford,Bronco,119389,2015,Sarah Wilson,Patricia Williams,26886,2621,3404
Ford,Mustang,98273,2020,John Carter,John Smith,41950,2817,6121
Ford,Escape,58205,2024,Sarah Wilson,Elizabeth Brown,44387,1696,5704
Ford,Bronco,18165,2022,Emily Davis,William Martinez,42133,2900,9319
Ford,Escape,109558,2018,Sarah Wilson,Patricia Miller,29385,1889,3901
Ford,Edge,94901,2019,Emily Davis,James Jones,29596,2554,8201
Ford,Escape,29619,2018,Michael Brown,Michael Brown,26760,2994,7433
Ford,F-150,35784,2016,Emily Davis,Michael Garcia,24237,2116,5601
Ford,Edge,20415,2015,Emily Davis,James Martinez,38854,2172,4296
Ford,Escape,118093,2016,Michael Brown,James Martinez,31812,602,378
Ford,Mustang,32412,2023,Emily Davis,William Garcia,26103,2371,9250
Ford,Escape,10777,2015,John Carter,Michael Johnson,33199,2990,4584
Ford,Bronco,27605,2015,Sarah Wilson,William Davis,39311,824,2505
Ford,Mustang,79976,2019,Emily Davis,William Brown,26574,2433,6966
Ford,Escape,36414,2019,John Carter,James Davis,19020,2672,5045
Ford,Edge,89229,2016,Emily Davis,Robert Martinez,34028,2301,2563
Ford,Explorer,10458,2018,Emily Davis,Linda Miller,30900,1488,6945
Ford,Explorer,113931,2021,Michael Brown,James Miller,21405,1977,7796
Ford,Bronco,57225,2020,Michael Brown,James Smith,48763,2180,8477
Ford,Mustang,45580,2016,Emily Davis,Michael Williams,19281,1427,424
Ford,Mustang,77701,2022,John Carter,Jennifer Smith,30756,2693,8998
Ford,F-150,75411,2015,Emily Davis,Jennifer Williams,20628,2701,5195
Ford,F-150,101911,2020,Michael Brown,Mary Miller,49429,1466,8792
Ford,Edge,27919,2023,John Carter,Linda Martinez,20865,2142,3615
Ford,Escape,110135,2017,Michael Brown,Patricia Brown,35674,1447,940
Ford,Bronco,56429,2015,Emily Davis,Mary Jones,42326,876,3755
Ford,Edge,105201,2021,John Carter,William Johnson,22763,2016,7471
Ford,Bronco,39004,2022,Sarah Wilson,William Williams,43267,1205,5160
Ford,Bronco,23473,2019,Michael Brown,Jennifer Martinez,32961,2904,5815
Ford,Explorer,34995,2021,John Carter,Patricia Garcia,43895,1760,3626
Ford,Edge,92117,2015,Sarah Wilson,Elizabeth Miller,29284,1300,5215
Ford,Explorer,50273,2015,Michael Brown,Michael Jones,36573,543,2258
Ford,Mustang,80204,2016,Sarah Wilson,Mary Smith,47244,831,2233
Ford,Mustang,90943,2020,Michael Brown,James Brown,40365,2350,4766
Ford,F-150,9550,2020,John Carter,Linda Garcia,19060,1118,9149
Ford,Escape,78473,2022,Michael Brown,Jennifer Rodriguez,44342,2308,7201
Ford,Escape,111520,2017,John Carter,Mary Garcia,23899,831,6541
Ford,F-150,42355,2023,Emily Davis,James Miller,49935,838,9891
Ford,Explorer,115090,2016,Michael Brown,Elizabeth Garcia,16122,2749,2984
Ford,Mustang,5143,2019,John Carter,Robert Johnson,43676,1252,2235
Ford,Edge,80564,2021,Sarah Wilson,Mary Garcia,38346,2945,9928
Ford,F-150,78384,2017,Michael Brown,James Martinez,37835,1234,4627
Ford,Bronco,101530,2018,Sarah Wilson,John Smith,28216,2713,2201
Ford,Bronco,96643,2017,John Carter,Robert Jones,45217,1263,609
Ford,Edge,106408,2022,Sarah Wilson,Michael Smith,15531,1752,6300
Ford,Explorer,42640,2018,Sarah Wilson,Mary Martinez,38143,2218,3509
Ford,Mustang,105035,2021,Emily Davis,John Brown,40800,2729,2181
Ford,Bronco,17826,2022,Sarah Wilson,Mary Rodriguez,24401,1085,2115
Ford,Escape,60421,2019,Emily Davis,Jennifer Jones,30921,2515,2696
Ford,Bronco,65205,2018,Sarah Wilson,James Miller,33467,1910,9558
Ford,Bronco,50246,2021,John Carter,Elizabeth Martinez,19196,581,3917
Ford,F-150,55607,2017,Michael Brown,James Brown,21217,735,7374
Ford,Edge,117025,2020,Emily Davis,Robert Johnson,34810,934,6903
Ford,Bronco,98970,2015,Sarah Wilson,Michael Rodriguez,30692,2764,6979
Ford,Bronco,12141,2017,Emily Davis,Mary Jones,16748,943,9983
Ford,Edge,35099,2019,John Carter,Patricia Martinez,16951,2836,2987
Ford,Bronco,51920,2020,Emily Davis,James Williams,25109,1965,9218
Ford,F-150,29556,2024,Michael Brown,Elizabeth Miller,29401,2344,9389
Ford,Edge,96653,2023,Michael Brown,James Martinez,37883,1412,5788
Ford,Escape,20511,2019,Sarah Wilson,Elizabeth Johnson,49790,1945,2927
Ford,F-150,82079,2020,Michael Brown,Jennifer Williams,18046,2305,6717
Ford,Edge,45935,2022,Michael Brown,James Davis,29024,1183,8123
Ford,Explorer,90682,2016,Michael Brown,John Rodriguez,28712,2110,9142
Ford,Edge,99507,2022,Emily Davis,Patricia Smith,42670,1826,6094
Ford,F-150,108586,2017,Sarah Wilson,Mary Garcia,26957,603,7353
Ford,Bronco,56516,2022,Michael Brown,Patricia Garcia,46271,2753,8274
Ford,Explorer,49293,2022,Sarah Wilson,Michael Smith,32669,1785,3886
Ford,Mustang,54720,2018,Michael Brown,Linda Johnson,34845,1102,7878
Ford,F-150,11573,2019,Emily Davis,Robert Brown,26233,1087,693
Ford,Bronco,62614,2024,John Carter,Elizabeth Miller,47250,1998,7414
Ford,Escape,8080,2016,Emily Davis,Jennifer Williams,39075,1144,5928
Ford,Escape,41913,2023,Michael Brown,William Davis,21346,1535,250
Ford,Explorer,7687,2017,Sarah Wilson,Elizabeth Garcia,17626,593,6040
Ford,Bronco,61158,2021,Michael Brown,Linda Jones,48683,610,5680
Ford,Edge,96547,2018,Michael Brown,Michael Johnson,23930,1701,4720
Ford,Edge,15446,2020,John Carter,John Johnson,36500,1257,2089
Ford,Mustang,96334,2017,Sarah Wilson,Mary Johnson,24510,1002,4357
Ford,F-150,113048,2017,John Carter,Robert Brown,28779,2175,5812
Ford,Mustang,23513,2016,John Carter,James Johnson,37052,2715,2533
Ford,Edge,9535,2018,John Carter,Michael Jones,25284,2504,8862
Ford,Bronco,49627,2024,John Carter,Elizabeth Jones,26975,919,4213
Ford,F-150,109672,2021,John Carter,William Williams,34616,584,6052
Ford,Bronco,44804,2022,John Carter,Elizabeth Davis,49901,2663,9644
Ford,F-150,88089,2015,Emily Davis,William Martinez,25859,824,7247
Ford,Edge,6396,2023,Emily Davis,James Jones,37056,2778,7599
Ford,Mustang,114493,2023,Emily Davis,Linda Davis,28567,2559,3089
Ford,Edge,112028,2015,Emily Davis,Robert Smith,35809,1162,3442
Ford,F-150,52663,2023,Michael Brown,Patricia Brown,34289,620,9697
Ford,Explorer,52529,2023,Sarah Wilson,Robert Smith,34801,580,6842
Ford,Mustang,72124,2022,Michael Brown,Patricia Smith,46114,2106,6638
Ford,Explorer,40661,2024,Emily Davis,Robert Miller,46473,1260,5349
Ford,Mustang,25012,2017,John Carter,John Brown,48678,2917,8402
Ford,Explorer,62537,2015,John Carter,Robert Brown,47757,2291,6324
Ford,Edge,116611,2015,Emily Davis,James Jones,49247,2591,8051
Ford,Explorer,38544,2022,Emily Davis,William Smith,39443,2564,3261
Ford,Edge,68543,2015,John Carter,James Rodriguez,36488,1564,9504
Ford,Mustang,103823,2023,Emily Davis,Jennifer Miller,40807,2468,4991
Ford,Mustang,13395,2023,Michael Brown,Michael Johnson,49268,1701,5329
Ford,F-150,25853,2020,John Carter,Linda Brown,41420,626,7047
Ford,Edge,29394,2021,John Carter,James Rodriguez,25780,1141,7840
Ford,F-150,105287,2017,Sarah Wilson,John Williams,46679,1843,4526
Ford,Mustang,68938,2015,Sarah Wilson,James Martinez,28295,2425,5747
Ford,Escape,112349,2024,Emily Davis,William Davis,25356,708,3798
Ford,F-150,32998,2023,Michael Brown,Jennifer Williams,36365,2554,9220
Ford,Explorer,39855,2017,John Carter,Patricia Brown,38675,2497,7226
Ford,Explorer,50991,2022,Emily Davis,Elizabeth Rodriguez,30772,2803,9429
Ford,F-150,76610,2017,Emily Davis,Elizabeth Davis,24183,2073,5786
Ford,Explorer,102276,2022,Michael Brown,Michael Davis,24738,2465,5788
Ford,Explorer,78319,2016,John Carter,Robert Rodriguez,38547,1450,5469
Ford,Escape,43579,2023,Emily Davis,William Martinez,17747,1844,8021
Ford,Bronco,112735,2015,Michael Brown,Patricia Johnson,15935,1131,6213
Ford,Edge,54398,2020,Emily Davis,William Johnson,16384,2777,138
Ford,Escape,112658,2020,Sarah Wilson,John Johnson,44996,1259,3925
Ford,Bronco,12687,2022,John Carter,Patricia Williams,20361,964,5687
Ford,Mustang,71382,2017,Michael Brown,William Brown,18678,554,9463
Ford,Explorer,30528,2020,John Carter,Robert Smith,49413,1729,8910
Ford,Mustang,17067,2023,Sarah Wilson,Robert Garcia,40985,2774,5326
Ford,Bronco,114118,2023,Michael Brown,Michael Jones,26690,696,8806
Ford,F-150,72477,2023,Michael Brown,John Williams,29760,1178,2356
Ford,F-150,70727,2022,Michael Brown,Patricia Rodriguez,35809,2288,5982
Ford,Mustang,18218,2019,John Carter,Elizabeth Johnson,29060,2227,3465
Ford,F-150,54198,2015,Emily Davis,Mary Smith,49412,2529,4485
Ford,F-150,37762,2021,Sarah Wilson,Mary Brown,33224,781,4366
Ford,Escape,93825,2019,Emily Davis,James Johnson,25184,2338,9454
Ford,F-150,102111,2015,Michael Brown,James Martinez,31292,2697,3231
Ford,Edge,29093,2022,John Carter,John Jones,20312,2192,2973
Ford,Bronco,90071,2022,Emily Davis,James Davis,40721,559,4266
Ford,Mustang,32373,2023,John Carter,William Rodriguez,37031,1146,3427
Ford,Mustang,82603,2017,Michael Brown,Jennifer Jones,33420,1800,9688
Ford,Edge,58304,2018,Michael Brown,Mary Brown,48834,1261,4818
Ford,F-150,79884,2018,John Carter,Linda Brown,29928,1540,4399
Ford,Explorer,32536,2017,Emily Davis,James Johnson,18815,2022,2902
Ford,Edge,6831,2020,Michael Brown,Robert Davis,18148,2608,9828
Ford,Edge,25188,2016,John Carter,Jennifer Brown,47184,747,9487
Ford,Bronco,91093,2018,Michael Brown,Patricia Garcia,45610,1895,7990
Ford,Escape,58360,2017,Sarah Wilson,John Garcia,43092,2589,7226
Ford,Explorer,87958,2019,Sarah Wilson,Elizabeth Smith,47963,2820,8546
Ford,Escape,52082,2017,John Carter,Robert Rodriguez,42016,2910,3045
Ford,Escape,62424,2016,Michael Brown,Elizabeth Garcia,36309,1134,4166
Ford,Edge,29679,2024,John Carter,Mary Williams,19868,2381,2905
Ford,Edge,9648,2022,Emily Davis,John Brown,48891,978,3946
Ford,Edge,28689,2023,Michael Brown,Elizabeth Smith,24763,713,2265
Ford,Mustang,47974,2020,Michael Brown,Michael Smith,31397,2472,6537
Ford,Mustang,67141,2023,John Carter,Michael Miller,20782,652,9617
Ford,Mustang,49163,2022,Sarah Wilson,Linda Jones,24000,2217,7493
Ford,F-150,17540,2016,Michael Brown,John Garcia,40529,876,9542
Ford,Escape,106800,2020,Michael Brown,Elizabeth Jones,29816,1130,5738
Ford,Escape,29217,2016,Michael Brown,Robert Davis,42730,1775,9329
Ford,Explorer,5196,2024,Emily Davis,John Smith,23787,2698,9896
Ford,Edge,79043,2015,Emily Davis,Patricia Garcia,47235,2312,5581
Ford,Bronco,111361,2024,Sarah Wilson,Patricia Brown,43873,1867,7330
Ford,Mustang,112670,2021,Sarah Wilson,Elizabeth Johnson,24680,1405,678
Ford,Escape,66147,2015,Sarah Wilson,Robert Jones,18765,1234,9075
Ford,Mustang,70297,2016,Michael Brown,Mary Martinez,41577,1114,246
Ford,Escape,53054,2019,Emily Davis,William Williams,31794,1117,5228
Ford,Mustang,31533,2020,John Carter,Patricia Brown,24877,1583,4567
Ford,Explorer,79500,2020,Sarah Wilson,Mary Garcia,28518,2901,2531
Ford,Bronco,69151,2016,Emily Davis,Mary Brown,31263,858,5364
Ford,Mustang,48277,2016,Michael Brown,Elizabeth Davis,31588,2168,6433
Ford,Bronco,111342,2016,Emily Davis,James Jones,29467,1529,8291
Ford,Mustang,88312,2021,Emily Davis,Linda Johnson,25940,511,9985
Ford,Bronco,31407,2021,John Carter,William Smith,19487,1023,9816
Ford,Mustang,66626,2017,Emily Davis,Elizabeth Martinez,39848,1322,4129
Ford,Escape,35453,2016,Sarah Wilson,Elizabeth Brown,44586,1186,910
Ford,Bronco,43494,2017,Sarah Wilson,Mary Rodriguez,30874,731,3030
Ford,Escape,117905,2018,Sarah Wilson,Linda Brown,39411,2240,2907
Ford,Edge,69445,2021,Sarah Wilson,Patricia Garcia,40887,2033,9344
Ford,Escape,108555,2018,Emily Davis,Mary Smith,18366,2591,8337
Ford,Explorer,11086,2015,John Carter,Mary Martinez,19574,2993,3808
Ford,Escape,46742,2020,Michael Brown,William Martinez,49266,1609,8641
Ford,Escape,15046,2015,Emily Davis,Linda Brown,33442,1342,5289
Ford,Mustang,72610,2015,Sarah Wilson,Elizabeth Williams,40108,2249,4129
Ford,Escape,23048,2023,John Carter,Linda Johnson,34417,545,280
Ford,Mustang,29333,2023,Sarah Wilson,Patricia Williams,20083,1483,-2318
Ford,Escape,53644,2023,John Carter,Elizabeth Rodriguez,33326,2589,8609
Ford,Edge,26686,2015,Emily Davis,Linda Williams,36558,2152,8119
Ford,F-150,9071,2016,Sarah Wilson,Michael Johnson,44446,583,2805
Ford,F-150,14481,2024,John Carter,Jennifer Davis,39440,1023,6996
Ford,F-150,79966,2024,Michael Brown,Robert Garcia,37505,1225,2315
Ford,F-150,118523,2022,John Carter,Michael Miller,17117,1911,9527
Ford,Mustang,66657,2016,Michael Brown,James Jones,43051,2248,2275
Ford,Explorer,86405,2018,Sarah Wilson,James Martinez,30015,706,7730
Ford,Explorer,74703,2023,Sarah Wilson,Linda Brown,24165,2629,9534
Ford,Explorer,88931,2022,John Carter,Elizabeth Miller,23490,1829,8823
Ford,Edge,97989,2022,Sarah Wilson,Linda Johnson,39178,1565,6461
Ford,Explorer,33682,2022,Michael Brown,Patricia Williams,17443,1246,8499
Ford,Edge,29903,2020,John Carter,Robert Brown,22403,1455,6688
Ford,Mustang,80675,2015,Emily Davis,Linda Smith,24447,884,9661
Ford,F-150,90228,2021,Michael Brown,John Garcia,19132,1555,5227
Ford,Mustang,65665,2017,Michael Brown,Jennifer Miller,37744,2859,6591
Ford,Bronco,42406,2019,Sarah Wilson,Michael Williams,20136,1516,2114
Ford,F-150,105625,2022,John Carter,Linda Johnson,25589,2921,2473
Ford,F-150,21816,2022,Emily Davis,Jennifer Brown,49206,1511,2594
Ford,Escape,119701,2023,John Carter,James Davis,35723,1855,7076
Ford,Bronco,88687,2019,John Carter,Robert Davis,18924,984,8731
Ford,Explorer,85665,2015,Sarah Wilson,Robert Smith,19296,1665,9863
Ford,F-150,60882,2015,Emily Davis,Elizabeth Martinez,42295,1985,3808
Ford,F-150,46763,2021,Emily Davis,Michael Williams,44253,1984,9978
Ford,Escape,62819,2022,Emily Davis,Jennifer Smith,47596,542,7027
Ford,Escape,92044,2022,Sarah Wilson,Michael Martinez,48556,1926,9284
Ford,F-150,91585,2019,John Carter,James Williams,31981,3000,8867
Ford,Edge,119165,2023,John Carter,Jennifer Smith,34201,1672,3268
Ford,Mustang,48166,2022,Emily Davis,William Miller,47873,2365,5347
Ford,Mustang,61782,2019,Michael Brown,John Martinez,25513,1352,3532
Ford,Bronco,40157,2018,Michael Brown,William Rodriguez,18293,1048,5518
Ford,Bronco,9870,2024,John Carter,Jennifer Garcia,36515,1047,8786
Ford,Explorer,32554,2016,John Carter,John Williams,25556,1042,8753
Ford,Bronco,17392,2024,Sarah Wilson,Patricia Johnson,43065,2398,7041
Ford,Explorer,113732,2023,Sarah Wilson,William Rodriguez,28635,743,2472
Ford,Explorer,112990,2021,Emily Davis,Jennifer Brown,27947,503,2572
Ford,Bronco,108114,2017,Michael Brown,William Miller,24235,2216,6490
Ford,F-150,66059,2019,John Carter,Jennifer Johnson,28418,1097,6936
Ford,Escape,97784,2022,Emily Davis,Michael Martinez,18105,2571,7380
Ford,F-150,58558,2017,Emily Davis,James Brown,31647,2642,5554
Ford,Escape,83429,2016,John Carter,Robert Miller,23703,1442,6067
Ford,Bronco,9091,2022,Michael Brown,Elizabeth Johnson,28016,1791,7878
Ford,Explorer,16586,2018,Michael Brown,John Smith,35649,1574,5503
Ford,Edge,39252,2017,Emily Davis,Robert Smith,22525,2874,2294
Ford,Edge,108127,2023,John Carter,Robert Davis,32450,1436,7936
Ford,Explorer,107582,2018,Emily Davis,John Davis,33017,2162,5522
Ford,Bronco,67220,2023,Emily Davis,Mary Brown,47158,1292,6518
Ford,Escape,42723,2015,John Carter,Mary Garcia,31050,2575,5381
Ford,Explorer,27411,2021,John Carter,Robert Johnson,26722,1818,7506
Ford,Explorer,51531,2022,Sarah Wilson,William Brown,16995,1769,4543
Ford,Bronco,6574,2022,Michael Brown,Mary Brown,26894,1786,8933
Ford,F-150,100750,2023,Michael Brown,James Jones,49557,1912,9325
Ford,Edge,88779,2019,Michael Brown,James Jones,31511,638,8954
Ford,F-150,94017,2019,John Carter,Mary Martinez,17774,2750,7044
Ford,Edge,88013,2018,Sarah Wilson,Patricia Jones,48361,2629,4434
Ford,Bronco,26104,2018,Sarah Wilson,Mary Davis,36084,884,7687
Ford,Mustang,13402,2024,Sarah Wilson,Robert Garcia,21103,1684,6830
Ford,Escape,86420,2024,Sarah Wilson,John Brown,28237,3000,-4652
Ford,Edge,57992,2022,John Carter,Patricia Garcia,35355,583,5484
Ford,Explorer,84443,2017,Sarah Wilson,Elizabeth Rodriguez,44976,2806,5616
Ford,Bronco,112892,2018,John Carter,Elizabeth Jones,34666,2763,6252
Ford,Explorer,26576,2019,Emily Davis,Robert Rodriguez,37983,2759,7356
Ford,Mustang,110651,2016,John Carter,John Williams,32940,1893,3890
Ford,F-150,30854,2019,Emily Davis,Patricia Martinez,42237,2437,4453
Ford,Escape,52404,2021,Michael Brown,John Rodriguez,47670,927,5866
Ford,Mustang,63405,2016,Sarah Wilson,Elizabeth Rodriguez,20345,1394,7676
Ford,F-150,66326,2020,Michael Brown,William Smith,27180,732,9231
Ford,Edge,101194,2020,John Carter,Robert Davis,17872,2298,5039
Ford,F-150,48982,2022,John Carter,Michael Smith,39223,2237,8791
Ford,F-150,62956,2021,Michael Brown,William Davis,21685,1740,3857
Ford,F-150,108445,2016,Michael Brown,James Miller,25916,1981,7010
Ford,F-150,91229,2018,Sarah Wilson,Michael Johnson,47651,2126,7121
Ford,F-150,19603,2023,Emily Davis,William Rodriguez,16535,1462,9363
Ford,Escape,104448,2017,John Carter,James Martinez,24553,2883,7244
Ford,Explorer,77461,2023,John Carter,Elizabeth Williams,41017,711,4074
Ford,Explorer,60993,2021,Michael Brown,Michael Martinez,21745,1598,3382
Ford,Explorer,53808,2022,Sarah Wilson,Michael Jones,25272,2307,3757
Ford,Bronco,94127,2017,Sarah Wilson,William Johnson,41554,2850,6954
Ford,F-150,100509,2020,Michael Brown,Linda Davis,39003,1593,6502
Ford,Mustang,96774,2024,Michael Brown,Mary Rodriguez,41966,955,5533
Ford,Bronco,25240,2024,Emily Davis,James Smith,35769,2778,3242
Ford,Escape,41187,2018,Emily Davis,James Williams,18600,2913,3571
Ford,Escape,77136,2022,Emily Davis,Michael Williams,18421,2649,7556
Ford,Edge,111833,2016,Emily Davis,Elizabeth Brown,25259,680,2089
Ford,Edge,43474,2019,John Carter,Mary Brown,37279,2289,9410
Ford,Explorer,72881,2022,Sarah Wilson,John Brown,33633,1817,4892
Ford,Explorer,8204,2015,Sarah Wilson,James Brown,41036,1754,3947
Ford,Mustang,98113,2020,John Carter,James Davis,45044,1837,3919
Ford,F-150,119152,2017,Sarah Wilson,James Jones,27831,882,3058
Ford,Escape,21856,2020,Emily Davis,Jennifer Smith,17956,2513,4673
Ford,Explorer,31878,2020,John Carter,Jennifer Davis,20471,2611,7311
Ford,F-150,24383,2015,John Carter,William Davis,21349,1839,7457
Ford,Escape,24187,2016,Sarah Wilson,Mary Johnson,19016,654,9180
Ford,Edge,59271,2016,Sarah Wilson,Robert Miller,30982,1597,3261
Ford,Bronco,112727,2019,Michael Brown,James Jones,25269,1003,8216
Ford,Edge,7678,2020,John Carter,William Williams,18222,1563,8891
Ford,F-150,71551,2021,John Carter,John Davis,34511,2620,5619
Ford,Explorer,38663,2015,Emily Davis,Jennifer Davis,28001,2952,2584
Ford,F-150,48903,2021,Sarah Wilson,Elizabeth Smith,45133,2886,8026
Ford,F-150,39427,2018,Emily Davis,James Jones,49070,2877,4296
Ford,Explorer,22764,2023,John Carter,Patricia Garcia,47746,1845,7788
Ford,F-150,9683,2021,Michael Brown,John Williams,35276,690,9177
Ford,Edge,117502,2016,John Carter,Michael Jones,45420,1366,7690
Ford,Mustang,60451,2020,Michael Brown,William Rodriguez,17425,1509,9825
Ford,F-150,36539,2024,Emily Davis,Mary Jones,30617,1363,3791
Ford,Explorer,43131,2019,Sarah Wilson,Robert Garcia,21099,2783,3022
Ford,Mustang,11498,2019,Michael Brown,Elizabeth Martinez,17379,2735,4198
Ford,Mustang,102633,2017,Emily Davis,Jennifer Williams,37416,2887,7677
Ford,Mustang,66048,2016,Sarah Wilson,William Johnson,33329,1221,8271
Ford,F-150,119207,2019,Sarah Wilson,Robert Brown,27511,2377,9243
Ford,Edge,104342,2016,Sarah Wilson,John Williams,17661,1472,8433
Ford,Mustang,62361,2018,Michael Brown,Jennifer Rodriguez,47078,1993,2550
Ford,Edge,98448,2018,Sarah Wilson,Patricia Brown,16777,1861,8347
Ford,Bronco,113812,2017,Emily Davis,Mary Brown,19374,2793,8425
Ford,Bronco,26131,2020,Michael Brown,James Johnson,49354,709,9249
Ford,Bronco,16070,2024,John Carter,William Martinez,46481,821,4436
Ford,Explorer,27243,2015,Michael Brown,Mary Williams,24622,1941,2288
Ford,F-150,14354,2021,Emily Davis,Robert Martinez,47203,2862,4491
Ford,Explorer,33666,2016,John Carter,Robert Brown,41002,840,3732
Ford,Explorer,99726,2020,John Carter,William Davis,46722,2922,9893
Ford,Explorer,45140,2023,John Carter,John Miller,25908,1076,4704
Ford,F-150,21824,2024,John Carter,James Johnson,47155,2687,8285
Ford,Explorer,29180,2015,John Carter,Michael Jones,29768,2873,4225
Ford,Bronco,33427,2019,John Carter,Robert Rodriguez,46208,1596,3992
Ford,Mustang,16554,2017,Sarah Wilson,Jennifer Smith,21664,1248,7819
Ford,Explorer,96704,2017,Sarah Wilson,James Davis,43875,1767,4692
Ford,Escape,113071,2019,Sarah Wilson,Patricia Davis,33410,973,5500
Ford,Mustang,111297,2021,John Carter,Robert Davis,20847,2151,5046
Ford,Mustang,40894,2016,Emily Davis,Linda Brown,30730,2089,5868
Ford,F-150,11942,2021,Sarah Wilson,Elizabeth Smith,38763,2312,8833
Ford,Bronco,21511,2016,John Carter,Linda Smith,24269,2960,7536
Ford,Explorer,30255,2017,Emily Davis,Mary Rodriguez,44013,1662,3657
Ford,Explorer,22460,2020,Emily Davis,Patricia Williams,23696,2451,9192
Ford,F-150,58692,2021,Emily Davis,Jennifer Martinez,43845,2583,5317
Ford,Mustang,21954,2016,Sarah Wilson,Jennifer Brown,25875,1745,3511
Ford,F-150,92971,2016,Michael Brown,Linda Davis,47233,2739,6035
Ford,Escape,103934,2021,Emily Davis,Elizabeth Smith,20003,1081,8440
Ford,Mustang,89793,2022,Sarah Wilson,Elizabeth Jones,19988,1936,7194
Ford,F-150,94984,2017,Emily Davis,Linda Miller,20286,603,7539
Ford,Explorer,65849,2017,Michael Brown,Jennifer Davis,37237,862,-2132
Ford,F-150,54946,2015,Sarah Wilson,James Jones,18585,1872,2304
Ford,Bronco,24382,2018,Emily Davis,William Johnson,20215,2319,3239
Ford,Edge,50600,2021,Emily Davis,Linda Brown,36016,2814,9769
Ford,F-150,107206,2017,Emily Davis,James Jones,37167,2756,9435
Ford,Escape,71822,2023,Sarah Wilson,John Garcia,23085,2416,4820
Ford,Mustang,11522,2022,Michael Brown,Elizabeth Jones,15830,2595,5825
Ford,Bronco,10752,2020,Michael Brown,Michael Garcia,38601,1491,2008
Ford,Mustang,85239,2024,Sarah Wilson,Patricia Miller,47049,2953,6875
Ford,Bronco,89365,2019,Sarah Wilson,Michael Miller,29987,700,5139
Ford,Edge,32786,2023,Emily Davis,Linda Johnson,39750,2516,5429
Ford,Bronco,73416,2020,Emily Davis,John Smith,15206,996,3475
Ford,F-150,109431,2022,Sarah Wilson,William Garcia,40737,2377,9585
Ford,Escape,30624,2021,Sarah Wilson,Michael Jones,20940,2255,-1212
Ford,F-150,43754,2016,Michael Brown,Linda Davis,31785,1897,6493
Ford,Explorer,42475,2023,Sarah Wilson,Michael Johnson,33279,2880,2400
Ford,F-150,39329,2015,John Carter,Michael Jones,45696,985,2663
Ford,Escape,83785,2021,John Carter,John Rodriguez,19528,982,3053
Ford,Bronco,59079,2023,Sarah Wilson,William Jones,22224,1364,9540
Ford,Escape,15466,2017,Michael Brown,Elizabeth Williams,31145,1461,7876
Ford,Explorer,27098,2021,Sarah Wilson,Elizabeth Davis,15951,1078,9458
Ford,Bronco,94580,2024,Emily Davis,Michael Garcia,46178,667,3933
Ford,Edge,80243,2023,Emily Davis,Mary Johnson,42923,1640,3885
Ford,F-150,37707,2022,Sarah Wilson,Robert Martinez,46360,590,5059
Ford,Escape,116644,2020,Michael Brown,James Garcia,30622,1045,8333
Ford,Explorer,28082,2023,Emily Davis,Patricia Brown,20836,2494,6572
Ford,Escape,36884,2015,Sarah Wilson,Mary Smith,28379,1517,6968
Ford,Escape,15600,2016,Sarah Wilson,Jennifer Miller,19122,1647,6466
Ford,Edge,42266,2021,John Carter,Michael Garcia,47389,694,9778
Ford,Explorer,17364,2019,John Carter,James Jones,26290,2905,5292
Ford,Escape,97731,2019,John Carter,Jennifer Jones,48882,2174,6057
Ford,Edge,79623,2018,Michael Brown,William Smith,39261,2274,7516
Ford,Edge,34442,2015,John Carter,Elizabeth Williams,43700,1480,5815
Ford,Mustang,78208,2018,Michael Brown,Robert Johnson,21720,2413,9179
Ford,F-150,37620,2022,Michael Brown,John Brown,41657,1129,7982
Ford,Explorer,12472,2020,Sarah Wilson,James Garcia,15111,1341,8353
Ford,Explorer,61847,2024,Emily Davis,Robert Jones,19420,1413,7696
Ford,Escape,81072,2024,Sarah Wilson,John Garcia,36014,2273,5255
Ford,Mustang,20745,2023,Emily Davis,Mary Jones,47184,1860,9338
Ford,Mustang,39672,2022,John Carter,Elizabeth Williams,18356,1343,7520
Ford,F-150,93335,2017,Michael Brown,James Brown,46495,1415,4811
Ford,F-150,102622,2018,John Carter,Patricia Rodriguez,41006,2925,3196
Ford,Mustang,26889,2018,Sarah Wilson,Michael Rodriguez,39668,1422,9813
Ford,Edge,42782,2017,Emily Davis,Patricia Davis,30894,986,3837
Ford,Explorer,98183,2024,Sarah Wilson,Linda Rodriguez,33721,668,9952
Ford,Mustang,85586,2019,John Carter,Michael Williams,38374,1184,6254
Ford,F-150,10520,2018,Sarah Wilson,Elizabeth Johnson,35322,810,3053
Ford,Edge,106579,2018,Emily Davis,Elizabeth Miller,37450,1114,4854
Ford,Bronco,83484,2019,Michael Brown,Elizabeth Smith,15598,1005,9461
Ford,Escape,19962,2015,John Carter,Mary Johnson,46005,537,8458
Ford,F-150,100067,2015,Emily Davis,Jennifer Martinez,49086,2556,4486
Ford,Edge,90630,2022,Sarah Wilson,Jennifer Smith,37234,603,3382
Ford,Edge,106685,2020,Michael Brown,Patricia Miller,28385,2646,4682
Ford,Mustang,52752,2022,John Carter,James Jones,25553,2390,9568
Ford,Bronco,110010,2017,John Carter,Michael Davis,16556,890,9783
Ford,Explorer,72943,2022,Sarah Wilson,James Jones,23664,1836,2833
Ford,Escape,107119,2020,John Carter,Patricia Jones,47117,2023,8608
Ford,Bronco,22324,2022,Emily Davis,Robert Davis,20651,558,3757
Ford,Explorer,44721,2023,John Carter,John Rodriguez,29552,1659,7185
Ford,Explorer,48075,2021,John Carter,Linda Smith,28898,1941,9932
Ford,Edge,74170,2017,Sarah Wilson,Michael Johnson,16345,1436,-519
Ford,F-150,31130,2023,Sarah Wilson,Jennifer Rodriguez,48226,783,4132
Ford,Escape,56084,2017,John Carter,John Smith,39344,2553,6189
Ford,F-150,11938,2020,Michael Brown,Linda Johnson,41476,1116,3771
Ford,Escape,27091,2015,Michael Brown,Linda Rodriguez,17151,2828,3612
Ford,Escape,78200,2016,Emily Davis,James Williams,46373,671,9115
Ford,Bronco,49494,2016,Emily Davis,Elizabeth Martinez,26122,1693,9272
Ford,F-150,78120,2020,Michael Brown,Robert Garcia,20628,2950,8145
Ford,F-150,117116,2019,Sarah Wilson,Robert Garcia,17961,2214,5698
Ford,Explorer,21351,2018,John Carter,Patricia Johnson,36338,2238,4262
Ford,Escape,106476,2017,John Carter,Michael Miller,29233,1572,7797
Ford,Mustang,102318,2017,Emily Davis,Linda Rodriguez,48632,2333,5324
Ford,Mustang,19461,2015,Emily Davis,Mary Rodriguez,28591,1563,7155
Ford,Bronco,67720,2019,Michael Brown,Patricia Williams,39924,2240,8685
Ford,Mustang,20705,2018,Sarah Wilson,Robert Martinez,19870,2506,4666
Ford,Explorer,31159,2020,Emily Davis,Robert Johnson,44961,2598,565
Ford,Mustang,85455,2017,Emily Davis,Elizabeth Rodriguez,15798,1756,9782
Ford,Explorer,104017,2023,Sarah Wilson,Jennifer Garcia,25327,808,2814
Ford,F-150,45435,2021,John Carter,Patricia Jones,23037,2107,3613
Ford,Mustang,23203,2015,Sarah Wilson,Patricia Miller,27020,594,5781
Ford,Explorer,53201,2019,John Carter,Linda Williams,20305,1327,8462
Ford,Explorer,53808,2024,John Carter,Robert Rodriguez,21600,672,7854
Ford,Mustang,117735,2022,Emily Davis,Jennifer Garcia,44272,2198,2713
Ford,Escape,103789,2024,John Carter,Robert Rodriguez,27410,2489,9708
Ford,Edge,100792,2022,John Carter,Mary Rodriguez,35016,2089,3084
Ford,Mustang,56355,2020,Michael Brown,Elizabeth Johnson,43462,2978,6831
Ford,Bronco,51553,2019,Sarah Wilson,William Johnson,39866,787,7097
Ford,Bronco,71510,2021,John Carter,Patricia Martinez,31621,2812,9419
Ford,Mustang,23186,2015,Michael Brown,Jennifer Johnson,22603,1178,7899
Ford,Escape,35175,2021,Emily Davis,Linda Miller,28078,629,2673
Ford,Escape,36250,2017,Emily Davis,Elizabeth Smith,17235,1669,8264
Ford,Edge,86443,2023,Sarah Wilson,William Brown,44046,1545,6803
Ford,Bronco,63193,2019,Michael Brown,James Garcia,17464,1613,5787
Ford,Bronco,80696,2019,Emily Davis,Mary Williams,45656,1511,5559
Ford,Edge,108426,2022,John Carter,William Johnson,42000,1802,7971
Ford,Explorer,99751,2021,Emily Davis,Mary Smith,27891,2406,6616
Ford,Mustang,86556,2017,Emily Davis,Elizabeth Brown,37871,1382,8127
Ford,Escape,36084,2017,Emily Davis,William Rodriguez,35876,768,8620
Ford,Edge,114197,2024,Emily Davis,Robert Martinez,20021,1002,8237
Ford,F-150,115788,2024,Sarah Wilson,Elizabeth Rodriguez,42250,1205,141
Ford,Edge,96787,2020,Michael Brown,Robert Rodriguez,15754,2913,5953
Ford,Mustang,76307,2021,Michael Brown,Michael Rodriguez,22721,1873,2581
Ford,Explorer,45144,2021,Michael Brown,Mary Miller,34701,1312,6618
Ford,F-150,13534,2019,Michael Brown,Linda Smith,38029,1972,8977
Ford,Mustang,32740,2016,Emily Davis,Jennifer Jones,42221,1428,9986
Ford,Edge,34581,2021,Michael Brown,Mary Jones,20704,1794,9741
Ford,F-150,99341,2024,John Carter,William Miller,47750,2534,6489
Ford,Mustang,82179,2017,Michael Brown,John Davis,41180,532,4178
Ford,Bronco,25387,2018,Michael Brown,Elizabeth Williams,19047,1990,9267
Ford,Bronco,57045,2015,Sarah Wilson,Mary Smith,21895,1987,2683
Ford,Bronco,112029,2017,John Carter,Patricia Brown,31455,2982,190
Ford,F-150,73775,2023,John Carter,Mary Johnson,49285,726,5443
Ford,F-150,22173,2019,Sarah Wilson,James Brown,34524,1005,4187
Ford,Mustang,79614,2018,Emily Davis,Patricia Davis,20032,711,3169
Ford,F-150,66070,2015,Michael Brown,John Williams,34845,542,9032
Ford,Edge,93079,2018,Michael Brown,Michael Martinez,18959,1663,2946
Ford,Escape,53452,2019,Sarah Wilson,Linda Davis,44997,1147,7485
Ford,Edge,65162,2016,Emily Davis,Robert Miller,25986,2121,8335
Ford,Escape,38099,2019,Emily Davis,Robert Davis,42641,2747,5280
Ford,Explorer,93230,2024,John Carter,Elizabeth Miller,37098,1495,8323
Ford,Escape,98460,2019,Sarah Wilson,James Martinez,32972,768,7989
Ford,Edge,100629,2019,John Carter,Elizabeth Smith,46569,2524,5522
Ford,Explorer,106234,2020,Emily Davis,Michael Rodriguez,25649,749,9220
Ford,F-150,65899,2018,John Carter,John Rodriguez,42548,2361,5760
Ford,Mustang,67159,2020,Emily Davis,Mary Martinez,48901,2366,5514
Ford,Explorer,98634,2020,Sarah Wilson,William Rodriguez,36334,2704,4376
Ford,Mustang,50809,2020,Michael Brown,James Rodriguez,26253,2979,2025
Ford,Bronco,33320,2022,Emily Davis,James Williams,27578,2485,8189
Ford,Edge,111101,2017,John Carter,Linda Jones,21031,2353,4708
Ford,Escape,30249,2024,John Carter,Mary Miller,28209,2603,240
Ford,Bronco,84194,2020,Emily Davis,Mary Miller,46122,1127,9453
Ford,F-150,7784,2015,Michael Brown,John Garcia,33704,1826,6428
Ford,Bronco,92959,2017,Sarah Wilson,John Martinez,19413,1892,9699
Ford,Explorer,88560,2022,Michael Brown,Elizabeth Garcia,40308,1877,2218
Ford,Edge,96936,2019,Emily Davis,Jennifer Williams,15588,2736,3859
Ford,Bronco,67847,2020,Michael Brown,Patricia Jones,48354,1845,4982
Ford,Explorer,35910,2022,Emily Davis,William Garcia,24863,2358,2664
Ford,Explorer,23255,2018,Michael Brown,James Rodriguez,26908,2163,2350
Ford,Explorer,8793,2020,Sarah Wilson,Jennifer Garcia,15852,1895,7216
Ford,Bronco,112213,2017,Michael Brown,Mary Davis,39327,2331,8644
Ford,Bronco,38920,2023,Michael Brown,Linda Rodriguez,47637,1347,2217
Ford,Escape,87671,2019,Emily Davis,James Brown,35817,2776,2220
Ford,Explorer,25077,2019,Sarah Wilson,William Brown,38978,739,8118
Ford,Edge,90630,2019,Emily Davis,Linda Rodriguez,37946,654,4373
Ford,Bronco,77799,2024,John Carter,Michael Brown,22964,1686,4743
Ford,Escape,81864,2022,Sarah Wilson,Patricia Williams,40354,2550,7195
Ford,Bronco,39717,2017,Sarah Wilson,Robert Brown,31177,2653,8175
Ford,Edge,109322,2020,Michael Brown,Robert Martinez,33791,2374,469
Ford,Bronco,119681,2017,Emily Davis,William Smith,21891,2830,4532
Ford,Bronco,6016,2021,Sarah Wilson,James Jones,25013,1120,6881
Ford,Escape,113967,2023,Emily Davis,William Garcia,40543,1513,4688
Ford,Escape,107683,2024,Sarah Wilson,William Martinez,40641,2570,2816
Ford,Explorer,98137,2021,John Carter,Elizabeth Rodriguez,38986,2737,3892
Ford,Edge,114579,2017,John Carter,Jennifer Johnson,19947,1599,2732
Ford,F-150,25803,2016,Emily Davis,Michael Johnson,38228,2670,7358
Ford,Bronco,74216,2021,Michael Brown,John Smith,27222,1825,4872
Ford,Explorer,43829,2019,John Carter,John Martinez,40026,1792,3851
Ford,Mustang,65017,2022,Michael Brown,Mary Smith,27723,1789,7583
Ford,F-150,76430,2015,John Carter,Michael Johnson,22270,1098,2806
Ford,Bronco,110869,2022,Michael Brown,John Rodriguez,21852,1532,2275
Ford,Edge,29261,2019,Emily Davis,Jennifer Martinez,33509,2437,9428
Ford,F-150,104527,2022,Michael Brown,Mary Rodriguez,43086,1125,2862
Ford,F-150,115464,2017,Sarah Wilson,James Garcia,34807,1929,7998
Ford,Explorer,79402,2017,Sarah Wilson,Mary Williams,24757,2481,842
Ford,F-150,108400,2018,Emily Davis,William Davis,20549,1095,2135
Ford,Mustang,101491,2017,Michael Brown,Jennifer Garcia,23923,2030,4961
Ford,Explorer,31874,2020,John Carter,William Brown,47636,1799,9897
Ford,Escape,115385,2019,Emily Davis,Linda Davis,34843,2386,9502
Ford,Mustang,80633,2024,John Carter,Elizabeth Johnson,48968,1734,4066
Ford,Bronco,43036,2016,Sarah Wilson,John Smith,18289,2362,5386
Ford,F-150,111168,2022,Sarah Wilson,Michael Williams,39596,1203,3328
Ford,Edge,108688,2021,Emily Davis,William Garcia,30446,1545,6676
Ford,Escape,85381,2023,John Carter,John Miller,43575,2136,7771
Ford,Explorer,69384,2018,Michael Brown,Mary Martinez,35947,1616,6739
Ford,Explorer,52317,2019,John Carter,Elizabeth Martinez,16657,2326,8964
Ford,Edge,102047,2015,Sarah Wilson,Elizabeth Garcia,38236,1176,3123
Ford,Mustang,102631,2021,Michael Brown,Elizabeth Brown,25856,2166,5856
Ford,Mustang,41158,2016,Michael Brown,Patricia Martinez,46299,957,9089
Ford,Edge,107336,2020,Sarah Wilson,Patricia Rodriguez,31916,1866,6863
Ford,Explorer,89955,2015,John Carter,Michael Williams,33458,955,3371
Ford,Mustang,104195,2020,Michael Brown,Elizabeth Garcia,19425,626,8882
Ford,Explorer,114111,2019,John Carter,Mary Jones,29477,1794,5103
Ford,Mustang,55925,2021,John Carter,Linda Rodriguez,19267,1062,4866
Ford,Mustang,80055,2023,John Carter,Elizabeth Davis,43016,2698,4970
Ford,Mustang,8353,2024,Emily Davis,Linda Martinez,21602,1516,679
Ford,Escape,96452,2018,John Carter,John Rodriguez,23786,1030,6410
Ford,Bronco,19993,2018,John Carter,Patricia Smith,49111,2789,6125
Ford,Explorer,110412,2017,Michael Brown,Elizabeth Martinez,49544,2863,7002
Ford,F-150,104083,2022,Sarah Wilson,William Brown,28762,1428,6776
Ford,Explorer,38277,2015,John Carter,William Jones,39755,2089,3521
Ford,Explorer,15344,2019,Sarah Wilson,Linda Johnson,23418,944,3133
Ford,Explorer,40291,2021,John Carter,William Brown,30254,1618,6139
Ford,Explorer,119514,2020,Michael Brown,Jennifer Garcia,49046,1811,7338
Ford,F-150,95275,2023,Emily Davis,William Johnson,34300,1261,9478
Ford,Mustang,17571,2020,Emily Davis,Mary Davis,29073,1795,786
Ford,Explorer,10559,2021,Sarah Wilson,Jennifer Smith,32933,2143,-1315
Ford,Escape,79040,2019,John Carter,Linda Brown,31317,1681,4408
Ford,Mustang,101594,2022,Michael Brown,William Martinez,40436,2155,8140
Ford,Mustang,52782,2018,John Carter,John Rodriguez,29578,1670,2132
Ford,Mustang,37416,2021,Michael Brown,Robert Rodriguez,30670,2617,4213
Ford,Escape,51779,2015,Emily Davis,William Martinez,32070,1983,4149
Ford,Mustang,91370,2019,John Carter,Robert Williams,38806,1642,9703
Ford,Explorer,59622,2023,Sarah Wilson,Mary Johnson,16803,1476,7414
Ford,Explorer,115873,2015,Emily Davis,Linda Davis,21982,1466,4739
Ford,Mustang,98659,2019,John Carter,Patricia Rodriguez,24954,2882,9464
Ford,Escape,111041,2024,John Carter,Michael Williams,30878,2483,6078
Ford,F-150,93569,2022,Sarah Wilson,Elizabeth Miller,18004,1098,3066
Ford,Mustang,63156,2021,Emily Davis,William Miller,37143,1501,6804
Ford,Explorer,109816,2022,John Carter,Patricia Miller,18465,2504,9328
Ford,Bronco,118928,2017,Michael Brown,John Williams,44930,1365,9774
Ford,Escape,57921,2016,John Carter,Jennifer Davis,29137,2757,3547
Ford,F-150,97594,2022,Sarah Wilson,Jennifer Brown,38173,2478,5044
Ford,Escape,15524,2024,Sarah Wilson,Robert Davis,15898,1154,9384
Ford,Mustang,78086,2018,Emily Davis,Patricia Smith,34159,2304,8452
Ford,Bronco,57410,2021,Sarah Wilson,Linda Miller,27110,704,8633
Ford,Explorer,57440,2015,John Carter,William Garcia,47665,1561,9467
Ford,Escape,20007,2019,Sarah Wilson,Patricia Smith,42284,2967,2728
Ford,Edge,100214,2020,Emily Davis,John Jones,47952,1214,-1726
Ford,Bronco,12279,2015,Michael Brown,Mary Jones,24482,1782,278
Ford,Edge,32836,2016,Emily Davis,Michael Smith,42666,1118,9138
Ford,Bronco,116914,2019,Sarah Wilson,Patricia Davis,15312,1775,7165
Ford,F-150,112654,2021,Emily Davis,James Garcia,23634,2257,6215
Ford,Escape,70507,2016,Michael Brown,Elizabeth Garcia,23889,735,2475
Ford,F-150,119699,2023,Michael Brown,Jennifer Rodriguez,45174,677,7690
Ford,Bronco,41139,2016,Sarah Wilson,Linda Brown,20180,2644,4916
Ford,Escape,31829,2024,Michael Brown,Robert Garcia,48659,2055,4024
Ford,F-150,113874,2020,Sarah Wilson,Jennifer Johnson,48167,1669,4945
Ford,Mustang,7876,2022,Sarah Wilson,Mary Brown,41956,2615,8358
Ford,Escape,57990,2023,Michael Brown,Jennifer Jones,42049,2592,712
Ford,Bronco,64230,2022,John Carter,Patricia Garcia,27314,2332,5129
Ford,Mustang,19364,2024,John Carter,Mary Garcia,18937,697,8088
Ford,F-150,97000,2018,Emily Davis,William Miller,20456,1527,3099
Ford,Escape,10172,2021,Sarah Wilson,Jennifer Rodriguez,19444,2360,5385
Ford,F-150,101063,2017,Michael Brown,Jennifer Miller,17331,2168,3698
Ford,Explorer,39890,2020,Sarah Wilson,Jennifer Garcia,49687,657,8437
Ford,Explorer,19588,2019,Sarah Wilson,Michael Jones,43357,520,7475
Ford,F-150,6737,2020,Michael Brown,Robert Brown,15925,567,5531
Ford,Explorer,25714,2024,John Carter,Elizabeth Martinez,40007,1022,5456
Ford,Edge,11408,2017,Michael Brown,Elizabeth Martinez,19618,1841,8174
Ford,Bronco,45764,2022,Emily Davis,Elizabeth Williams,22006,2962,4231
Ford,F-150,88729,2020,Sarah Wilson,James Brown,44712,1666,9683
Ford,Explorer,7374,2022,John Carter,Linda Johnson,31726,2280,8317
Ford,Escape,114842,2018,Michael Brown,Michael Miller,25319,1771,8402
Ford,Explorer,43624,2015,Michael Brown,Patricia Smith,42027,952,4484
Ford,Escape,27940,2016,Michael Brown,William Miller,42948,2642,7147
Ford,Mustang,95661,2020,Sarah Wilson,Jennifer Miller,30340,646,8834
Ford,F-150,71109,2021,Emily Davis,James Davis,25870,1673,3813
Ford,Bronco,26139,2020,John Carter,Robert Brown,26408,2672,8847
Ford,Bronco,84687,2018,John Carter,Elizabeth Williams,28322,2222,9871
Ford,Mustang,73740,2019,Sarah Wilson,James Brown,21445,2266,3921
Ford,Bronco,32670,2021,John Carter,James Jones,17576,923,8985
Ford,Escape,34272,2016,Emily Davis,Robert Brown,27940,809,4016
Ford,Edge,119212,2021,Sarah Wilson,Elizabeth Garcia,18677,2173,2509
Ford,F-150,33814,2019,John Carter,Jennifer Miller,44487,743,3174
Ford,Mustang,83043,2015,John Carter,Elizabeth Miller,46522,2831,2932
Ford,Explorer,44498,2019,Michael Brown,Mary Davis,49035,1135,395
Ford,Bronco,65922,2016,Michael Brown,James Smith,46000,558,5875
Ford,Escape,50165,2020,Sarah Wilson,Robert Smith,27641,1550,9476
Ford,F-150,86680,2024,John Carter,Mary Jones,43816,2553,738
Ford,F-150,111531,2023,Michael Brown,Jennifer Smith,16613,1135,969
Ford,Mustang,57896,2021,Sarah Wilson,Robert Williams,43757,2461,8752
Ford,Explorer,44740,2015,Sarah Wilson,Michael Smith,26235,2779,4631
Ford,Bronco,109549,2023,John Carter,Elizabeth Davis,27191,2185,3433
Ford,Edge,63108,2020,Michael Brown,Linda Smith,16387,1397,2128
Ford,Bronco,112055,2024,John Carter,John Brown,31318,1791,2959
Ford,F-150,102027,2021,Emily Davis,James Garcia,47646,2829,3791
Ford,Edge,113041,2016,Emily Davis,James Brown,28056,1562,9326
Ford,Edge,58338,2016,John Carter,Mary Jones,37043,1965,3946
Ford,Edge,72396,2015,Michael Brown,Jennifer Miller,30894,841,4436
Ford,F-150,23157,2021,Sarah Wilson,William Jones,36769,1637,625
Ford,Explorer,21859,2023,Emily Davis,Mary Martinez,23308,1129,4074
Ford,Escape,80299,2019,Sarah Wilson,James Smith,33557,2616,5728
Ford,Edge,60524,2023,Michael Brown,Mary Johnson,38973,745,7255
Ford,F-150,72325,2023,Michael Brown,Robert Smith,48844,1104,9965
Ford,F-150,99790,2021,Emily Davis,James Smith,31120,2359,2315
Ford,Mustang,73489,2015,Michael Brown,William Garcia,23248,1974,2455
Ford,F-150,117480,2024,Sarah Wilson,William Davis,21088,582,2336
Ford,F-150,89335,2015,Sarah Wilson,Robert Garcia,44703,582,4489
Ford,Mustang,94038,2021,John Carter,Patricia Garcia,15486,1037,8003
Ford,Edge,74386,2017,Emily Davis,William Miller,26387,597,748
Ford,Edge,100767,2018,Michael Brown,Mary Williams,31196,2978,852
Ford,F-150,111429,2020,Emily Davis,Linda Martinez,37194,832,7074
Ford,Mustang,11712,2019,Emily Davis,John Garcia,40909,2046,8028
Ford,Escape,108595,2022,Emily Davis,Robert Miller,28501,861,9904
Ford,F-150,85758,2021,Sarah Wilson,Patricia Williams,17748,2296,9374
Ford,F-150,9374,2018,Sarah Wilson,Linda Martinez,40127,1766,7132
Ford,Escape,82158,2022,John Carter,Jennifer Smith,15817,1171,5560
Ford,Explorer,66705,2016,Michael Brown,Elizabeth Williams,45027,2917,-4933
Ford,Explorer,67480,2021,Sarah Wilson,Elizabeth Martinez,43942,2038,2255
Ford,F-150,32549,2015,John Carter,Patricia Rodriguez,38758,2620,2332
Ford,Mustang,6545,2018,Michael Brown,James Davis,44989,1380,5241
Ford,Mustang,35567,2021,Sarah Wilson,Mary Williams,40924,773,7271
Ford,Explorer,22066,2023,Emily Davis,Patricia Brown,30832,2339,7563
Ford,F-150,101139,2019,Emily Davis,Michael Williams,34659,1850,2446
Ford,Mustang,92184,2015,John Carter,Linda Garcia,27220,1082,6406
Ford,Escape,9741,2024,Emily Davis,Michael Martinez,40936,2588,5474
Ford,Escape,32310,2023,John Carter,Elizabeth Smith,24484,1366,6572
Ford,Bronco,78403,2018,Michael Brown,Mary Garcia,19884,1018,9185
Ford,Edge,57600,2016,Emily Davis,John Garcia,25635,1736,2731
Ford,Edge,58555,2017,Sarah Wilson,William Jones,46521,2548,3469
Ford,Escape,28411,2018,Sarah Wilson,James Smith,26768,1960,7122
Ford,Escape,86993,2015,John Carter,Linda Rodriguez,36382,1743,5133
Ford,Mustang,19793,2021,Michael Brown,Linda Miller,34533,2322,3393
Ford,Escape,73600,2021,Sarah Wilson,John Garcia,15218,1750,3645
Ford,F-150,118127,2022,Emily Davis,William Brown,18783,776,9807
Ford,F-150,58551,2022,Sarah Wilson,William Williams,25358,500,9605
Ford,Escape,99414,2020,Michael Brown,Linda Davis,44851,2468,5703
Ford,Explorer,108267,2024,Emily Davis,Michael Martinez,20849,663,8173
Ford,Explorer,37469,2018,Emily Davis,Linda Smith,48859,2713,7760
Ford,Bronco,32719,2023,John Carter,James Garcia,32618,2758,7128
Ford,Edge,38728,2016,Michael Brown,John Martinez,16443,563,9578
Ford,Bronco,106632,2018,John Carter,Robert Garcia,23755,2482,3397
Ford,F-150,96665,2024,Sarah Wilson,Elizabeth Martinez,40336,912,9976
Ford,F-150,21722,2018,Emily Davis,Linda Davis,45811,803,9235
Ford,Edge,10595,2015,John Carter,Elizabeth Brown,25903,2271,3794
Ford,F-150,28395,2019,Michael Brown,William Garcia,17170,1352,6508
Ford,Escape,119649,2022,John Carter,William Miller,42551,1298,895
Ford,Escape,38834,2024,John Carter,Michael Williams,32792,1528,5712
Ford,Mustang,10818,2021,Michael Brown,Robert Garcia,44882,2802,7008
Ford,F-150,49192,2016,Michael Brown,James Brown,33431,1916,6098
Ford,F-150,87299,2017,John Carter,James Smith,21504,1670,6196
Ford,Escape,73172,2024,Emily Davis,Patricia Davis,17692,1380,2310
Ford,Bronco,112806,2021,Emily Davis,Robert Smith,48171,591,865
Ford,F-150,62264,2015,Sarah Wilson,Elizabeth Williams,31967,2327,5350
Ford,Explorer,70894,2019,John Carter,William Miller,49192,2406,7421
Ford,Bronco,10200,2015,Michael Brown,Elizabeth Miller,35723,2183,7050
Ford,Explorer,10866,2023,Sarah Wilson,Mary Brown,40416,1660,8639
Ford,Edge,18222,2020,Emily Davis,Michael Miller,45319,1713,9025
Ford,Explorer,31609,2023,Emily Davis,Jennifer Smith,18594,2700,2449
Ford,Bronco,73802,2020,John Carter,Jennifer Davis,31092,2758,2899
Ford,Explorer,56425,2020,Sarah Wilson,Robert Miller,39436,2695,4159
Ford,Escape,41991,2023,Emily Davis,Patricia Jones,38605,2091,638
Ford,Escape,119724,2020,Sarah Wilson,John Martinez,25883,1912,2767
Ford,Escape,17400,2019,Michael Brown,Mary Miller,33815,2576,2172
Ford,F-150,10123,2017,John Carter,Linda Johnson,48422,1041,6781
Ford,Bronco,38682,2022,John Carter,James Williams,42924,1543,6777
Ford,Mustang,70232,2022,Sarah Wilson,Mary Williams,45150,926,2506
Ford,Mustang,15695,2019,Sarah Wilson,Linda Rodriguez,34794,1678,-4232
Ford,Mustang,81035,2023,John Carter,Jennifer Davis,35061,2383,3281
Ford,Escape,86654,2021,John Carter,James Brown,41415,2896,3022
Ford,Edge,16412,2024,Sarah Wilson,Michael Brown,25994,1728,8116
Ford,Bronco,38316,2021,John Carter,William Johnson,17272,2660,5302
Ford,Edge,61467,2022,John Carter,William Williams,39652,1286,2819
Ford,Explorer,101260,2023,John Carter,Mary Brown,48915,976,5900
Ford,Mustang,114608,2017,Emily Davis,Linda Brown,30973,1900,2949
Ford,Mustang,116489,2016,John Carter,Elizabeth Jones,24746,2327,5245
Ford,Explorer,40717,2016,Michael Brown,Linda Jones,40276,2730,6544
Ford,Edge,14785,2016,Sarah Wilson,William Garcia,45275,1467,9953
Ford,Edge,76085,2015,John Carter,Elizabeth Martinez,20611,1301,9204
Ford,Escape,16482,2021,Sarah Wilson,James Johnson,41833,522,5402
Ford,Explorer,40336,2019,John Carter,Elizabeth Brown,27385,1856,3119
Ford,F-150,22311,2016,John Carter,Mary Davis,41564,2604,6960
Ford,Bronco,13298,2022,Michael Brown,Linda Smith,32569,2114,4821
Ford,F-150,57684,2016,Michael Brown,Mary Williams,31092,2293,2698
Ford,F-150,52112,2023,John Carter,Elizabeth Miller,21755,1157,2933
Ford,Explorer,46358,2019,Sarah Wilson,Elizabeth Jones,32927,2688,4448
Ford,Explorer,70733,2024,Michael Brown,Patricia Martinez,28569,1040,7365
Ford,Explorer,85167,2017,Sarah Wilson,Elizabeth Brown,31190,1562,4413
Ford,Edge,82188,2018,Emily Davis,Patricia Davis,20310,1652,7401
Ford,F-150,116389,2024,John Carter,Mary Garcia,22591,1030,3957
Ford,F-150,8619,2019,John Carter,Linda Rodriguez,16357,2675,3171
Ford,Bronco,94321,2015,Emily Davis,Robert Johnson,45568,1443,5399
Ford,Bronco,81084,2018,Emily Davis,Mary Davis,47946,2524,-4033
Ford,Edge,113240,2020,Emily Davis,Mary Davis,44098,832,5951
Ford,Edge,7276,2024,Michael Brown,Robert Brown,34787,1902,7071
Ford,Escape,43501,2021,John Carter,Mary Garcia,17597,1965,5212
Ford,Explorer,9882,2023,John Carter,Linda Williams,26207,2689,9867
Ford,Explorer,62791,2022,Michael Brown,William Martinez,41361,2983,9744
Ford,Escape,16681,2018,John Carter,Elizabeth Smith,19750,1055,8432
Ford,F-150,53759,2023,Sarah Wilson,Mary Garcia,22332,2369,130
Ford,Explorer,30176,2016,Michael Brown,Linda Johnson,21373,1145,8393
Ford,Bronco,119519,2022,John Carter,Jennifer Johnson,44753,2686,8409
Ford,Explorer,112814,2024,Michael Brown,Jennifer Brown,33603,2117,3930
Ford,Explorer,51827,2021,Sarah Wilson,William Johnson,31745,1157,3746
Ford,Escape,19354,2015,Michael Brown,Elizabeth Smith,47865,1677,7376
Ford,Escape,37124,2020,Michael Brown,Jennifer Brown,18383,542,7361
Ford,Edge,23302,2021,Michael Brown,Jennifer Rodriguez,44829,2249,6458
Ford,Mustang,64991,2018,Michael Brown,Jennifer Davis,31275,1695,9875
Ford,Escape,67482,2020,John Carter,Elizabeth Rodriguez,23048,2566,8485
Ford,Edge,58707,2018,John Carter,Linda Jones,48102,1924,8869
Ford,Edge,41115,2022,John Carter,Elizabeth Rodriguez,23331,726,8566
Ford,F-150,106483,2016,Emily Davis,Mary Miller,26219,2595,6033
Ford,Explorer,63172,2020,Michael Brown,Robert Davis,18743,2058,8860
Ford,Explorer,63493,2020,John Carter,Robert Miller,45075,644,2916
Ford,Bronco,106157,2015,Michael Brown,Linda Davis,34741,746,-4443
Ford,Edge,83999,2020,Sarah Wilson,Michael Garcia,38816,1044,4514
Ford,Edge,105460,2022,Sarah Wilson,John Miller,31494,1217,5014
Ford,F-150,84760,2022,Emily Davis,William Davis,22614,1465,9567
Ford,Edge,56050,2022,John Carter,Robert Garcia,25700,1609,-1899
Ford,Explorer,45823,2015,Michael Brown,William Williams,21299,2595,2368
Ford,Escape,90568,2020,Emily Davis,Jennifer Garcia,23032,1237,632
Ford,Mustang,117359,2019,Sarah Wilson,Jennifer Jones,35347,1153,4965
Ford,Explorer,86054,2018,Sarah Wilson,John Johnson,21312,1492,9088
Ford,Bronco,113203,2022,Sarah Wilson,Jennifer Rodriguez,40695,2034,8161
Ford,Explorer,79060,2020,Sarah Wilson,Patricia Johnson,30828,865,4734
Ford,F-150,17714,2019,Emily Davis,Michael Brown,48014,2793,4989
Ford,Bronco,12322,2015,Sarah Wilson,Patricia Davis,49242,2658,6878
Ford,Mustang,56756,2016,John Carter,Linda Miller,15925,1666,320
Ford,Explorer,30072,2021,Michael Brown,John Garcia,44630,2139,4009
Ford,Bronco,59129,2020,Emily Davis,Patricia Miller,34704,2118,2704
Ford,Bronco,106696,2021,Sarah Wilson,Elizabeth Jones,41255,1693,5824
Ford,Explorer,76483,2022,Sarah Wilson,Michael Jones,33304,2661,5083
Ford,Explorer,8219,2017,Sarah Wilson,Jennifer Jones,16694,1465,2746
Ford,Explorer,27033,2023,John Carter,Elizabeth Williams,49587,832,4225
Ford,Escape,119996,2017,John Carter,James Jones,48693,1629,7265
Ford,Bronco,26320,2016,Michael Brown,Linda Brown,24719,2819,5777
Ford,Escape,86214,2024,John Carter,James Brown,38978,1695,7296
Ford,Mustang,41397,2021,Michael Brown,John Davis,27376,2541,5588
Ford,Mustang,107770,2020,Michael Brown,John Johnson,43038,2028,4655
Ford,Escape,90176,2021,John Carter,Michael Brown,28681,695,6982
Ford,Edge,54300,2020,John Carter,James Miller,33371,2564,7181
Ford,Edge,84244,2021,John Carter,Jennifer Davis,31136,2072,9167
Ford,Bronco,64795,2022,Emily Davis,Mary Miller,32847,1271,4675
Ford,Escape,111269,2018,Michael Brown,John Smith,23653,800,7135
Ford,Mustang,70989,2017,Michael Brown,Elizabeth Johnson,26867,2516,3536
Ford,Explorer,116851,2015,John Carter,Mary Johnson,39490,859,4544
Ford,Bronco,107556,2024,Michael Brown,Mary Brown,38968,1994,3328
Ford,Mustang,57238,2024,Sarah Wilson,Elizabeth Davis,46540,2898,4410
Ford,Escape,79286,2019,Michael Brown,Mary Smith,18079,2156,9316
Ford,Escape,109071,2022,John Carter,Jennifer Garcia,35215,930,2311
Ford,Explorer,94942,2020,Michael Brown,Jennifer Johnson,49041,2384,380
Ford,Mustang,43460,2023,Michael Brown,Mary Brown,35261,983,4831
Ford,Escape,63066,2023,Emily Davis,William Jones,19734,2212,9400
Ford,Escape,75409,2016,John Carter,Jennifer Miller,45210,2616,3071
Ford,Bronco,28598,2021,Emily Davis,James Miller,46231,1074,6017
Ford,Mustang,21995,2022,Emily Davis,Elizabeth Rodriguez,43776,2245,6523
Ford,Mustang,114393,2021,Sarah Wilson,Elizabeth Garcia,43421,1496,5862
Ford,Escape,89600,2021,Sarah Wilson,James Rodriguez,44103,1067,2881
Ford,Escape,111753,2020,John Carter,Mary Smith,30325,1657,7033
Ford,F-150,45993,2024,Emily Davis,Robert Garcia,37004,914,2999
Ford,Mustang,109750,2015,Sarah Wilson,Jennifer Martinez,31400,1300,5804
Ford,Mustang,86462,2023,Emily Davis,John Miller,29208,1859,8462
Ford,Edge,101897,2022,Emily Davis,William Miller,40537,846,9288
Ford,Bronco,93398,2020,Emily Davis,Elizabeth Jones,49169,2707,8152
Ford,Explorer,24988,2022,Michael Brown,Mary Jones,34165,2639,7693
Ford,Mustang,37715,2023,Emily Davis,William Williams,46070,1714,7036
Ford,Bronco,29924,2024,Emily Davis,Robert Brown,46403,2205,4419
Ford,F-150,101889,2023,Emily Davis,Patricia Martinez,28870,1010,8380
Ford,Explorer,16708,2021,Michael Brown,John Martinez,41040,2143,9312
Ford,Escape,102499,2024,Michael Brown,Patricia Brown,22759,2928,6876
Ford,Escape,19040,2017,Sarah Wilson,Linda Rodriguez,39113,2029,5502
Ford,Mustang,72126,2017,John Carter,Linda Brown,32645,1376,5842
Ford,Mustang,117093,2020,Michael Brown,William Davis,40702,1283,7789
Ford,Explorer,63147,2022,Sarah Wilson,Linda Jones,21454,539,7991
Ford,F-150,71558,2021,John Carter,Elizabeth Jones,48219,2893,6704
Ford,Explorer,118353,2021,John Carter,John Garcia,26718,691,2733
Ford,Explorer,115650,2016,Michael Brown,John Miller,41202,2931,5206
Ford,F-150,68978,2016,Michael Brown,John Garcia,37842,2442,7510
Ford,Edge,62405,2018,John Carter,Patricia Brown,31113,1290,7781
Ford,Explorer,84138,2020,Emily Davis,James Johnson,21149,1403,3437
Ford,F-150,86048,2016,Michael Brown,Jennifer Smith,22643,2692,4647
Ford,Escape,71408,2015,Sarah Wilson,Elizabeth Williams,47415,760,3312
Ford,Bronco,13378,2018,Sarah Wilson,Michael Rodriguez,39628,2777,5149
Ford,Escape,99006,2019,Michael Brown,Patricia Johnson,46131,888,899
Ford,F-150,14018,2023,Emily Davis,Elizabeth Jones,33341,2440,9024
Ford,F-150,94529,2019,Emily Davis,William Martinez,29209,1395,4635
Ford,Edge,61885,2016,Michael Brown,Patricia Martinez,17886,1249,6414
Ford,Bronco,109605,2024,Emily Davis,William Johnson,42123,1317,6912
Ford,Bronco,47109,2017,Sarah Wilson,Patricia Brown,46141,2914,6658
Ford,Explorer,73987,2015,John Carter,John Miller,34159,2760,3290
Ford,F-150,81637,2016,John Carter,Elizabeth Rodriguez,32904,1783,3534
Ford,Bronco,23134,2020,Emily Davis,Linda Brown,43648,2643,9656
Ford,F-150,68516,2022,Sarah Wilson,Robert Miller,34492,2868,442
Ford,Edge,93610,2015,Emily Davis,Robert Davis,26289,541,3001
Ford,Escape,43120,2020,Sarah Wilson,Michael Johnson,36151,2650,4165
Ford,F-150,16395,2023,John Carter,Michael Smith,21492,2412,6160
Ford,Mustang,26203,2024,Sarah Wilson,Elizabeth Brown,43583,2450,2372
Ford,Edge,11822,2016,Michael Brown,Robert Williams,18167,1136,9087
Ford,Mustang,115923,2016,Emily Davis,William Garcia,47413,2068,2784
Ford,Explorer,75692,2016,Michael Brown,John Miller,15099,1649,4824
Ford,Escape,48646,2015,Emily Davis,Robert Williams,44910,1282,5984
Ford,Bronco,48359,2017,John Carter,Linda Martinez,19608,2355,4848
Ford,Mustang,18183,2017,Michael Brown,Michael Rodriguez,34379,1372,4392
Ford,Escape,29451,2024,John Carter,William Martinez,21436,663,5874
Ford,Escape,70288,2021,Emily Davis,Patricia Garcia,30223,1908,2075
Ford,F-150,11809,2018,Sarah Wilson,Michael Garcia,38182,634,6276
Ford,F-150,78005,2018,Emily Davis,Elizabeth Johnson,49327,2404,5833
Ford,Bronco,6328,2024,Michael Brown,Elizabeth Williams,30425,2321,7975
Ford,Escape,46671,2016,Emily Davis,Michael Garcia,38374,2809,4468
Ford,Mustang,62998,2018,John Carter,James Davis,16766,1610,9313
Ford,F-150,110670,2023,Michael Brown,Michael Williams,27435,2647,4738
Ford,Escape,93346,2015,Sarah Wilson,Michael Miller,22749,2193,9899
Ford,Edge,60610,2022,Sarah Wilson,William Jones,49435,2864,512
Ford,Edge,115471,2019,Emily Davis,John Rodriguez,34600,2864,4477
Ford,Explorer,90900,2020,John Carter,William Williams,31205,711,8920
Ford,F-150,34858,2024,Sarah Wilson,Mary Martinez,15289,2012,4875
Ford,Explorer,77559,2021,John Carter,John Brown,19104,2842,4077
Ford,Explorer,109389,2018,John Carter,John Garcia,39858,1949,3958
Ford,F-150,38382,2021,John Carter,Mary Jones,22441,586,9703
Ford,Mustang,18080,2017,Emily Davis,Patricia Garcia,46254,1111,2430
Ford,F-150,63971,2019,Emily Davis,Mary Rodriguez,37441,1437,2310
Ford,Explorer,89040,2020,John Carter,Linda Martinez,18861,1431,6371
Ford,Bronco,15579,2024,Michael Brown,Robert Williams,20165,2582,8575
Ford,Mustang,101851,2015,Sarah Wilson,Linda Jones,44292,1329,138
Ford,Bronco,95212,2021,John Carter,Elizabeth Jones,21190,1390,8085
Ford,F-150,45285,2021,Sarah Wilson,Elizabeth Jones,35988,2604,3917
Ford,Edge,112103,2016,Michael Brown,Elizabeth Rodriguez,24482,2563,2616
Ford,Mustang,9421,2023,Michael Brown,John Garcia,44880,1889,4872
Ford,Mustang,80688,2024,Sarah Wilson,Elizabeth Johnson,40557,892,720
Ford,Mustang,83168,2016,John Carter,Elizabeth Smith,47012,1814,6039
Ford,Mustang,91762,2023,Michael Brown,Patricia Johnson,33716,771,8941
Ford,Edge,50832,2019,John Carter,Linda Smith,23167,2409,3417
Ford,Edge,99088,2017,Emily Davis,William Rodriguez,18873,710,2784
Ford,Bronco,67599,2015,John Carter,Linda Davis,32796,1888,2327
Ford,Escape,48553,2021,Sarah Wilson,Linda Brown,49987,534,3284
Ford,F-150,106194,2018,Emily Davis,Jennifer Garcia,45106,2460,6764
Ford,Edge,111228,2018,Michael Brown,Michael Rodriguez,15122,2205,3440
Ford,Edge,92812,2017,Sarah Wilson,Jennifer Brown,45558,1849,-2414
Ford,Explorer,58778,2017,John Carter,Mary Williams,23904,535,8978
Ford,Escape,46545,2018,Emily Davis,Linda Miller,46183,1643,708
Ford,Escape,55101,2017,Sarah Wilson,Michael Johnson,17995,698,841
Ford,Mustang,76788,2017,Emily Davis,Linda Smith,22239,1688,6314
Ford,Explorer,118201,2019,John Carter,Elizabeth Miller,46413,2315,8408
Ford,Edge,67035,2016,Emily Davis,Robert Smith,16401,1116,8058
Ford,Explorer,70760,2017,John Carter,Robert Rodriguez,22811,1865,2298
Ford,Edge,119193,2024,Emily Davis,Linda Rodriguez,19823,2918,7720
Ford,F-150,21304,2020,Michael Brown,William Martinez,26234,2025,9995
Ford,Bronco,17752,2020,Michael Brown,Michael Johnson,31553,747,8420
Ford,Bronco,39827,2018,Michael Brown,James Davis,47135,1615,5019
Ford,Mustang,80305,2024,Michael Brown,William Williams,48863,1199,7737
Ford,Escape,81163,2022,John Carter,Mary Brown,48126,1269,4253
Ford,Edge,20028,2022,Emily Davis,Linda Rodriguez,37350,742,4900
Ford,Edge,12340,2015,Emily Davis,Mary Smith,35395,1570,2351
Ford,Bronco,43777,2018,Sarah Wilson,James Brown,37847,920,8348
Ford,Bronco,95409,2021,Sarah Wilson,Michael Rodriguez,49822,1966,7564
Ford,Mustang,89171,2018,Sarah Wilson,William Davis,17462,503,3316
Ford,Edge,49532,2018,Sarah Wilson,James Brown,34252,525,576
Ford,Edge,118358,2016,Sarah Wilson,Michael Garcia,42647,1213,2739
Ford,Mustang,13381,2019,Emily Davis,Elizabeth Johnson,49523,2495,3387
Ford,Escape,23888,2023,John Carter,William Miller,40834,1270,6732
Ford,Explorer,79862,2022,Emily Davis,Robert Smith,27274,1490,4685
Ford,Explorer,26744,2015,John Carter,William Smith,32701,1795,6617
Ford,Bronco,11489,2023,Michael Brown,Mary Williams,46094,2252,9671
Ford,Escape,85831,2023,John Carter,Robert Miller,30939,2160,6933
Ford,Mustang,63903,2018,Emily Davis,Linda Rodriguez,16426,2919,3254
Ford,F-150,109094,2023,Michael Brown,Elizabeth Brown,47841,2451,9867
Ford,Explorer,12648,2021,Emily Davis,William Davis,36602,748,6059
Ford,Bronco,36801,2020,John Carter,James Johnson,38907,1349,7814
Ford,Bronco,44314,2016,John Carter,John Garcia,39812,1829,5969
Ford,Explorer,114742,2020,John Carter,Linda Martinez,28798,1856,3264
Ford,Edge,24277,2017,Emily Davis,Jennifer Williams,18892,2319,3462
Ford,Mustang,103336,2022,Emily Davis,Elizabeth Brown,29613,1409,5763
Ford,Escape,29725,2024,Emily Davis,Patricia Miller,31050,2576,5406
Ford,Edge,30563,2022,Sarah Wilson,Robert Jones,32694,647,6309
Ford,Escape,73506,2020,John Carter,Mary Miller,48506,2292,6316
Ford,Edge,71751,2023,Sarah Wilson,Elizabeth Rodriguez,23945,922,541
Ford,Mustang,45074,2021,Sarah Wilson,Patricia Smith,16663,1153,4688
Ford,Escape,9634,2022,John Carter,Michael Miller,19396,2286,7183
Ford,Edge,105717,2019,John Carter,Patricia Johnson,32274,698,9911
Ford,Edge,92209,2015,Emily Davis,Michael Smith,28833,2400,8320
Ford,F-150,64489,2019,Michael Brown,Michael Brown,22189,2547,8820
Ford,Explorer,82274,2015,Sarah Wilson,Patricia Jones,30327,2320,6647
Ford,Explorer,69544,2017,Sarah Wilson,Michael Garcia,48183,1062,7660
Ford,Explorer,102383,2015,Emily Davis,John Davis,15556,2365,196
Ford,F-150,96029,2017,Michael Brown,William Garcia,35005,2193,2583
Ford,Explorer,80110,2021,Emily Davis,William Jones,29536,2646,8980
Ford,Mustang,13139,2023,Emily Davis,Patricia Martinez,42547,1386,7412
Ford,F-150,102728,2018,Emily Davis,Mary Martinez,27904,1483,7659
Ford,Mustang,71466,2023,Michael Brown,Patricia Garcia,19001,2056,2859
Ford,F-150,8018,2018,John Carter,John Smith,23334,1425,5117
Ford,Mustang,98447,2022,John Carter,Mary Rodriguez,32890,2791,8554
Ford,Mustang,95512,2020,Sarah Wilson,James Smith,48753,1185,8938
Ford,Mustang,58789,2023,Emily Davis,Linda Garcia,35610,2925,6181
Ford,Explorer,69517,2017,Sarah Wilson,Jennifer Williams,42320,1805,9029
Ford,Mustang,63217,2018,Emily Davis,James Smith,47163,1207,2910
Ford,Escape,5136,2021,Michael Brown,John Garcia,27956,769,9331
Ford,Explorer,96582,2015,Michael Brown,Patricia Garcia,32521,1173,8922
Ford,Explorer,104277,2015,Emily Davis,Robert Rodriguez,39898,2199,8788
Ford,Escape,78602,2016,John Carter,Michael Davis,23950,1672,2017
Ford,Edge,118101,2017,John Carter,Patricia Rodriguez,42927,679,5231
Ford,Bronco,6263,2021,John Carter,Robert Garcia,32522,1544,5772
Ford,F-150,112844,2023,Michael Brown,Linda Martinez,20363,1078,6652
Ford,Mustang,27889,2023,John Carter,William Martinez,35318,2323,8516
Ford,Escape,48825,2023,John Carter,Patricia Rodriguez,21004,2241,2826
Ford,Explorer,35251,2016,John Carter,Mary Jones,30219,2210,3997
Ford,Mustang,89329,2019,Sarah Wilson,Robert Rodriguez,43995,724,5152
Ford,Bronco,21449,2017,Emily Davis,Jennifer Brown,48635,1134,8808
Ford,Explorer,71072,2021,Sarah Wilson,Elizabeth Jones,49593,674,4851
Ford,Bronco,77345,2017,Sarah Wilson,John Garcia,15910,2608,9960
Ford,Edge,64432,2018,Michael Brown,Jennifer Smith,32091,1154,2316
Ford,Escape,70182,2022,Emily Davis,Robert Smith,48328,1463,5883
Ford,Escape,72776,2017,Sarah Wilson,Elizabeth Jones,45623,2566,5490
Ford,F-150,50696,2016,Michael Brown,Patricia Jones,17497,1346,4814
Ford,Bronco,40580,2018,Michael Brown,Michael Garcia,44316,2785,7185
Ford,Explorer,86245,2019,Michael Brown,John Johnson,27219,1554,6104
Ford,Explorer,53147,2019,John Carter,Robert Garcia,38017,882,9668
Ford,Mustang,50564,2021,John Carter,Elizabeth Smith,24450,1181,8541
Ford,Escape,72211,2022,Sarah Wilson,Elizabeth Martinez,20131,1174,6376
Ford,Mustang,46426,2018,Sarah Wilson,James Smith,21782,2582,6903
Ford,Explorer,105407,2021,John Carter,William Brown,39700,1383,6088
Ford,Escape,62097,2020,Emily Davis,Mary Martinez,44351,669,5476
Ford,Edge,107775,2022,Emily Davis,Elizabeth Davis,37401,1115,6838
Ford,F-150,44196,2020,Michael Brown,James Davis,42751,2600,7871
Ford,Bronco,101790,2024,Sarah Wilson,Jennifer Jones,46378,2095,5932
Ford,Mustang,117455,2015,Sarah Wilson,Robert Rodriguez,20934,1788,9950
Ford,Bronco,77995,2018,Emily Davis,William Miller,42432,1677,4893
Ford,Explorer,71121,2023,Sarah Wilson,Jennifer Miller,21014,2446,6964
Ford,Mustang,31281,2015,Emily Davis,William Davis,25400,1489,2304
Ford,Escape,91000,2018,Emily Davis,Jennifer Rodriguez,40220,2427,7667
Ford,Explorer,94920,2018,Sarah Wilson,Patricia Martinez,17872,2465,4659
Ford,Escape,83625,2016,John Carter,Patricia Williams,34267,1726,3301
Ford,Escape,62737,2017,John Carter,Patricia Brown,38470,836,5622
Ford,Mustang,57751,2017,Sarah Wilson,Michael Garcia,26114,1056,4313
Ford,F-150,82805,2015,Sarah Wilson,John Smith,29587,1981,5759
Ford,F-150,100254,2022,John Carter,Robert Martinez,16108,1853,7772
Ford,Explorer,34323,2023,Michael Brown,John Rodriguez,21385,1755,3149
Ford,F-150,53867,2021,Emily Davis,Michael Garcia,44126,2798,9918
Ford,Escape,83839,2016,Emily Davis,John Garcia,29473,2759,518
Ford,Bronco,65248,2022,Emily Davis,Elizabeth Davis,45462,1595,9578
Ford,Escape,98788,2016,John Carter,Jennifer Williams,24708,1095,-3510
Ford,Escape,22262,2022,Sarah Wilson,James Miller,38110,2065,6696
Ford,Bronco,47854,2015,Michael Brown,Elizabeth Johnson,48013,2996,3342
Ford,Explorer,20821,2024,Emily Davis,Robert Smith,48600,1773,4203
Ford,Bronco,88041,2018,John Carter,Michael Smith,35510,969,7241
Ford,Bronco,108423,2024,Michael Brown,Patricia Miller,35346,714,5263
Ford,Edge,96369,2021,John Carter,John Johnson,24001,2173,3740
Ford,Explorer,63965,2023,John Carter,Jennifer Smith,45024,1542,2860
Ford,Mustang,11848,2022,Emily Davis,Michael Garcia,21324,1536,9358
Ford,Edge,49036,2019,John Carter,Linda Garcia,46869,2005,9568
Ford,Escape,47934,2016,Sarah Wilson,Patricia Smith,16197,802,2641
Ford,Explorer,118530,2023,Emily Davis,Patricia Johnson,38868,2624,5336
Ford,Mustang,103277,2020,Emily Davis,Mary Jones,43040,2591,3298
Ford,Mustang,63318,2023,Michael Brown,John Davis,40395,2885,410
Ford,Mustang,57181,2022,Emily Davis,Elizabeth Garcia,27010,2195,7125
Ford,F-150,50119,2022,Michael Brown,Mary Martinez,26626,1749,5802
Ford,Bronco,7391,2022,Michael Brown,Patricia Smith,36324,1479,3859
Ford,Escape,76705,2024,Emily Davis,John Martinez,33511,589,3437
Ford,Explorer,81747,2018,John Carter,James Smith,24506,2688,3992
Ford,Mustang,35162,2015,Sarah Wilson,Jennifer Garcia,28801,1251,2170
Ford,Explorer,95514,2018,Emily Davis,Michael Rodriguez,25104,1925,3865
Ford,F-150,110335,2017,Michael Brown,James Jones,25360,863,4831
Ford,Explorer,40416,2017,Sarah Wilson,Linda Williams,23157,845,8465
Ford,Explorer,47437,2015,John Carter,John Williams,49971,2692,4389
Ford,Escape,106175,2018,Emily Davis,Patricia Martinez,28532,930,7023
Ford,Escape,96010,2019,Michael Brown,Linda Rodriguez,17863,2418,9905
Ford,Bronco,54051,2015,Michael Brown,John Smith,24761,1528,6747
Ford,Mustang,72565,2019,Sarah Wilson,Michael Smith,30417,1081,6870
Ford,Escape,109102,2022,Sarah Wilson,Mary Smith,18605,2726,2386
Ford,Bronco,16442,2021,Sarah Wilson,Mary Garcia,23690,1425,3006
Ford,F-150,85595,2022,Emily Davis,Mary Miller,24826,1097,4622
Ford,F-150,84066,2024,John Carter,Michael Rodriguez,46314,2871,3591
Ford,F-150,38337,2019,John Carter,Robert Jones,20545,2328,8028
Ford,Escape,116718,2024,Michael Brown,Mary Brown,23060,515,4448
Ford,F-150,43371,2019,John Carter,Linda Jones,22767,2734,8604
Ford,Mustang,31521,2024,Michael Brown,Robert Johnson,27281,567,3940
Ford,Explorer,12324,2024,Sarah Wilson,James Martinez,29396,2995,9084
Ford,Edge,112420,2023,Sarah Wilson,William Williams,31416,2036,6118
Ford,Explorer,53492,2021,Emily Davis,Patricia Johnson,16610,1637,6710
Ford,Escape,97248,2019,Sarah Wilson,Linda Jones,17285,2093,9299
Ford,Escape,92292,2017,John Carter,Elizabeth Jones,23087,1589,8392
Ford,F-150,56179,2022,Emily Davis,Mary Jones,16205,1724,6955
Ford,Mustang,47331,2017,Sarah Wilson,Linda Davis,28468,2398,8134
Ford,Bronco,47929,2015,Michael Brown,James Brown,38866,850,3213
Ford,Bronco,102781,2021,John Carter,Jennifer Jones,34876,742,-2976
Ford,Edge,93844,2015,Sarah Wilson,James Brown,19761,1433,8681
Ford,Bronco,33877,2016,Emily Davis,James Williams,37175,1394,4062
Ford,F-150,57903,2023,John Carter,Patricia Brown,15519,2063,9840
Ford,Explorer,76445,2017,Michael Brown,Mary Martinez,16558,2068,6569
Ford,Edge,95630,2024,Michael Brown,Jennifer Garcia,32866,2180,5206
Ford,Bronco,17668,2017,John Carter,Linda Rodriguez,48289,1309,198
Ford,Edge,80501,2016,John Carter,John Brown,26590,2391,8389
Ford,F-150,46166,2021,Emily Davis,Jennifer Williams,22139,504,2557
Ford,F-150,80120,2019,Michael Brown,William Miller,45196,2911,7477
Ford,Mustang,63075,2019,Sarah Wilson,Michael Garcia,48205,2680,7806
Ford,Edge,42719,2019,Emily Davis,John Williams,49857,2595,4074
Ford,Edge,36201,2024,Emily Davis,Robert Smith,35770,2694,8697
Ford,F-150,5572,2024,Michael Brown,Linda Davis,31939,1325,3014
Ford,Mustang,63827,2015,John Carter,John Garcia,29886,2719,670
Ford,F-150,85725,2015,Sarah Wilson,Patricia Smith,26193,1775,9381
Ford,Mustang,96015,2016,John Carter,John Davis,30403,2131,8308
Ford,Mustang,8632,2022,Sarah Wilson,John Davis,42486,2440,8064
Ford,Bronco,102590,2023,John Carter,Patricia Garcia,45957,1022,8527
Ford,Bronco,94936,2019,John Carter,James Jones,21399,2002,9899
Ford,Mustang,13443,2019,Michael Brown,John Williams,32892,2553,3750
Ford,Mustang,12991,2017,Emily Davis,James Johnson,43471,1207,3044
Ford,Edge,63011,2016,Emily Davis,Mary Rodriguez,40122,982,2628
Ford,F-150,16288,2015,John Carter,James Brown,33589,1327,4191
Ford,Bronco,92116,2019,John Carter,James Jones,23978,1231,6004
Ford,Escape,43599,2020,Michael Brown,Robert Miller,31482,1021,9593
Ford,Edge,83216,2020,Sarah Wilson,Jennifer Rodriguez,25984,2108,4239
Ford,Edge,57306,2021,Emily Davis,James Martinez,22841,2481,2553
Ford,Bronco,64375,2022,Michael Brown,James Smith,17330,2731,3642
Ford,F-150,73900,2017,Michael Brown,Elizabeth Johnson,42839,568,6657
Ford,Escape,27969,2015,John Carter,Jennifer Smith,26412,2838,4767
Ford,Mustang,87832,2023,John Carter,Elizabeth Smith,40074,1954,7076
Ford,Bronco,30462,2020,Michael Brown,Michael Brown,24706,1769,6443
Ford,Explorer,95087,2021,Emily Davis,John Miller,34289,2171,6072
Ford,Escape,66962,2023,Michael Brown,John Miller,24401,659,6687
Ford,Bronco,102146,2017,John Carter,William Brown,24038,2224,3281
Ford,Bronco,67692,2018,Michael Brown,Robert Garcia,19597,2006,3645
Ford,Mustang,20123,2023,Emily Davis,John Miller,36974,2428,9323
Ford,Mustang,54294,2016,Michael Brown,Elizabeth Martinez,45543,1165,4566
Ford,F-150,85940,2023,John Carter,Jennifer Garcia,43131,1624,5558
Ford,Escape,72213,2018,Sarah Wilson,Michael Johnson,20788,1911,471
Ford,Explorer,97172,2020,Michael Brown,William Johnson,16007,2358,6388
Ford,Explorer,78552,2018,John Carter,Patricia Williams,40251,2343,2429
Ford,Edge,88526,2016,Sarah Wilson,William Miller,23494,1171,2711
Ford,Escape,35883,2020,Sarah Wilson,John Williams,32813,1609,4504
Ford,Escape,23458,2022,John Carter,Patricia Brown,39158,1614,3589
Ford,Edge,96195,2017,Emily Davis,Robert Miller,19329,1337,5182
Ford,Explorer,35976,2024,John Carter,Elizabeth Williams,38718,2071,4926
Ford,Bronco,50006,2022,John Carter,James Rodriguez,33168,1750,5407
Ford,Escape,85077,2016,Sarah Wilson,John Davis,36872,731,-3860
Ford,Edge,106071,2022,Emily Davis,John Martinez,39370,1129,2762
Ford,Edge,54777,2020,Sarah Wilson,Patricia Martinez,25523,1180,2968
Ford,Explorer,82442,2021,Emily Davis,Robert Brown,27717,1914,3805
Ford,Escape,30584,2015,Emily Davis,Linda Brown,32407,2457,9301
Ford,Bronco,105683,2024,Sarah Wilson,Mary Jones,16284,805,3665
Ford,F-150,118318,2015,Sarah Wilson,John Rodriguez,32274,521,8849
Ford,F-150,33782,2018,Michael Brown,Michael Smith,21121,2264,-624
Ford,Mustang,39210,2023,Michael Brown,Jennifer Davis,40475,696,3437
Ford,F-150,30542,2015,John Carter,Linda Miller,40942,2033,5636
Ford,Edge,57216,2021,Michael Brown,Michael Jones,49585,1170,2729
Ford,Mustang,102404,2024,John Carter,Michael Miller,48773,2922,2165
Ford,Mustang,107007,2016,Sarah Wilson,John Smith,49297,1881,317
Ford,Mustang,39188,2022,Michael Brown,Jennifer Martinez,35523,2535,-3825
Ford,Edge,33307,2019,John Carter,Mary Smith,29270,875,8955
Ford,Bronco,110676,2017,John Carter,Patricia Rodriguez,41867,1834,3935
Ford,Explorer,78568,2015,Sarah Wilson,William Smith,46284,1948,9537
Ford,Bronco,48309,2021,John Carter,John Rodriguez,29597,2389,2752
Ford,F-150,109614,2020,Michael Brown,Elizabeth Rodriguez,15826,673,7423
Ford,Bronco,63723,2023,Sarah Wilson,Elizabeth Rodriguez,37541,2193,4432
Ford,Escape,16650,2022,Michael Brown,Mary Martinez,38166,2200,8954
Ford,Explorer,32216,2023,John Carter,James Johnson,36041,1555,8068
Ford,Escape,24119,2022,Sarah Wilson,Patricia Smith,38763,1968,8953
Ford,Explorer,40117,2018,John Carter,William Smith,30703,1645,5089
Ford,Explorer,45402,2021,Emily Davis,Linda Brown,31032,2104,6668
Ford,Escape,56473,2021,Michael Brown,Patricia Johnson,28755,1052,7669
Ford,Bronco,65411,2020,John Carter,Mary Martinez,24219,1846,6263
Ford,Escape,71938,2015,John Carter,Patricia Williams,20648,1315,944
Ford,Mustang,49918,2017,John Carter,Robert Brown,42214,1211,5021
Ford,Edge,75641,2022,John Carter,Robert Jones,18765,2991,3627
Ford,Bronco,28390,2019,Michael Brown,Robert Garcia,30369,622,9712
Ford,Edge,115937,2017,Sarah Wilson,William Jones,44116,2721,3562
Ford,Mustang,31218,2021,John Carter,Mary Jones,46750,558,6772
Ford,Explorer,49734,2018,Sarah Wilson,Linda Davis,15324,773,312
Ford,Mustang,62751,2019,Michael Brown,Mary Miller,22427,2011,6228
Ford,Bronco,75974,2021,John Carter,William Rodriguez,15464,2584,2246
Ford,Mustang,12974,2016,Michael Brown,Linda Davis,49560,1886,9324
Ford,Mustang,69229,2019,Michael Brown,Jennifer Miller,20592,891,4366
Ford,Escape,107104,2021,John Carter,James Martinez,39399,1162,5634
Ford,Edge,61002,2020,Michael Brown,John Jones,20136,1924,7430
Ford,Explorer,71868,2015,Emily Davis,James Miller,20760,638,7343
Ford,Bronco,68754,2022,John Carter,Linda Martinez,27593,2236,3641
Ford,Escape,33498,2023,John Carter,John Brown,15244,778,6415
Ford,F-150,20034,2018,Michael Brown,Patricia Rodriguez,42066,1281,9125
Ford,Escape,107026,2019,Emily Davis,James Garcia,39917,2257,5043
Ford,Escape,57741,2021,Emily Davis,Linda Miller,18411,2192,-4043
Ford,Mustang,51292,2016,Sarah Wilson,John Davis,35561,2933,5471
Ford,Edge,22620,2024,Emily Davis,James Miller,49793,2223,9396
Ford,Escape,112354,2015,John Carter,Michael Smith,36813,1092,8419
Ford,Mustang,26910,2021,John Carter,Robert Rodriguez,32219,2971,3362
Ford,Escape,58080,2023,Michael Brown,Jennifer Garcia,20001,1252,8610
Ford,Bronco,35284,2023,John Carter,Linda Jones,16361,2141,5155
Ford,Escape,80210,2023,John Carter,Patricia Johnson,21450,1706,8891
Ford,Edge,104146,2020,Emily Davis,James Smith,42756,2868,8464
Ford,Edge,55158,2024,John Carter,William Davis,24707,2717,8140
Ford,Escape,26786,2018,Michael Brown,James Johnson,17826,2450,2610
Ford,Bronco,70004,2022,John Carter,James Smith,16082,1295,4819
Ford,Explorer,74925,2022,Emily Davis,Patricia Brown,31505,1321,7393
Ford,Escape,53759,2021,Michael Brown,John Johnson,21877,2787,3778
Ford,Mustang,23127,2018,Emily Davis,Mary Rodriguez,35365,2210,5033
Ford,Edge,64437,2021,Emily Davis,William Martinez,33466,1054,2307
Ford,Escape,100250,2018,Emily Davis,Robert Martinez,16659,698,3279
Ford,Explorer,73127,2016,Sarah Wilson,Elizabeth Davis,48220,2702,8106
Ford,F-150,110235,2015,John Carter,Jennifer Smith,48651,1857,439
Ford,Escape,113904,2019,John Carter,John Jones,17683,1794,2322
Ford,F-150,9317,2021,Sarah Wilson,Patricia Davis,26015,1489,9177
Ford,F-150,116277,2017,Sarah Wilson,Linda Martinez,17264,2465,5597
Ford,Explorer,22293,2024,John Carter,Mary Brown,45367,2985,4558
Ford,Escape,41958,2020,Michael Brown,James Johnson,29251,2087,9789
Ford,Mustang,41531,2019,Sarah Wilson,Linda Miller,16264,2467,6114
Ford,Escape,11772,2018,Michael Brown,Linda Garcia,15183,1484,8801
Ford,Mustang,50154,2019,John Carter,Jennifer Johnson,17937,2549,9277
Ford,Escape,92801,2024,Michael Brown,Jennifer Garcia,45601,2679,8453
Ford,Edge,107751,2024,John Carter,William Martinez,16837,1108,4750
Ford,Escape,68902,2019,Emily Davis,John Jones,48778,1165,536
Ford,Explorer,49193,2022,John Carter,William Smith,41565,1958,4818
Ford,Edge,22597,2017,Michael Brown,Mary Jones,46348,1129,6052
Ford,Edge,62583,2019,Sarah Wilson,William Brown,40249,722,4644
Ford,Bronco,23216,2018,Emily Davis,Patricia Brown,27466,657,4051
Ford,F-150,41659,2022,Emily Davis,Mary Smith,23726,1430,7887
Ford,Bronco,15503,2016,Michael Brown,Elizabeth Johnson,49140,1809,6117
Ford,Edge,27120,2017,Emily Davis,James Davis,40898,2072,2483
Ford,F-150,78884,2015,Sarah Wilson,Michael Williams,40552,678,2604
Ford,Escape,58026,2022,John Carter,Patricia Williams,26531,581,4007
Ford,Edge,72556,2022,Michael Brown,Michael Jones,38201,1483,3645
Ford,Edge,58932,2019,Emily Davis,Michael Rodriguez,47431,940,9905
Ford,Bronco,67215,2021,John Carter,Patricia Johnson,38047,1690,9538
Ford,Bronco,48787,2015,John Carter,Michael Brown,19827,1641,2769
Ford,Edge,44711,2024,Emily Davis,John Brown,23998,1926,2869
Ford,Bronco,7973,2017,Sarah Wilson,William Smith,40860,1799,9703
Ford,Bronco,117016,2019,Emily Davis,Elizabeth Garcia,26116,1256,9946
Ford,Mustang,56151,2024,John Carter,James Rodriguez,25464,1974,6641
Ford,Explorer,77598,2020,Emily Davis,Linda Brown,21391,1875,9803
Ford,Explorer,70227,2019,John Carter,Jennifer Brown,36441,2438,4532
Ford,Explorer,45945,2020,Emily Davis,James Davis,47868,2731,9033
Ford,F-150,37781,2018,Emily Davis,John Garcia,31733,672,8437
Ford,Explorer,97242,2020,Sarah Wilson,John Martinez,40293,979,3448
Ford,Explorer,88631,2016,Sarah Wilson,Mary Brown,17367,2548,2960
Ford,Escape,27975,2015,Sarah Wilson,Michael Davis,44446,2115,8007
Ford,Mustang,75981,2016,Emily Davis,John Davis,27231,2198,2133
Ford,Bronco,13838,2017,Michael Brown,Michael Martinez,36962,2795,8306
Ford,Bronco,84887,2023,Michael Brown,William Davis,40117,851,8601
Ford,Escape,22830,2020,Michael Brown,Jennifer Johnson,23903,951,8915
Ford,F-150,115565,2022,Emily Davis,John Miller,23442,1204,9973
Ford,Edge,73556,2017,Sarah Wilson,Elizabeth Martinez,23567,886,2179
Ford,F-150,105665,2019,Sarah Wilson,James Brown,37289,1237,9778
Ford,F-150,116683,2024,Emily Davis,William Miller,48713,586,5883
Ford,Escape,32836,2019,Sarah Wilson,Michael Rodriguez,28725,2715,2805
Ford,Explorer,15061,2024,Emily Davis,Mary Garcia,36155,2443,9208
Ford,Mustang,5699,2016,Sarah Wilson,Jennifer Smith,17172,2363,7057
Ford,Escape,105201,2020,Michael Brown,Jennifer Williams,20690,2396,6389
Ford,F-150,19014,2020,John Carter,William Jones,22016,1479,9878
Ford,F-150,49682,2021,Emily Davis,Jennifer Rodriguez,38921,1358,4919
Ford,Mustang,117472,2016,Sarah Wilson,Patricia Jones,17891,2296,4149
Ford,Bronco,37771,2016,John Carter,Patricia Miller,39602,525,9493
Ford,Explorer,111828,2023,Emily Davis,James Brown,34954,674,3891
Ford,Bronco,95315,2017,John Carter,William Brown,47138,1896,8337
Ford,Edge,93222,2021,John Carter,Patricia Williams,25633,1782,7654
Ford,Edge,89119,2024,Michael Brown,Mary Martinez,15094,608,7627
Ford,Escape,75820,2017,Emily Davis,Robert Rodriguez,19336,1933,4577
Ford,Edge,96975,2018,Sarah Wilson,Elizabeth Smith,48826,1950,5611
Ford,Bronco,102542,2023,Sarah Wilson,Elizabeth Williams,24097,1591,5828
Ford,Mustang,59087,2017,Sarah Wilson,William Davis,19521,831,2093
Ford,Explorer,105140,2017,Sarah Wilson,John Smith,27356,1565,2666
Ford,Bronco,8612,2018,John Carter,Mary Williams,33054,1569,973
Ford,Escape,102726,2019,Sarah Wilson,James Brown,29785,2437,5941
Ford,Edge,79169,2023,Michael Brown,James Williams,21913,2928,6253
Ford,Escape,5203,2023,Michael Brown,Elizabeth Smith,43222,1758,4887
Ford,Bronco,116376,2020,John Carter,James Brown,42349,2583,3180
Ford,Mustang,14191,2017,Michael Brown,Patricia Martinez,36044,2610,2623
Ford,Escape,98707,2016,Michael Brown,William Rodriguez,37715,1922,7842
Ford,Escape,58167,2016,Emily Davis,John Brown,39192,715,9434
Ford,Mustang,76967,2018,Michael Brown,Patricia Johnson,17198,1160,9242
Ford,Mustang,108888,2015,Emily Davis,Mary Williams,32613,2678,2759
Ford,Mustang,115202,2019,John Carter,Michael Garcia,37666,1767,9429
Ford,Mustang,17122,2020,Emily Davis,James Jones,22769,911,7057
Ford,Bronco,18363,2022,Sarah Wilson,Linda Miller,23328,2362,5305
Ford,Escape,41910,2024,Michael Brown,Elizabeth Jones,25330,2881,7809
Ford,Escape,117370,2021,John Carter,Patricia Jones,21513,754,4547
Ford,Mustang,39466,2015,Michael Brown,Patricia Johnson,41713,1667,9402
Ford,Bronco,58758,2017,Michael Brown,John Martinez,23658,2540,673
Ford,F-150,91823,2021,John Carter,Patricia Jones,36610,1386,9450
Ford,Explorer,67941,2021,Michael Brown,Patricia Miller,39494,914,7967
Ford,Escape,73034,2019,Michael Brown,William Miller,23542,1472,2860
Ford,Mustang,117790,2020,Emily Davis,John Rodriguez,49556,1202,3695
Ford,Edge,99966,2023,John Carter,Linda Jones,17733,2587,5996
Ford,F-150,48376,2021,John Carter,Robert Martinez,38048,2326,2494
Ford,Bronco,38140,2020,Emily Davis,Elizabeth Williams,46636,750,6163
Ford,Explorer,110505,2022,Sarah Wilson,William Martinez,19125,1280,8744
Ford,Bronco,9355,2015,John Carter,William Smith,20406,1889,4764
Ford,Escape,61796,2022,Sarah Wilson,John Jones,43481,1848,3994
Ford,Edge,36026,2016,Sarah Wilson,Michael Johnson,19177,1229,8550
Ford,Explorer,84929,2016,Emily Davis,Patricia Miller,37383,1353,4618
Ford,Edge,10555,2019,Sarah Wilson,Elizabeth Miller,31088,2394,8923
Ford,Bronco,95397,2022,Sarah Wilson,Elizabeth Martinez,33493,1762,6995
Ford,Edge,63135,2023,Michael Brown,Jennifer Williams,21532,2319,2362
Ford,Edge,35559,2021,Michael Brown,Mary Johnson,30196,1567,9351
Ford,Mustang,17457,2015,Michael Brown,Linda Martinez,27193,2757,8764
Ford,Escape,101883,2018,Michael Brown,Mary Davis,39756,2980,6616
Ford,Escape,86965,2020,John Carter,Linda Jones,20161,2184,870
Ford,Edge,70067,2022,Sarah Wilson,James Davis,44319,997,6871
Ford,F-150,24632,2017,John Carter,Robert Martinez,30774,723,982
Ford,Explorer,95151,2016,Emily Davis,Linda Davis,38412,1575,4307
Ford,Escape,88924,2017,John Carter,Elizabeth Smith,24943,1760,7975
Ford,Mustang,105696,2023,Emily Davis,Robert Brown,36700,1893,738
Ford,Bronco,50704,2017,Michael Brown,Patricia Williams,36118,1542,8247
Ford,F-150,28691,2015,John Carter,John Johnson,44515,1648,4853
Ford,Bronco,78950,2019,Emily Davis,Patricia Rodriguez,22383,2648,5408
Ford,Edge,91364,2023,Michael Brown,William Miller,47363,2781,3911
Ford,Explorer,118836,2019,Michael Brown,James Davis,20288,1770,5264
Ford,F-150,17227,2019,John Carter,John Jones,35111,2443,2655
Ford,Mustang,73951,2022,Sarah Wilson,James Martinez,18551,2607,4683
Ford,Bronco,20428,2022,John Carter,Michael Brown,33031,1689,3173
Ford,Mustang,56328,2015,John Carter,William Johnson,35987,1777,5230
Ford,F-150,75259,2016,Emily Davis,Linda Martinez,34529,2361,7309
Ford,F-150,42465,2016,Emily Davis,Jennifer Jones,17617,2136,7808
Ford,Mustang,114530,2024,Sarah Wilson,William Williams,32243,2386,6939
Ford,Mustang,46577,2019,Sarah Wilson,Linda Smith,29343,2884,7741
Ford,Escape,66257,2024,Sarah Wilson,James Miller,31227,2027,3239
Ford,Mustang,64433,2020,John Carter,Elizabeth Smith,42900,1042,7594
Ford,Edge,33940,2019,John Carter,Jennifer Davis,40399,775,9634
Ford,F-150,73975,2016,Emily Davis,Robert Martinez,31484,1274,3316
Ford,Edge,58628,2016,Emily Davis,Robert Rodriguez,39913,715,2950
Ford,Bronco,57508,2021,Sarah Wilson,Elizabeth Rodriguez,48657,1713,792
Ford,F-150,119783,2020,Sarah Wilson,James Brown,23210,686,289
Ford,Bronco,76264,2021,Michael Brown,Jennifer Davis,46931,1919,3386
Ford,Mustang,75980,2021,Michael Brown,Mary Williams,45307,617,4884
Ford,F-150,46690,2023,Emily Davis,Mary Garcia,29633,2989,7823
Ford,Escape,55455,2024,Emily Davis,Robert Jones,30818,1415,4135
Ford,F-150,111550,2018,Emily Davis,John Garcia,47387,860,7925
Ford,F-150,88441,2021,John Carter,James Davis,39305,2931,8093
Ford,Bronco,39972,2016,Sarah Wilson,Jennifer Smith,46427,1281,633
Ford,Mustang,82064,2016,Emily Davis,Jennifer Smith,42206,2704,5722
Ford,Explorer,98561,2017,Michael Brown,James Garcia,36510,2013,3728
Ford,Edge,98296,2024,Sarah Wilson,Linda Johnson,35656,2744,889
Ford,Explorer,63480,2015,Michael Brown,Elizabeth Williams,22433,1575,3877
Ford,F-150,99254,2024,Sarah Wilson,Patricia Miller,49255,1845,6400
Ford,Escape,36876,2020,John Carter,John Garcia,20922,1342,8309
Ford,Edge,32819,2019,Sarah Wilson,Elizabeth Davis,22006,1171,5991
Ford,Bronco,103959,2016,Michael Brown,Patricia Williams,49261,2471,7871
Ford,Explorer,49570,2021,John Carter,Mary Rodriguez,27102,637,2308
Ford,Edge,48551,2024,Emily Davis,William Williams,19929,993,9573
Ford,Explorer,41499,2023,John Carter,Robert Davis,39882,2217,2546
Ford,Mustang,36852,2023,Sarah Wilson,Linda Williams,27879,1489,9141
Ford,F-150,107794,2020,John Carter,Michael Jones,27617,1536,9738
Ford,Edge,26406,2018,Emily Davis,John Miller,23224,1831,9253
Ford,Bronco,30880,2020,John Carter,James Garcia,49128,2430,3351
Ford,Edge,8505,2020,Sarah Wilson,William Brown,45314,1411,8255
Ford,Escape,58138,2016,Michael Brown,Jennifer Jones,18746,2729,5793
Ford,Escape,69673,2024,John Carter,John Williams,18729,2533,3140
Ford,Escape,74052,2020,Sarah Wilson,Patricia Martinez,40595,1095,6657
Ford,Explorer,40544,2022,Sarah Wilson,William Davis,20593,2618,2302
Ford,Explorer,100342,2018,John Carter,Robert Miller,33047,1243,6979
Ford,Explorer,58858,2020,John Carter,William Williams,36411,608,9349
Ford,Mustang,118583,2019,Emily Davis,Robert Smith,20877,2991,9707
Ford,Explorer,50673,2017,Emily Davis,Michael Martinez,49300,1849,4503
Ford,Explorer,7386,2018,Emily Davis,Patricia Davis,30770,2038,5681
Ford,Explorer,74110,2024,Emily Davis,Linda Rodriguez,45958,2670,5971
Ford,Explorer,75814,2024,Michael Brown,William Garcia,45623,1140,5826
Ford,F-150,68380,2023,John Carter,John Brown,30544,1288,6327
Ford,Explorer,103071,2023,Emily Davis,Patricia Miller,49328,2363,5382
Ford,Explorer,100471,2015,John Carter,Linda Brown,25947,1400,8020
Ford,Edge,90790,2023,Sarah Wilson,John Garcia,46372,1041,8017
Ford,Edge,42385,2024,Michael Brown,Mary Williams,47624,1136,5210
Ford,Escape,46428,2020,Sarah Wilson,William Williams,18981,2863,3761
Ford,Explorer,114898,2018,Michael Brown,Patricia Miller,39524,1300,4519
Ford,Edge,51031,2023,Michael Brown,Linda Davis,22432,1706,3508
Ford,F-150,71252,2021,Michael Brown,Patricia Williams,18587,1564,5459
Ford,Edge,81524,2018,Sarah Wilson,Michael Martinez,44562,2884,910
Ford,Escape,107793,2022,John Carter,Mary Davis,16413,890,9652
Ford,Bronco,62505,2016,Michael Brown,Mary Brown,45088,1404,6067
Ford,Escape,117788,2023,Michael Brown,Mary Johnson,25974,1343,2615
Ford,Bronco,50533,2021,John Carter,James Williams,36093,920,8380
Ford,F-150,109090,2019,Emily Davis,William Davis,39262,2107,3691
Ford,Explorer,79951,2016,John Carter,Linda Garcia,15132,1866,9229
Ford,Mustang,72692,2021,Michael Brown,John Williams,40629,623,8066
Ford,Explorer,99436,2023,John Carter,Mary Miller,37446,1468,7438
Ford,Edge,18593,2019,John Carter,John Johnson,26472,1053,4336
Ford,Bronco,111310,2019,Sarah Wilson,Mary Miller,34920,2115,8634
Ford,Bronco,21792,2019,John Carter,Mary Brown,17864,2303,5887
Ford,F-150,103504,2022,Sarah Wilson,John Jones,18710,2847,3918
Ford,Escape,101330,2017,Michael Brown,William Martinez,28602,1166,687
Ford,Escape,92951,2016,Michael Brown,Michael Martinez,35719,1775,5473
Ford,Edge,89034,2015,Sarah Wilson,Jennifer Williams,35336,2199,4554
Ford,F-150,10181,2020,John Carter,Robert Martinez,31446,2371,2231
Ford,Edge,20670,2018,Michael Brown,Michael Rodriguez,45266,2749,6311
Ford,Escape,87499,2015,Michael Brown,Jennifer Garcia,43823,1514,6344
Ford,Bronco,103313,2019,John Carter,John Jones,43707,2264,5004
Ford,Edge,66809,2015,John Carter,William Johnson,17549,1915,2761
Ford,Explorer,74659,2018,John Carter,John Martinez,44494,2583,8808
Ford,F-150,30077,2019,Sarah Wilson,Patricia Jones,21180,2428,2504
Ford,Edge,13449,2020,John Carter,Elizabeth Miller,19792,2614,9918
Ford,Edge,15338,2020,Sarah Wilson,Linda Williams,25967,2392,8652
Ford,Bronco,119123,2016,Michael Brown,John Johnson,15608,1698,7641
Ford,F-150,14624,2015,Michael Brown,William Garcia,17640,2974,3178
Ford,Explorer,8560,2020,Emily Davis,Jennifer Davis,48958,2371,2432
Ford,Mustang,73549,2019,Sarah Wilson,Patricia Martinez,20884,512,7275
Ford,Escape,19235,2016,John Carter,John Smith,21539,1922,7303
Ford,Explorer,26101,2022,Emily Davis,Elizabeth Smith,15433,2732,8731
Ford,F-150,23652,2020,John Carter,Robert Smith,42589,1916,9092
Ford,Edge,26659,2016,Sarah Wilson,Linda Williams,47110,1424,4464
Ford,F-150,114377,2023,Michael Brown,Robert Brown,15275,1395,9402
Ford,Mustang,37252,2023,Michael Brown,Michael Miller,24860,2885,9507
Ford,Escape,45396,2018,Emily Davis,Mary Davis,31240,2253,9064
Ford,Mustang,83031,2015,Michael Brown,James Garcia,19450,2510,3769
Ford,Escape,20751,2016,John Carter,William Brown,30257,1073,8226
Ford,Escape,31058,2022,Emily Davis,John Davis,16867,2226,5113
Ford,Edge,58622,2015,Sarah Wilson,Mary Johnson,36082,1122,2682
Ford,F-150,63670,2015,Emily Davis,Michael Martinez,30993,1761,8498
Ford,Escape,49962,2022,Sarah Wilson,Mary Miller,29568,2797,2682
Ford,Bronco,116609,2015,John Carter,Mary Rodriguez,42093,1935,-4882
Ford,Mustang,65916,2018,Michael Brown,James Brown,18830,1895,3016
Ford,F-150,49948,2016,John Carter,Elizabeth Davis,32399,2817,3626
Ford,Bronco,63939,2024,Emily Davis,Patricia Brown,41801,1193,4458
Ford,Escape,68926,2015,Sarah Wilson,Michael Garcia,15366,2862,6004
Ford,Edge,39840,2023,Sarah Wilson,Patricia Johnson,31312,678,9988
Ford,Escape,6848,2015,Sarah Wilson,Patricia Garcia,35536,1147,7106
Ford,Bronco,88216,2021,Michael Brown,Linda Smith,29846,2240,3877
Ford,Explorer,92565,2015,Sarah Wilson,John Davis,26107,2042,10000
Ford,Mustang,115949,2018,Sarah Wilson,William Rodriguez,48612,1020,2048
Ford,Escape,63314,2017,Michael Brown,Mary Jones,45978,631,5427
Ford,F-150,107707,2017,Sarah Wilson,Elizabeth Brown,48280,1787,9055
Ford,Edge,90386,2023,Sarah Wilson,Patricia Rodriguez,35287,1951,4035
Ford,F-150,43713,2015,Michael Brown,William Garcia,38484,602,7203
Ford,Bronco,55039,2024,John Carter,Linda Johnson,30935,2537,6272
Ford,Edge,51460,2017,John Carter,John Martinez,20316,2725,940
Ford,Escape,47001,2017,John Carter,James Jones,38263,1871,4214
Ford,F-150,109511,2018,John Carter,James Smith,42311,2769,5553
Ford,Mustang,47465,2021,Sarah Wilson,Patricia Garcia,18505,1712,8990
Ford,Bronco,81405,2017,Sarah Wilson,Linda Williams,35351,1199,4455
Ford,Escape,56569,2021,John Carter,Robert Martinez,32492,1291,9494
Ford,Explorer,98009,2015,Emily Davis,Mary Jones,17872,1876,9483
Ford,Edge,71914,2018,Sarah Wilson,Elizabeth Brown,47135,1048,4781
Ford,Escape,113699,2020,Sarah Wilson,Robert Williams,31844,1958,8881
Ford,Edge,5260,2019,Sarah Wilson,Jennifer Brown,44585,2783,6678
Ford,Mustang,73227,2016,John Carter,Linda Garcia,42333,1848,5952
Ford,Escape,97576,2016,Michael Brown,John Davis,34199,1747,2775
Ford,F-150,74858,2017,Michael Brown,Jennifer Davis,21620,685,4552
Ford,Mustang,45055,2022,Emily Davis,Patricia Martinez,49144,2987,838
Ford,Edge,6778,2015,Michael Brown,John Rodriguez,19575,2184,9977
Ford,Mustang,56817,2020,Emily Davis,Elizabeth Davis,41059,900,6281
Ford,Bronco,18794,2020,Sarah Wilson,Robert Smith,43257,2490,8294
Ford,Mustang,35597,2023,Emily Davis,John Smith,20374,2894,4426
Ford,Bronco,31116,2023,Sarah Wilson,James Martinez,33995,2976,9261
Ford,Explorer,57897,2016,Michael Brown,Michael Jones,36928,1720,9058
Ford,Escape,118817,2020,Emily Davis,Jennifer Johnson,26245,681,7287
Ford,F-150,21570,2018,Sarah Wilson,Linda Smith,19998,2072,4296
Ford,Edge,41120,2019,Emily Davis,Robert Martinez,25937,779,9008
Ford,Escape,52704,2017,John Carter,Patricia Williams,45379,1716,4684
Ford,Edge,10892,2020,Sarah Wilson,Jennifer Johnson,36088,1014,-2354
Ford,Escape,46787,2018,John Carter,Linda Martinez,17415,2522,8789
Ford,Edge,42896,2024,Sarah Wilson,Robert Johnson,35709,661,5131
Ford,Mustang,38321,2018,Sarah Wilson,John Martinez,47231,2593,5231
Ford,Escape,70238,2023,John Carter,William Smith,37769,1889,7095
Ford,F-150,28651,2020,Sarah Wilson,Jennifer Miller,22099,1079,8826
Ford,Bronco,117832,2021,Emily Davis,John Johnson,19683,1587,6529
Ford,F-150,11431,2024,Michael Brown,Michael Rodriguez,33681,1140,7971
Ford,Explorer,64550,2015,Michael Brown,Elizabeth Garcia,19197,1941,6372
Ford,Escape,7798,2015,Emily Davis,James Rodriguez,30986,1634,9436
Ford,Edge,78925,2020,Michael Brown,Mary Johnson,35257,1435,5808
Ford,Mustang,69241,2020,Michael Brown,John Davis,21251,1683,8131
Ford,Escape,26923,2024,Michael Brown,John Johnson,31823,1207,7708
Ford,Bronco,76555,2024,Michael Brown,Robert Brown,40365,2795,2112
Ford,Escape,67132,2020,Michael Brown,Linda Jones,41311,693,9519
Ford,Escape,109025,2015,John Carter,Patricia Martinez,46416,1446,4820
Ford,Explorer,79800,2020,Emily Davis,Patricia Johnson,43243,2174,2353
Ford,Escape,45674,2019,Sarah Wilson,John Williams,20627,2736,4156
Ford,Mustang,106355,2024,Sarah Wilson,Robert Jones,24342,2298,6697
Ford,Edge,116096,2016,Michael Brown,Mary Miller,15990,1095,2173
Ford,Explorer,71671,2019,Emily Davis,Mary Jones,40595,2456,2434
Ford,F-150,63607,2016,Emily Davis,Jennifer Williams,16448,1561,5421
Ford,Bronco,114689,2017,John Carter,Linda Rodriguez,49253,986,6003
Ford,Mustang,26553,2018,John Carter,John Rodriguez,44397,2469,3189
Ford,F-150,58095,2024,Michael Brown,John Smith,46504,2767,8597
Ford,Explorer,103004,2018,Emily Davis,Mary Johnson,15306,1038,7295
Ford,Bronco,25717,2018,Emily Davis,William Smith,37000,2287,8248
Ford,Edge,37226,2016,Sarah Wilson,Jennifer Garcia,36131,2657,8585
Ford,Bronco,68823,2021,Michael Brown,James Johnson,45721,758,6824
Ford,Bronco,69959,2015,Sarah Wilson,James Smith,33998,693,6923
Ford,Bronco,67340,2023,Michael Brown,Elizabeth Davis,39931,1739,5294
Ford,Edge,8547,2018,John Carter,Patricia Martinez,41798,2513,2213
Ford,F-150,14462,2020,Michael Brown,Elizabeth Brown,24287,1957,9747
Ford,Edge,5224,2022,John Carter,Linda Jones,43714,684,6055
Ford,Mustang,7544,2024,Sarah Wilson,Michael Johnson,44997,2393,3943
Ford,Explorer,119221,2019,John Carter,John Davis,45786,1776,6728
Ford,Mustang,105067,2021,John Carter,Elizabeth Rodriguez,46622,1879,9076
Ford,Explorer,76204,2024,Emily Davis,Linda Smith,24393,1151,9241
Ford,Edge,36389,2017,Emily Davis,Robert Smith,44012,2932,9615
Ford,Mustang,88523,2017,Sarah Wilson,Linda Garcia,41870,2750,9528
Ford,Bronco,110615,2021,Sarah Wilson,Michael Rodriguez,20163,2373,3299
Ford,Bronco,117685,2023,Michael Brown,John Williams,19357,1659,9115
Ford,Explorer,74745,2019,Sarah Wilson,Elizabeth Miller,31023,837,4459
Ford,Bronco,15113,2023,John Carter,Linda Jones,45759,2508,6513
Ford,Bronco,58947,2021,John Carter,Robert Garcia,39997,997,8541
Ford,Escape,73643,2018,Sarah Wilson,Patricia Smith,18277,2730,9390
Ford,Escape,12041,2023,Michael Brown,Patricia Martinez,25167,2100,5086
Ford,Bronco,95625,2024,Emily Davis,Robert Rodriguez,18829,2293,2806
Ford,Edge,76277,2020,John Carter,Robert Martinez,19982,1046,9948
Ford,Edge,59980,2016,John Carter,James Williams,29378,1539,5131
Ford,Escape,114321,2019,Michael Brown,Linda Garcia,36431,1458,6737
Ford,Mustang,85921,2015,Emily Davis,Mary Jones,28336,2929,6259
Ford,Escape,28905,2024,John Carter,John Davis,22616,2750,4524
Ford,Explorer,63099,2021,John Carter,James Rodriguez,33654,2179,2946
Ford,Edge,106766,2018,Emily Davis,Elizabeth Garcia,15070,2348,2496
Ford,F-150,61170,2019,Michael Brown,Linda Davis,48106,1332,5611
Ford,Bronco,107490,2023,Emily Davis,James Davis,30726,1676,8557
Ford,Mustang,40635,2015,Sarah Wilson,James Smith,32255,2516,6836
Ford,Edge,12515,2017,John Carter,Patricia Smith,23127,2119,6362
Ford,F-150,18025,2021,Michael Brown,James Brown,37761,2804,5727
Ford,Mustang,12498,2016,John Carter,William Brown,16036,2352,2185
Ford,Escape,83294,2017,Michael Brown,Jennifer Smith,17070,1961,9031
Ford,F-150,118299,2023,Sarah Wilson,James Johnson,15032,896,-2545
Ford,Explorer,17681,2021,Sarah Wilson,John Miller,26578,2509,4719
Ford,F-150,70929,2023,John Carter,James Jones,19259,2237,6588
Ford,Escape,118008,2015,Sarah Wilson,Linda Davis,40465,578,5560
Ford,Bronco,97045,2024,Michael Brown,Linda Miller,30007,1196,4498
Ford,Edge,100458,2016,Emily Davis,Jennifer Garcia,47865,2010,8959
Ford,Explorer,48871,2017,John Carter,Robert Rodriguez,39179,1777,5947
Ford,Mustang,58684,2019,Sarah Wilson,John Martinez,16494,2254,4772
Ford,Escape,49397,2018,Emily Davis,Robert Smith,35415,988,9986
Ford,Bronco,29964,2020,Michael Brown,James Smith,19053,2401,2028
Ford,Explorer,76913,2022,Michael Brown,Jennifer Jones,33870,2353,8242
Ford,Edge,12819,2015,Emily Davis,Mary Davis,40781,2128,3791
Ford,Mustang,109504,2022,Sarah Wilson,James Williams,25523,1947,2302
Ford,Mustang,78194,2021,John Carter,James Davis,16066,2175,5428
Ford,Escape,113128,2017,Sarah Wilson,Mary Brown,33253,2545,8343
Ford,F-150,69679,2018,Sarah Wilson,John Martinez,37296,782,8446
Ford,Escape,86125,2018,John Carter,Mary Jones,15376,1850,4439
Ford,Edge,107948,2021,Emily Davis,Mary Garcia,30378,1171,8536
Ford,Edge,111981,2017,Michael Brown,Jennifer Miller,23974,1648,9534
Ford,Escape,112435,2016,Emily Davis,James Garcia,20629,860,9678
Ford,Bronco,72131,2020,John Carter,Robert Davis,43128,1544,5155
Ford,Escape,52859,2015,Emily Davis,Linda Brown,22725,2331,5903
Ford,Edge,36896,2020,John Carter,James Johnson,15661,2897,9033
Ford,Bronco,85505,2023,Emily Davis,James Martinez,46976,2605,2785
Ford,Explorer,35729,2020,John Carter,William Brown,19570,1794,3910
Ford,Mustang,117948,2019,Michael Brown,Patricia Jones,38169,899,8444
Ford,Explorer,104982,2021,Michael Brown,John Jones,46326,957,2835
Ford,Escape,96827,2017,John Carter,Mary Garcia,15207,2357,9376
Ford,Explorer,63281,2024,Michael Brown,Patricia Smith,21331,1695,2236
Ford,Escape,45957,2016,Michael Brown,Linda Brown,38579,2442,3366
Ford,F-150,7391,2024,Emily Davis,Jennifer Davis,37091,2438,4556
Ford,Bronco,106706,2017,Emily Davis,Jennifer Rodriguez,24675,752,665
Ford,Escape,48345,2021,Michael Brown,James Johnson,44913,2110,3393
Ford,Edge,75615,2023,Sarah Wilson,Linda Garcia,45049,1028,4575
Ford,Edge,62655,2023,Sarah Wilson,Elizabeth Garcia,42825,1811,7350
Ford,Bronco,12075,2015,Michael Brown,Robert Miller,45675,2562,8696
Ford,Escape,33407,2015,John Carter,Michael Jones,21901,781,4885
Ford,Bronco,113223,2017,John Carter,William Williams,48234,1940,4004
Ford,Explorer,78014,2022,Michael Brown,John Davis,24495,1055,6223
Ford,Edge,96751,2021,Michael Brown,Elizabeth Smith,42632,860,5306
Ford,Bronco,27830,2016,Michael Brown,Robert Davis,25711,2971,2474
Ford,Edge,84113,2021,Emily Davis,Mary Garcia,18494,2729,7894
Ford,Mustang,23796,2016,Michael Brown,Jennifer Jones,24561,1536,4102
Ford,Edge,48180,2021,John Carter,Jennifer Garcia,49390,2153,9655
Ford,Explorer,7158,2018,Emily Davis,Patricia Johnson,20486,512,3301
Ford,F-150,91085,2018,John Carter,Elizabeth Garcia,35616,1198,4645
Ford,F-150,116320,2022,Emily Davis,John Martinez,38991,2126,4285
Ford,Explorer,106670,2023,Emily Davis,Jennifer Rodriguez,17751,1160,8274
Ford,Mustang,102829,2019,Michael Brown,Michael Garcia,31929,1623,7740
Ford,Mustang,98440,2016,John Carter,James Rodriguez,21434,1711,2391
Ford,Mustang,31469,2015,Sarah Wilson,William Miller,17926,2614,7366
Ford,Explorer,101535,2022,John Carter,Mary Garcia,21438,2271,7730
Ford,Mustang,50475,2023,John Carter,Elizabeth Johnson,16987,1976,8954
Ford,F-150,95447,2024,Sarah Wilson,John Smith,23443,1576,7460
Ford,Bronco,61960,2017,Michael Brown,John Smith,27478,2281,6552
Ford,F-150,75761,2016,Emily Davis,James Martinez,41930,718,453
Ford,F-150,25103,2023,John Carter,Robert Rodriguez,43067,550,5734
Ford,Mustang,24962,2018,Emily Davis,William Williams,21899,575,8221
Ford,F-150,48127,2017,John Carter,Elizabeth Smith,25823,1923,6305
Ford,Explorer,56460,2016,Michael Brown,Linda Davis,36680,2238,5394
Ford,Bronco,97887,2016,Emily Davis,Jennifer Jones,24078,1318,2393
Ford,Explorer,87775,2019,Emily Davis,Michael Miller,37709,2457,2613
Ford,F-150,65800,2020,Emily Davis,Jennifer Brown,29623,2586,9704
Ford,Bronco,103681,2023,Emily Davis,Michael Davis,30708,1284,4477
Ford,Bronco,23022,2024,John Carter,John Davis,16226,1633,9538
Ford,Bronco,56966,2022,Emily Davis,Patricia Rodriguez,49167,1324,4448
Ford,Escape,39937,2022,Michael Brown,William Martinez,34731,2150,5766
Ford,Bronco,87455,2015,Emily Davis,Michael Jones,32164,2883,6940
Ford,Explorer,97210,2019,Sarah Wilson,James Davis,29339,1748,6846
Ford,Explorer,78370,2016,John Carter,James Brown,19969,1371,3822
Ford,Explorer,44239,2018,Sarah Wilson,John Williams,27866,676,3217
Ford,Mustang,32742,2023,John Carter,Elizabeth Johnson,24540,1340,9748
Ford,F-150,12773,2021,John Carter,Robert Smith,19803,663,7143
Ford,Escape,6783,2017,Emily Davis,Michael Smith,25594,1934,7130
Ford,Escape,18389,2017,Emily Davis,Jennifer Johnson,26525,2444,2872
Ford,Edge,57725,2023,Michael Brown,William Martinez,24735,2321,4023
Ford,Escape,40874,2018,John Carter,John Martinez,23560,521,2166
Ford,Mustang,15949,2024,Michael Brown,Mary Brown,24250,1348,3226
Ford,Escape,70240,2022,John Carter,John Smith,15170,521,9863
Ford,Mustang,52103,2015,Emily Davis,Michael Davis,34503,1166,4797
Ford,Explorer,31760,2022,John Carter,Robert Martinez,39566,1862,8479
Ford,Mustang,75204,2021,Michael Brown,Jennifer Brown,35894,1047,9690
Ford,Explorer,41400,2024,Sarah Wilson,Patricia Jones,42193,2925,7143
Ford,Edge,70444,2022,Emily Davis,Mary Davis,31629,1556,7481
Ford,Edge,115466,2020,Sarah Wilson,Jennifer Williams,44572,968,5449
Ford,Mustang,22847,2015,John Carter,Linda Jones,16210,778,4623
Ford,Mustang,13826,2016,Emily Davis,James Johnson,27012,1819,3057
Ford,Mustang,60559,2024,John Carter,Jennifer Brown,35618,681,8296
Ford,Edge,26349,2020,John Carter,Linda Rodriguez,30655,1223,2807
Ford,F-150,40986,2016,Michael Brown,James Rodriguez,45253,1438,5151
Ford,Bronco,82112,2021,Sarah Wilson,James Smith,49925,516,7926
Ford,Escape,112658,2019,Emily Davis,John Williams,43349,2455,9748
Ford,Bronco,38857,2021,Sarah Wilson,William Davis,45084,2362,9659
Ford,Edge,44199,2017,Sarah Wilson,Elizabeth Martinez,37285,1655,9800
Ford,Explorer,81657,2015,Emily Davis,John Jones,30614,1931,5087
Ford,Bronco,61028,2019,Emily Davis,Robert Garcia,16773,1701,9686
Ford,Mustang,56778,2020,John Carter,Robert Rodriguez,27582,909,6406
Ford,F-150,28614,2017,John Carter,Mary Williams,36218,1066,4841
Ford,Escape,70912,2016,Sarah Wilson,Patricia Williams,27059,1501,3750
Ford,Mustang,76116,2016,Emily Davis,Linda Smith,42825,1092,9278
Ford,F-150,16033,2019,John Carter,Patricia Garcia,46600,1910,8560
Ford,F-150,115802,2016,Michael Brown,Mary Brown,26327,1042,2728
Ford,Escape,98336,2016,John Carter,Elizabeth Rodriguez,45650,1235,648
Ford,Escape,26174,2024,Michael Brown,Michael Smith,32864,2820,9541
Ford,Escape,73817,2021,Emily Davis,William Davis,24496,1382,5371
Ford,Escape,104981,2021,Michael Brown,Michael Williams,42955,1566,3942
Ford,Edge,47442,2022,Sarah Wilson,Linda Miller,31576,1187,5882
Ford,Bronco,62235,2021,John Carter,Patricia Davis,32935,2205,4136
Ford,Explorer,42697,2019,John Carter,William Jones,24715,2258,3749
Ford,Mustang,38647,2021,Sarah Wilson,Mary Garcia,42101,2481,304
Ford,Explorer,77860,2018,John Carter,John Brown,26921,2612,8163
Ford,Mustang,18926,2021,Michael Brown,John Williams,38696,1689,6528
Ford,Bronco,70029,2021,John Carter,Mary Garcia,31635,1130,9092
Ford,Edge,24242,2020,Emily Davis,Jennifer Smith,18486,897,7824
Ford,F-150,52075,2023,Sarah Wilson,Jennifer Garcia,29034,1187,3756
Ford,Mustang,49450,2019,Emily Davis,Michael Martinez,49366,721,2163
Ford,F-150,64335,2016,Emily Davis,Linda Johnson,48965,1741,7105
Ford,Edge,64277,2015,Sarah Wilson,Robert Smith,29090,1481,7881
Ford,Explorer,32659,2023,Sarah Wilson,Michael Williams,47988,719,8879
Ford,Escape,70405,2016,Michael Brown,Patricia Williams,17521,1050,6682
Ford,Explorer,53907,2016,Michael Brown,Robert Martinez,28387,2824,4549
Ford,Mustang,87342,2020,John Carter,William Garcia,22177,716,2847
Ford,Mustang,115743,2020,Michael Brown,Mary Davis,45061,1436,9128
Ford,Edge,88431,2015,Emily Davis,James Brown,44437,864,5568
Ford,Bronco,38171,2021,John Carter,Linda Williams,43746,1608,3786
Ford,Explorer,58877,2015,Emily Davis,Michael Jones,38147,1620,4968
Ford,Mustang,53624,2024,Michael Brown,Robert Smith,38417,2389,4889
Ford,Explorer,49736,2021,Michael Brown,Mary Miller,46490,2193,8727
Ford,F-150,57306,2018,Sarah Wilson,Robert Brown,40394,2469,6338
Ford,Bronco,50503,2024,Emily Davis,Robert Brown,28534,760,2650
Ford,F-150,62744,2022,Sarah Wilson,Michael Brown,39273,570,4624
Ford,Bronco,6533,2015,John Carter,Jennifer Davis,44970,1144,9546
Ford,Bronco,57347,2020,Michael Brown,Michael Smith,37891,718,2520
Ford,Bronco,49659,2024,Emily Davis,Michael Jones,43057,1707,2991
Ford,Mustang,67212,2018,John Carter,Jennifer Jones,33458,1916,8992
Ford,Mustang,80348,2016,Emily Davis,Linda Jones,43800,540,9887
Ford,F-150,63317,2018,Sarah Wilson,Robert Miller,16480,1997,7863
Ford,Edge,41154,2019,John Carter,James Brown,19264,1544,3695
Ford,Edge,108481,2023,John Carter,James Rodriguez,22332,2295,4347
Ford,Bronco,23326,2018,John Carter,John Garcia,28353,1222,4951
Ford,Explorer,75354,2024,Emily Davis,Patricia Smith,23289,1266,7263
Ford,Edge,85846,2024,Michael Brown,Robert Rodriguez,29069,2625,3011
Ford,Escape,26786,2023,Emily Davis,James Garcia,26346,946,6287
Ford,Bronco,117008,2016,Emily Davis,Linda Martinez,19090,2711,3490
Ford,Explorer,14848,2024,Emily Davis,William Rodriguez,30562,2254,8283
Ford,F-150,97800,2022,Michael Brown,Jennifer Jones,31221,2684,6008
Ford,Escape,25986,2019,Emily Davis,James Smith,30998,1003,5440
Ford,Mustang,116398,2020,Sarah Wilson,Linda Martinez,28367,2159,2319
Ford,Mustang,26425,2019,Sarah Wilson,Patricia Davis,19462,683,6581
Ford,Explorer,20549,2020,Michael Brown,William Jones,17626,1464,9383
Ford,Bronco,25165,2015,John Carter,Elizabeth Rodriguez,49212,829,2338
Ford,Mustang,94628,2020,John Carter,Mary Davis,26605,1190,9835
Ford,Edge,99102,2016,Michael Brown,Michael Garcia,18511,843,4932
Ford,Mustang,95911,2019,Emily Davis,Patricia Jones,33670,2612,8520
Ford,Edge,54233,2017,Emily Davis,Jennifer Davis,38635,2097,2324
Ford,F-150,22286,2021,Michael Brown,William Garcia,17355,2757,2243
Ford,Edge,44500,2021,Sarah Wilson,Robert Davis,27951,914,9912
Ford,Explorer,45971,2021,Emily Davis,Jennifer Jones,36191,1021,7198
Ford,F-150,66623,2021,John Carter,Mary Rodriguez,15237,2778,4256
Ford,Mustang,30892,2020,Michael Brown,Patricia Davis,29263,2829,9397
Ford,Bronco,49183,2024,Sarah Wilson,Robert Rodriguez,34568,2069,5552
Ford,Mustang,49733,2024,Michael Brown,Mary Williams,34456,760,7378
Ford,F-150,118509,2024,Sarah Wilson,Patricia Brown,34464,1298,3754
Ford,F-150,67292,2016,John Carter,Robert Garcia,40860,2391,3386
Ford,Escape,33126,2022,John Carter,James Martinez,29898,1788,3576
Ford,Mustang,82303,2015,Michael Brown,Elizabeth Martinez,29661,1054,7450
Ford,Edge,73594,2023,Sarah Wilson,Elizabeth Brown,49959,1034,7684
Ford,Mustang,50733,2018,John Carter,Elizabeth Jones,42821,1035,6733
Ford,Mustang,19126,2017,Emily Davis,William Davis,30385,641,2768
Ford,Escape,7599,2019,Sarah Wilson,Patricia Martinez,33838,1584,7595
Ford,Bronco,72521,2017,Emily Davis,John Garcia,39811,771,3239
Ford,Edge,78160,2024,John Carter,John Rodriguez,18915,1394,6964
Ford,Escape,100846,2018,Emily Davis,William Miller,20004,1930,6145
Ford,Explorer,11865,2022,John Carter,Jennifer Rodriguez,46493,1590,2826
Ford,Bronco,95677,2016,Michael Brown,William Miller,45893,2910,6385
Ford,F-150,114520,2020,John Carter,James Garcia,31435,1282,5276
Ford,Mustang,119845,2019,John Carter,James Jones,37300,1212,4783
Ford,Bronco,77650,2021,Sarah Wilson,Jennifer Johnson,26059,1641,9569
Ford,Bronco,10234,2017,John Carter,Jennifer Garcia,49267,2610,2439
Ford,Bronco,98548,2024,Sarah Wilson,Robert Rodriguez,47897,764,9907
Ford,Edge,25763,2018,John Carter,Mary Davis,21458,1300,8102
Ford,F-150,97711,2016,John Carter,Patricia Jones,32342,1364,719
Ford,Escape,108039,2017,John Carter,Elizabeth Smith,41081,1573,3244
Ford,Escape,50761,2023,Emily Davis,Linda Smith,42877,1210,7839
Ford,Bronco,30787,2020,Emily Davis,Mary Garcia,15477,2205,2517
Ford,Explorer,19200,2020,Michael Brown,Linda Miller,39320,1430,2196
Ford,Escape,37143,2021,Sarah Wilson,Robert Davis,47460,2745,468
Ford,F-150,101398,2017,Emily Davis,Michael Garcia,15215,692,7671
Ford,Edge,106932,2020,Sarah Wilson,Jennifer Smith,22980,2346,3591
Ford,Edge,76125,2019,Sarah Wilson,William Brown,36888,2818,9628
Ford,Edge,110059,2017,John Carter,Robert Johnson,16733,729,3714
Ford,Edge,61198,2019,Emily Davis,Linda Rodriguez,18330,2467,6544
Ford,Explorer,118770,2020,John Carter,Mary Smith,18181,594,6588
Ford,Escape,8692,2022,John Carter,Mary Williams,38142,2320,7959
Ford,Escape,42971,2018,Michael Brown,Elizabeth Johnson,24672,1427,9357
Ford,F-150,13568,2021,Michael Brown,Patricia Brown,47200,1654,8850
Ford,F-150,84697,2016,Michael Brown,Michael Davis,19194,2418,9779
Ford,F-150,20969,2022,Michael Brown,Elizabeth Jones,45078,1867,8078
Ford,Explorer,113256,2023,Emily Davis,Robert Garcia,35227,1756,6381
Ford,Edge,28010,2020,Michael Brown,James Garcia,21695,1119,2395
Ford,Mustang,25352,2018,Emily Davis,Michael Williams,27289,2049,2312
Ford,Mustang,33116,2015,John Carter,Patricia Johnson,27204,910,3542
Ford,Bronco,32591,2018,Sarah Wilson,James Rodriguez,22068,2962,7637
Ford,Edge,61495,2022,Sarah Wilson,Michael Williams,47419,2650,3950
Ford,Bronco,89891,2020,John Carter,William Williams,37153,1997,7233
Ford,Escape,75314,2017,Michael Brown,James Jones,38157,2236,7909
Ford,Edge,21022,2020,Michael Brown,Jennifer Jones,32328,2664,3166
Ford,Explorer,70443,2019,Sarah Wilson,Michael Davis,27078,1783,9044
Ford,Mustang,79013,2021,Sarah Wilson,Jennifer Miller,36682,1936,6176
Ford,Mustang,111110,2023,John Carter,Robert Johnson,16199,756,9598
Ford,Escape,68975,2022,Emily Davis,Mary Garcia,19393,1408,7745
Ford,F-150,64007,2023,Sarah Wilson,Patricia Williams,25776,2767,9642
Ford,Edge,87576,2018,Sarah Wilson,John Martinez,42511,1022,9863
Ford,F-150,35712,2021,Emily Davis,James Rodriguez,19498,1976,7522
Ford,Escape,86207,2019,Emily Davis,John Jones,22017,2163,2972
Ford,F-150,93567,2023,John Carter,Elizabeth Johnson,19759,2468,397
Ford,F-150,44918,2017,Emily Davis,Patricia Johnson,20225,1581,7347
Ford,Mustang,48227,2015,Sarah Wilson,Linda Rodriguez,26575,1608,2666
Ford,Escape,68546,2024,John Carter,James Smith,34472,711,2875
Ford,Edge,17488,2022,John Carter,James Davis,34692,1608,8519
Ford,Mustang,112554,2018,Emily Davis,Mary Rodriguez,40721,1130,9430
Ford,F-150,34025,2018,Michael Brown,Jennifer Jones,20219,522,5775
Ford,F-150,35725,2021,Sarah Wilson,Mary Rodriguez,34440,2511,555
Ford,Bronco,50792,2021,Sarah Wilson,Michael Miller,37963,866,5872
Ford,Mustang,70973,2023,John Carter,Elizabeth Williams,19582,2178,3687
Ford,Explorer,56357,2024,John Carter,John Williams,35340,2136,3002
Ford,F-150,84581,2018,John Carter,Robert Davis,48556,2489,5450
Ford,Mustang,74850,2019,John Carter,Michael Johnson,24514,801,4120
Ford,Edge,103162,2018,Michael Brown,Jennifer Miller,31910,1337,3521
Ford,Mustang,77518,2016,Michael Brown,Mary Martinez,38938,1752,3905
Ford,Bronco,93843,2019,Michael Brown,Linda Rodriguez,22335,1856,3521
Ford,Explorer,17894,2020,Sarah Wilson,William Miller,21064,2504,9892
Ford,Bronco,103112,2021,Michael Brown,Elizabeth Miller,23614,2160,7195
Ford,Explorer,59708,2019,Emily Davis,John Jones,15428,1905,5509
Ford,Bronco,76134,2023,Emily Davis,James Martinez,48963,1866,2802
Ford,Bronco,57726,2019,Michael Brown,Jennifer Jones,39223,1823,9951
Ford,Escape,29387,2018,John Carter,Jennifer Jones,30161,942,2736
Ford,F-150,38463,2018,Emily Davis,Patricia Brown,35652,1562,8186
Ford,Mustang,71627,2024,Emily Davis,William Brown,16523,699,9939
Ford,Escape,56255,2023,Emily Davis,Michael Rodriguez,16972,895,2482
Ford,Escape,72617,2020,Sarah Wilson,Linda Garcia,34604,926,9781
Ford,Explorer,77197,2020,Michael Brown,Mary Brown,34720,1316,6768
Ford,Explorer,54074,2020,Michael Brown,Linda Smith,33019,1008,610
Ford,Mustang,18804,2024,Michael Brown,Elizabeth Smith,38062,1489,5276
Ford,Bronco,97169,2020,Michael Brown,William Brown,42655,503,7220
Ford,Edge,106345,2018,John Carter,James Davis,41554,2725,5672
Ford,Bronco,91388,2022,Sarah Wilson,Mary Rodriguez,40414,835,2400
Ford,Escape,77471,2017,Michael Brown,Jennifer Brown,44534,2535,4088
Ford,Bronco,113974,2024,Sarah Wilson,Patricia Williams,49449,521,5470
Ford,Edge,92821,2017,John Carter,Michael Smith,33481,2770,2448
Ford,F-150,41100,2017,Emily Davis,Elizabeth Smith,34919,2500,6539
Ford,F-150,88112,2015,Emily Davis,James Martinez,19310,2858,176
Ford,Edge,8871,2017,Emily Davis,Michael Brown,22491,2117,9458
Ford,Escape,29438,2023,John Carter,John Williams,40471,2954,4044
Ford,Edge,84654,2023,Emily Davis,Elizabeth Davis,31096,2851,7845
Ford,Edge,7740,2021,Michael Brown,Michael Garcia,46692,1214,3813
Ford,Bronco,116178,2021,Michael Brown,Michael Smith,39226,1539,7430
Ford,Bronco,35691,2017,Sarah Wilson,James Garcia,22656,916,8676
Ford,Bronco,73758,2018,John Carter,Robert Garcia,40010,2039,825
Ford,Explorer,11687,2015,Sarah Wilson,William Jones,16351,2893,2369
Ford,Edge,110541,2019,Emily Davis,William Johnson,31727,1301,6262
Ford,Explorer,73161,2022,Sarah Wilson,Elizabeth Garcia,24479,1067,2576
Ford,Explorer,70280,2020,Emily Davis,Patricia Garcia,33262,2291,8784
Ford,Mustang,34309,2019,Michael Brown,James Brown,32353,2596,6266
Ford,F-150,85930,2015,John Carter,Jennifer Williams,25610,2303,4301
Ford,Escape,10834,2022,Sarah Wilson,Michael Williams,47521,2480,9726
Ford,Edge,117273,2017,Sarah Wilson,Patricia Martinez,48318,578,2196
Ford,Explorer,48092,2017,Michael Brown,Linda Jones,36215,2800,8892
Ford,Mustang,36285,2023,Sarah Wilson,Mary Rodriguez,48416,2568,6307
Ford,Edge,36280,2022,Michael Brown,James Garcia,24682,1153,9728
Ford,F-150,27255,2018,Emily Davis,Michael Johnson,19449,1250,3288
Ford,F-150,36823,2022,Michael Brown,Robert Martinez,45070,2349,8543
Ford,Mustang,35782,2022,Michael Brown,Michael Johnson,45316,2248,9184
Ford,Edge,60139,2023,Sarah Wilson,Linda Brown,36167,2035,7704
Ford,Bronco,90088,2020,Sarah Wilson,John Davis,16323,1236,6195
Ford,Edge,102107,2015,Sarah Wilson,Michael Rodriguez,33964,1872,2727
Ford,Explorer,60838,2015,Sarah Wilson,John Martinez,42336,2262,8862
Ford,Mustang,40583,2020,Sarah Wilson,Patricia Jones,36122,1652,6097
Ford,Edge,51686,2019,Sarah Wilson,James Smith,30166,2481,6394
Ford,Edge,73530,2016,Sarah Wilson,Robert Johnson,31836,2013,6067
Ford,Explorer,67221,2018,Sarah Wilson,Patricia Smith,35937,2437,8997
Ford,Mustang,36710,2017,John Carter,Elizabeth Brown,37789,2476,9371
Ford,Bronco,43367,2018,John Carter,Jennifer Davis,26794,725,4533
Ford,Bronco,119840,2024,Michael Brown,Linda Martinez,25947,2987,7871
Ford,Mustang,93004,2017,Michael Brown,Jennifer Martinez,29788,2171,6638
Ford,Edge,5382,2018,Sarah Wilson,Jennifer Martinez,35006,2009,7145
Ford,F-150,9356,2018,Michael Brown,William Davis,38606,1020,3511
Ford,F-150,18744,2019,Sarah Wilson,Patricia Jones,23734,747,4119
Ford,Explorer,42286,2016,John Carter,James Brown,16285,962,3006
Ford,F-150,29871,2015,Emily Davis,Mary Brown,38131,2673,528
Ford,Bronco,26665,2022,Sarah Wilson,Mary Brown,21620,2813,8165
Ford,Bronco,27921,2022,Sarah Wilson,John Jones,18344,2988,5074
Ford,Edge,82084,2016,Michael Brown,Linda Smith,24709,2340,3370
Ford,F-150,112527,2020,John Carter,John Williams,27335,1819,5778
Ford,Mustang,88266,2021,Sarah Wilson,Linda Brown,20329,2153,5996
Ford,Edge,46090,2017,Sarah Wilson,William Davis,45918,2572,-1409
Ford,Explorer,18439,2019,Emily Davis,John Jones,38163,1628,8104
Ford,Explorer,107874,2018,Michael Brown,John Johnson,28580,1277,4437
Ford,Explorer,57470,2022,Michael Brown,Jennifer Garcia,34505,2153,5210
Ford,F-150,46702,2022,Emily Davis,Mary Williams,38718,770,3484
Ford,Mustang,39563,2023,Michael Brown,Robert Miller,30776,1487,485
Ford,Mustang,69812,2019,Sarah Wilson,Mary Martinez,34706,2241,6331
Ford,Bronco,8618,2018,Sarah Wilson,Robert Martinez,32296,2659,5025
Ford,Edge,83302,2019,John Carter,Robert Johnson,21970,1929,2706
Ford,Edge,103579,2018,Emily Davis,John Jones,19398,1699,5531
Ford,Explorer,44973,2020,Sarah Wilson,Jennifer Martinez,43188,1687,3146
Ford,Bronco,34618,2015,Emily Davis,Robert Rodriguez,25973,2482,3400
Ford,Edge,114362,2023,Sarah Wilson,Patricia Johnson,30762,1868,4115
Ford,F-150,65378,2017,Emily Davis,Michael Brown,36889,963,9706
Ford,Escape,24148,2024,Michael Brown,Mary Smith,18314,2313,695
Ford,Mustang,77887,2018,John Carter,Elizabeth Garcia,44082,2284,5621
Ford,F-150,28136,2021,John Carter,John Smith,22907,1974,8502
Ford,Explorer,72661,2019,Michael Brown,Patricia Garcia,30668,644,8601
Ford,Escape,92252,2021,Michael Brown,Jennifer Williams,29866,2835,813
Ford,Explorer,84725,2018,Sarah Wilson,Linda Rodriguez,38955,2621,7164
Ford,F-150,8923,2017,John Carter,Jennifer Davis,43174,1371,-2859
Ford,Bronco,63690,2022,John Carter,Mary Davis,30446,732,6702
Ford,Bronco,20963,2021,John Carter,Robert Davis,28579,2782,5175
Ford,Bronco,52867,2024,Sarah Wilson,Michael Rodriguez,22118,929,-1234
Ford,Bronco,14870,2020,Emily Davis,John Jones,23554,2633,7043
Ford,Explorer,47755,2016,John Carter,William Davis,31246,1585,5472
Ford,Bronco,5044,2019,John Carter,John Garcia,22663,967,951
Ford,F-150,82663,2018,Sarah Wilson,Michael Johnson,44958,1258,6205
Ford,F-150,69546,2017,Emily Davis,Jennifer Johnson,27840,2927,6295
Ford,Explorer,102314,2024,Emily Davis,William Brown,48853,1003,3796
Ford,Mustang,102111,2018,Michael Brown,William Jones,36222,2573,6456
Ford,Mustang,119587,2015,Sarah Wilson,William Smith,49893,775,3570
Ford,Explorer,117449,2017,Sarah Wilson,Jennifer Davis,23592,633,9843
Ford,Escape,116635,2015,Emily Davis,Jennifer Miller,27415,2965,5971
Ford,F-150,112541,2019,Emily Davis,William Rodriguez,25444,809,7367
Ford,Edge,110862,2018,Emily Davis,William Martinez,41662,2432,7892
Ford,Escape,51994,2019,John Carter,John Martinez,16612,1544,9185
Ford,Mustang,5703,2021,Sarah Wilson,Jennifer Garcia,43723,783,6129
Ford,Explorer,91683,2023,Michael Brown,Elizabeth Rodriguez,25001,2075,7727
Ford,Edge,35112,2024,Sarah Wilson,William Johnson,15997,2782,7406
Ford,Edge,15001,2018,Emily Davis,John Miller,28126,1405,2410
Ford,Escape,22184,2022,Michael Brown,Linda Miller,37682,1846,8892
Ford,Escape,111536,2020,John Carter,Patricia Martinez,19216,923,3504
Ford,Edge,67869,2022,Sarah Wilson,Linda Martinez,32077,1151,9478
Ford,Edge,99803,2018,Emily Davis,Linda Jones,16009,802,8519
Ford,Edge,10700,2020,John Carter,Mary Brown,44340,1702,8668
Ford,Escape,24990,2021,John Carter,Elizabeth Garcia,44447,1065,4525
Ford,Escape,18622,2016,Sarah Wilson,Patricia Garcia,16968,951,5318
Ford,Explorer,113806,2021,Michael Brown,James Jones,43573,1329,8771
Ford,Edge,17435,2023,Michael Brown,James Martinez,28612,1802,3661
Ford,Explorer,68509,2023,Michael Brown,James Jones,28301,1485,8570
Ford,Bronco,113599,2023,John Carter,Robert Johnson,45594,775,9540
Ford,Edge,68952,2021,Emily Davis,Robert Martinez,41689,2372,7044
Ford,F-150,12561,2024,Emily Davis,Mary Martinez,27104,1300,7450
Ford,Bronco,112907,2015,Michael Brown,William Davis,24208,1492,9735
Ford,Bronco,78923,2024,John Carter,Jennifer Williams,17814,610,6873
Ford,Edge,70913,2018,Michael Brown,Michael Miller,26238,1891,4123
Ford,Bronco,95973,2023,Emily Davis,John Jones,15818,2031,4322
Ford,Edge,49319,2017,Sarah Wilson,Michael Brown,39677,2170,5658
Ford,Mustang,90067,2023,Michael Brown,James Brown,16532,2565,9867
Ford,Bronco,46042,2018,Emily Davis,Mary Smith,39123,2592,9676
Ford,Mustang,100816,2019,Michael Brown,John Rodriguez,20364,681,289
Ford,F-150,10269,2018,John Carter,Elizabeth Jones,32619,2629,4798
Ford,Mustang,26835,2018,Emily Davis,Robert Miller,33547,1411,3606
Ford,Mustang,114894,2023,Sarah Wilson,James Davis,49185,876,4085
Ford,Explorer,22111,2024,John Carter,Michael Rodriguez,34363,2305,2979
Ford,Escape,36389,2019,Emily Davis,John Johnson,35914,2436,3652
Ford,Mustang,13011,2024,John Carter,John Davis,38700,1895,8011
Ford,Escape,8262,2019,Michael Brown,Mary Williams,23089,2554,281
Ford,Edge,82842,2024,Emily Davis,Elizabeth Jones,49885,748,2157
Ford,Escape,73901,2024,Michael Brown,Michael Jones,45366,2987,6889
Ford,F-150,30048,2022,Michael Brown,Mary Williams,35436,1592,121
Ford,Mustang,7128,2023,Sarah Wilson,Mary Martinez,25736,2579,8044
Ford,F-150,17310,2021,John Carter,William Jones,19798,1745,8498
Ford,Mustang,90467,2016,Sarah Wilson,Michael Garcia,23978,1764,4517
Ford,F-150,106327,2023,Emily Davis,Patricia Martinez,44578,1169,8408
Ford,F-150,35868,2015,Emily Davis,Mary Martinez,28658,958,-2942
Ford,Edge,30460,2020,Emily Davis,Michael Rodriguez,15249,908,4529
Ford,Escape,66231,2024,Emily Davis,Elizabeth Miller,48536,1585,4034
Ford,F-150,55889,2024,Sarah Wilson,Mary Jones,36983,882,5129
Ford,Escape,90201,2024,Sarah Wilson,Robert Brown,17821,2157,4522
Ford,Explorer,67074,2020,Michael Brown,William Brown,17229,1230,7162
Ford,Mustang,60346,2024,Sarah Wilson,Robert Martinez,21705,2466,7265
Ford,Mustang,32856,2021,Emily Davis,James Rodriguez,37361,1146,3169
Ford,Bronco,21063,2024,John Carter,Michael Brown,40995,1956,4432
Ford,Bronco,7028,2021,John Carter,Michael Davis,30404,2525,3246
Ford,Escape,13216,2015,John Carter,Michael Martinez,20945,858,3036
Ford,Edge,74190,2021,Michael Brown,Michael Smith,44824,1627,3730
Ford,F-150,116649,2018,Emily Davis,Michael Jones,49487,2249,2006
Ford,Escape,71711,2016,Sarah Wilson,John Martinez,17047,2536,6425
Ford,Bronco,108743,2018,Michael Brown,Michael Brown,31455,1657,8364
Ford,F-150,89691,2017,Emily Davis,William Johnson,25739,2565,7382
Ford,F-150,19393,2019,Michael Brown,Michael Miller,19445,807,9831
Ford,Bronco,69821,2015,John Carter,Michael Johnson,43430,2411,9416
Ford,F-150,88486,2019,Michael Brown,Linda Smith,16661,2804,7458
Ford,Bronco,67785,2022,Emily Davis,John Miller,24323,1160,2088
Ford,Edge,77673,2017,Sarah Wilson,Linda Rodriguez,19031,1630,4937
Ford,Edge,18346,2016,Michael Brown,William Garcia,29367,1822,4460
Ford,Explorer,17666,2019,John Carter,Mary Martinez,20678,1457,705
Ford,Bronco,9657,2023,Michael Brown,Linda Rodriguez,18236,896,-704
Ford,Escape,98698,2023,Emily Davis,Robert Johnson,17663,713,9938
Ford,Edge,117347,2020,Sarah Wilson,Jennifer Brown,22745,2291,4867
Ford,Edge,89434,2015,Emily Davis,Jennifer Brown,38698,2170,8114
Ford,Mustang,44263,2019,John Carter,Elizabeth Jones,16572,1930,459
Ford,F-150,91376,2016,John Carter,Linda Smith,17630,2571,5694
Ford,Bronco,9355,2021,Emily Davis,Michael Brown,15122,1316,8734
Ford,Mustang,61880,2022,John Carter,Elizabeth Davis,33706,1566,7480
Ford,Bronco,36845,2024,Emily Davis,Mary Miller,38026,2729,3140
Ford,Bronco,47178,2016,Sarah Wilson,Michael Martinez,33243,2779,8145
Ford,Bronco,88884,2021,Sarah Wilson,John Williams,36936,1802,9972
Ford,Escape,40277,2023,John Carter,John Miller,22742,1107,7625
Ford,Mustang,5711,2019,Michael Brown,Robert Garcia,31714,1034,7773
Ford,Explorer,95322,2015,Sarah Wilson,William Jones,49363,1558,2182
Ford,Edge,24209,2019,John Carter,Jennifer Davis,38464,2242,5564
Ford,F-150,31031,2017,Emily Davis,Mary Johnson,38053,1701,3789
Ford,Escape,72454,2016,Sarah Wilson,Michael Miller,42481,2242,540
Ford,F-150,6894,2023,Michael Brown,John Garcia,34842,1552,9925
Ford,Escape,78379,2018,Sarah Wilson,William Jones,29596,923,3461
Ford,F-150,58126,2023,Michael Brown,Michael Miller,30157,2314,5336
Ford,Escape,58096,2018,John Carter,Mary Johnson,29478,1098,8856
Ford,Escape,58977,2020,Michael Brown,James Jones,20002,929,8959
Ford,F-150,84626,2017,Michael Brown,Michael Brown,35054,2508,4647
Ford,Mustang,118236,2015,Michael Brown,William Martinez,19022,2447,3677
Ford,Bronco,56863,2019,Emily Davis,Michael Jones,15430,1083,4227
Ford,F-150,115026,2023,Sarah Wilson,Robert Davis,47613,1543,4358
Ford,Edge,92737,2022,Michael Brown,James Jones,16487,656,7396
Ford,Mustang,53804,2015,Sarah Wilson,Michael Brown,49557,2881,9594
Ford,F-150,80348,2017,Sarah Wilson,William Rodriguez,49649,1736,5804
Ford,Edge,80944,2024,Michael Brown,James Smith,40207,1701,6536
Ford,Mustang,32547,2023,Michael Brown,William Williams,21116,1745,8877
Ford,Explorer,114519,2022,Sarah Wilson,Jennifer Garcia,43423,743,5590
Ford,Escape,84484,2021,Michael Brown,James Garcia,24122,1575,6903
Ford,Edge,29701,2022,Emily Davis,Jennifer Garcia,48963,2884,7990
Ford,Escape,5341,2016,Sarah Wilson,Jennifer Smith,30641,2101,6485
Ford,Bronco,88769,2023,Emily Davis,John Jones,44302,1347,8304
Ford,Mustang,82945,2018,John Carter,James Brown,28400,2716,5623
Ford,Explorer,80851,2022,John Carter,William Davis,33083,1089,6186
Ford,Bronco,22079,2023,John Carter,Elizabeth Martinez,46501,1630,6985
Ford,Bronco,5018,2019,Michael Brown,Jennifer Jones,46780,2770,6065
Ford,Escape,14155,2020,Michael Brown,Linda Davis,42137,1399,956
Ford,Mustang,76399,2018,Emily Davis,James Brown,21703,2681,5729
Ford,Mustang,85794,2016,Emily Davis,John Rodriguez,43393,1709,4703
Ford,Explorer,62377,2019,Sarah Wilson,Jennifer Smith,42193,2035,7957
Ford,Mustang,110633,2018,Michael Brown,John Brown,45870,1976,4754
Ford,Mustang,49508,2016,John Carter,Patricia Smith,26896,1812,6405
Ford,F-150,31148,2019,John Carter,Michael Smith,37076,2967,4260
Ford,Bronco,85455,2023,John Carter,William Rodriguez,29529,748,6851
Ford,Mustang,100944,2024,Sarah Wilson,Patricia Johnson,47788,2770,8281
Ford,Escape,86261,2020,Sarah Wilson,Patricia Davis,18248,1515,6261
Ford,Explorer,109094,2015,John Carter,John Jones,37860,2992,3664
Ford,F-150,41937,2023,John Carter,Robert Williams,26272,2368,9224
Ford,Escape,97298,2024,John Carter,Jennifer Davis,25652,2775,322
Ford,F-150,5044,2016,John Carter,Michael Johnson,16661,740,3221
Ford,Bronco,48734,2020,Michael Brown,James Jones,32016,1965,532
Ford,Edge,82626,2015,Michael Brown,Linda Martinez,38531,1836,2476
Ford,Edge,68850,2015,John Carter,Jennifer Smith,25185,2083,5225
Ford,F-150,80047,2016,Sarah Wilson,Michael Garcia,34346,1730,4972
Ford,Escape,15286,2017,Emily Davis,Elizabeth Jones,20110,1020,6834
Ford,Edge,79293,2021,Sarah Wilson,William Miller,31262,2618,8174
Ford,Edge,87474,2016,John Carter,Robert Smith,30385,704,6029
Ford,Bronco,83068,2017,Sarah Wilson,Jennifer Rodriguez,33504,1009,2795
Ford,Bronco,114251,2017,Sarah Wilson,Elizabeth Johnson,36388,741,-2316
Ford,Edge,110584,2022,Sarah Wilson,Linda Williams,39617,1207,-1900
Ford,Explorer,117164,2018,Emily Davis,William Garcia,18719,1272,7517
Ford,Explorer,111273,2022,Sarah Wilson,Jennifer Garcia,48421,2147,7762
Ford,F-150,35649,2018,Michael Brown,Linda Jones,36409,583,9381
Ford,Mustang,79253,2016,John Carter,Patricia Williams,42705,1762,498
Ford,Explorer,49719,2019,Sarah Wilson,Mary Williams,35628,1618,610
Ford,Mustang,75736,2020,Michael Brown,William Smith,40914,2403,8660
Ford,Mustang,54257,2022,Emily Davis,James Jones,17744,2501,5607
Ford,Bronco,103772,2017,John Carter,Elizabeth Martinez,47621,2358,9338
Ford,Bronco,12148,2022,John Carter,James Brown,19991,2228,8066
Ford,Explorer,103605,2016,Emily Davis,Michael Jones,47425,733,8928
Ford,Escape,58375,2016,Emily Davis,Jennifer Johnson,40062,2615,8361
Ford,Mustang,93684,2023,Michael Brown,Jennifer Brown,29268,1967,3127
Ford,Bronco,74131,2021,Emily Davis,Jennifer Garcia,34224,2024,-3035
Ford,F-150,65269,2019,John Carter,John Jones,42754,1368,3137
Ford,Edge,99611,2021,Sarah Wilson,Linda Williams,16269,2187,4876
Ford,F-150,17576,2015,Michael Brown,James Martinez,43269,1171,5104
Ford,Edge,58824,2023,Sarah Wilson,Mary Johnson,36348,1533,6547
Ford,Edge,82183,2021,Michael Brown,Elizabeth Williams,28569,1023,5181
Ford,Bronco,93690,2024,John Carter,John Jones,45926,647,6418
Ford,Mustang,111350,2017,John Carter,Robert Brown,21257,1056,7941
Ford,Explorer,13971,2017,Michael Brown,Linda Garcia,21261,2487,5150
Ford,Explorer,26928,2021,Michael Brown,Linda Rodriguez,17322,1251,6380
Ford,Explorer,44682,2015,John Carter,Linda Johnson,16634,2996,8516
Ford,F-150,70902,2020,Emily Davis,Mary Williams,43245,1553,2858
Ford,Bronco,29485,2017,Michael Brown,Michael Martinez,37737,1823,8545
Ford,Escape,21945,2017,John Carter,Mary Miller,26777,2073,3434
Ford,Escape,72412,2015,John Carter,Michael Williams,27838,955,3319
Ford,Mustang,99643,2023,Michael Brown,William Johnson,23009,2898,9428
Ford,F-150,27462,2022,Michael Brown,Linda Martinez,32706,2876,3503
Ford,Edge,51073,2017,Sarah Wilson,Jennifer Rodriguez,24966,2991,7843
Ford,Escape,29095,2022,Sarah Wilson,Patricia Miller,43453,891,2588
Ford,Edge,50304,2020,John Carter,Elizabeth Jones,15865,1086,4832
Ford,Mustang,60037,2021,Sarah Wilson,James Johnson,33653,1864,5455
Ford,Escape,77744,2019,Sarah Wilson,Michael Johnson,43450,1273,7087
Ford,Bronco,6902,2020,Sarah Wilson,Mary Johnson,33990,2875,8098
Ford,F-150,62738,2023,Michael Brown,Robert Miller,15911,2849,6238
Ford,Mustang,26297,2023,John Carter,Mary Garcia,29160,922,5410
Ford,Escape,111308,2016,Sarah Wilson,John Miller,46170,822,7484
Ford,Escape,19582,2020,Sarah Wilson,Elizabeth Miller,45963,1799,6481
Ford,Mustang,113377,2024,Sarah Wilson,Jennifer Martinez,21424,1587,2481
Ford,F-150,68970,2019,John Carter,Patricia Rodriguez,17627,816,3872
Ford,Mustang,17302,2020,John Carter,John Rodriguez,25763,1012,8684
Ford,Bronco,93831,2015,John Carter,Mary Williams,41385,540,9642
Ford,Escape,83153,2023,John Carter,Robert Williams,37982,927,6175
Ford,Escape,19466,2023,Sarah Wilson,Elizabeth Martinez,31142,509,8618
Ford,Escape,35062,2024,Michael Brown,Michael Smith,24027,2324,5630
Ford,Edge,41441,2019,Emily Davis,John Williams,29951,559,3079
Ford,Escape,18084,2016,John Carter,James Jones,44149,1651,7302
Ford,Edge,82656,2024,Michael Brown,James Williams,46203,1451,4883
Ford,Explorer,50628,2016,Sarah Wilson,James Garcia,44351,1993,9067
Ford,F-150,97135,2023,John Carter,Michael Rodriguez,33793,968,4158
Ford,Explorer,72952,2016,John Carter,John Williams,29435,1794,8216
Ford,Bronco,96433,2016,Sarah Wilson,Linda Johnson,31639,1565,844
Ford,Bronco,117530,2021,Michael Brown,John Williams,23111,1541,9126
Ford,F-150,42320,2015,John Carter,William Williams,30667,1874,784
Ford,Explorer,30747,2018,Emily Davis,James Brown,18234,615,5243
Ford,Edge,60417,2023,Michael Brown,Jennifer Johnson,40266,2870,7372
Ford,Bronco,68437,2017,Sarah Wilson,William Miller,45173,554,2230
Ford,F-150,33298,2022,Michael Brown,Robert Smith,39960,2015,4719
Ford,F-150,35803,2015,John Carter,William Brown,41808,1392,4947
Ford,Bronco,47083,2019,Michael Brown,Mary Jones,31842,1868,9687
Ford,Edge,29102,2023,John Carter,Jennifer Johnson,15386,1613,5300
Ford,F-150,80749,2017,Sarah Wilson,John Williams,31085,2148,7932
Ford,F-150,22846,2017,John Carter,John Johnson,48005,853,7490
Ford,Mustang,8010,2019,Emily Davis,William Smith,32087,1187,8853
Ford,F-150,59462,2023,John Carter,Mary Jones,28869,2420,182
Ford,Escape,50781,2017,John Carter,James Jones,32684,848,8368
Ford,Explorer,20019,2024,John Carter,Elizabeth Jones,29722,2801,2976
Ford,Bronco,113255,2024,Michael Brown,Robert Garcia,23933,1068,8820
Ford,Bronco,71797,2024,Emily Davis,Patricia Brown,27154,1420,2972
Ford,Mustang,83627,2018,Michael Brown,William Brown,19814,763,5813
Ford,Bronco,99603,2015,John Carter,Mary Rodriguez,45413,562,3739
Ford,F-150,97715,2015,Emily Davis,John Rodriguez,19726,2089,4659
Ford,Escape,63348,2015,Michael Brown,William Johnson,47047,969,6856
Ford,Mustang,107975,2021,Sarah Wilson,Robert Garcia,16120,1623,3046
Ford,Bronco,62680,2023,John Carter,John Johnson,26065,1401,7609
Ford,Escape,52237,2016,Sarah Wilson,Jennifer Jones,40429,1566,8226
Ford,Escape,106843,2021,Michael Brown,Robert Williams,49314,1579,3202
Ford,Edge,34577,2017,Emily Davis,Michael Smith,20461,2222,9140
Ford,Explorer,68039,2018,Michael Brown,James Williams,27866,2919,9535
Ford,Explorer,36453,2019,John Carter,Jennifer Davis,24669,859,4832
Ford,Escape,60061,2017,John Carter,Michael Smith,20892,1189,7101
Ford,Explorer,24693,2020,John Carter,Linda Miller,28132,1069,4998
Ford,Escape,53097,2021,Emily Davis,James Rodriguez,41395,2617,3784
Ford,Mustang,32076,2019,John Carter,Robert Miller,25208,2223,5096
Ford,Explorer,119374,2020,Emily Davis,James Williams,32053,659,3268
Ford,Edge,12837,2016,Sarah Wilson,Linda Brown,15192,1428,5920
Ford,Edge,64854,2023,Emily Davis,Michael Jones,40969,2182,4485
Ford,Bronco,56312,2017,Sarah Wilson,William Williams,20677,1658,9112
Ford,Explorer,119113,2017,Emily Davis,Michael Miller,47864,2994,5242
Ford,Bronco,95743,2024,John Carter,Mary Miller,30268,1856,2408
Ford,Edge,37075,2023,Sarah Wilson,Jennifer Johnson,35854,1815,4830
Ford,Escape,27375,2019,Emily Davis,William Williams,36004,806,7370
Ford,Edge,22881,2017,John Carter,James Davis,40679,1670,6500
Ford,Edge,60129,2021,Emily Davis,Robert Smith,15833,1523,3305
Ford,Mustang,56723,2019,Michael Brown,Michael Miller,49091,1819,8712
Ford,Explorer,37897,2023,Sarah Wilson,Jennifer Davis,47931,2607,5213
Ford,Bronco,112698,2021,Emily Davis,Linda Martinez,21230,1290,5986
Ford,Edge,22626,2015,Sarah Wilson,William Miller,21428,1034,4514
Ford,Explorer,58353,2019,Sarah Wilson,Michael Jones,34083,1439,3293
Ford,Escape,102299,2016,Emily Davis,John Williams,48496,1597,655
Ford,Explorer,18492,2024,Sarah Wilson,Jennifer Rodriguez,23499,2775,6470
Ford,Escape,106305,2021,John Carter,James Miller,45878,1822,165
Ford,Explorer,48797,2022,John Carter,Jennifer Johnson,45514,1996,5079
Ford,Mustang,30419,2015,Emily Davis,Elizabeth Garcia,31576,2086,8001
Ford,F-150,44175,2019,Sarah Wilson,John Rodriguez,40812,1415,4840
Ford,Escape,83412,2015,Emily Davis,James Johnson,17770,1947,2033
Ford,Escape,97650,2020,Michael Brown,Jennifer Jones,44514,1545,4227
Ford,Explorer,88461,2024,John Carter,Michael Smith,39792,2485,9723
Ford,Explorer,9109,2015,Sarah Wilson,Elizabeth Jones,33837,2390,2081
Ford,Escape,71399,2017,John Carter,Jennifer Smith,15932,2746,6722
Ford,Explorer,6538,2023,Michael Brown,Jennifer Smith,38560,2868,7571
Ford,Edge,106304,2021,John Carter,Elizabeth Williams,31661,779,7841
Ford,Bronco,94863,2018,Sarah Wilson,Mary Williams,34803,2007,2145
Ford,Explorer,85356,2015,Michael Brown,Patricia Garcia,45615,2197,5591
Ford,Explorer,34899,2023,Sarah Wilson,James Williams,23743,694,3502
Ford,F-150,11030,2022,Michael Brown,Elizabeth Davis,39631,1455,3292
Ford,F-150,112048,2022,Sarah Wilson,Patricia Smith,42881,2860,2645
Ford,F-150,5277,2024,John Carter,Michael Rodriguez,23621,1784,2759
Ford,Edge,23135,2022,Emily Davis,Patricia Garcia,36213,2315,6143
Ford,F-150,114348,2024,John Carter,James Martinez,27423,2523,3642
Ford,Bronco,35101,2016,Sarah Wilson,Mary Davis,17031,2995,8391
Ford,Mustang,69213,2021,Michael Brown,Michael Rodriguez,44372,2629,6021
Ford,Bronco,33013,2019,Michael Brown,William Johnson,28804,1170,4207
Ford,F-150,112167,2023,Emily Davis,John Garcia,48524,1838,9600
Ford,Mustang,24531,2022,Emily Davis,James Johnson,37898,1451,2332
Ford,Mustang,113242,2022,Sarah Wilson,Jennifer Martinez,31739,1107,3201
Ford,Mustang,58998,2016,Emily Davis,Patricia Martinez,42977,2740,7411
Ford,Mustang,44295,2020,Michael Brown,Linda Williams,15293,1792,4225
Ford,Escape,38267,2022,Emily Davis,Robert Jones,31057,2774,7900
Ford,Explorer,115230,2016,Emily Davis,Patricia Brown,27289,646,9160
Ford,Bronco,9339,2021,Emily Davis,Patricia Brown,23848,987,8378
Ford,Edge,38814,2019,Michael Brown,Patricia Garcia,16724,2531,2138
Ford,Explorer,101773,2019,Emily Davis,Linda Davis,30607,791,-2564
Ford,Edge,109274,2019,Michael Brown,Robert Brown,44479,1433,8153
Ford,Explorer,72925,2024,John Carter,Michael Jones,45614,1726,3482
Ford,F-150,37784,2015,Michael Brown,James Rodriguez,32740,2986,9950
Ford,Edge,39602,2021,Sarah Wilson,William Brown,37906,2159,3348
Ford,Escape,55892,2023,Emily Davis,James Johnson,21769,1393,4868
Ford,Escape,26773,2024,Sarah Wilson,William Garcia,24030,1248,4969
Ford,Edge,91073,2018,Michael Brown,Linda Johnson,43000,2351,6778
Ford,Escape,82750,2018,Sarah Wilson,William Jones,42789,1340,3669
Ford,Mustang,19618,2019,Michael Brown,James Garcia,41131,582,6299
Ford,Explorer,26530,2019,Sarah Wilson,William Rodriguez,45430,1462,5549
Ford,Edge,61502,2022,Michael Brown,Linda Martinez,27120,2431,6906
Ford,Escape,99113,2019,Sarah Wilson,James Rodriguez,47898,2930,3170
Ford,Mustang,41109,2023,Michael Brown,Mary Miller,48792,2089,2829
Ford,Bronco,20662,2022,John Carter,Elizabeth Miller,48115,2781,-4833
Ford,Mustang,76059,2017,Sarah Wilson,Michael Davis,24369,2262,5649
Ford,Mustang,93123,2022,Michael Brown,Linda Martinez,15034,538,9864
Ford,Bronco,101183,2021,Sarah Wilson,Elizabeth Martinez,47923,1746,5293
Ford,Bronco,104751,2015,Michael Brown,William Rodriguez,35824,2873,4775
Ford,Escape,66752,2021,John Carter,Michael Smith,15672,2055,3346
Ford,Bronco,103074,2016,Sarah Wilson,William Brown,34699,1244,2433
Ford,Escape,105330,2021,Emily Davis,James Rodriguez,18726,2250,9408
Ford,Escape,81593,2015,Emily Davis,William Jones,22831,2402,2405
Ford,Mustang,114523,2024,Emily Davis,Mary Smith,15018,1396,4944
Ford,Mustang,58941,2018,Michael Brown,Elizabeth Jones,23296,724,186
Ford,Escape,68813,2021,Sarah Wilson,Linda Martinez,47731,2948,5198
Ford,F-150,111658,2017,John Carter,Elizabeth Garcia,27933,1861,7224
Ford,F-150,54072,2016,Michael Brown,Robert Garcia,32097,1834,6207
Ford,Explorer,101143,2016,Michael Brown,James Martinez,41183,2343,7792
Ford,Mustang,75073,2018,Michael Brown,Michael Jones,40144,2438,5916
Ford,Escape,17279,2022,Emily Davis,Elizabeth Garcia,34451,1785,5189
Ford,Escape,106158,2016,Sarah Wilson,Robert Brown,21052,1057,9472
Ford,F-150,13352,2023,Michael Brown,Robert Davis,25547,1822,5685
Ford,F-150,58757,2020,Michael Brown,Patricia Miller,28685,2102,9694
Ford,Edge,62555,2016,Michael Brown,Mary Davis,16239,2077,3571
Ford,Explorer,115310,2017,Sarah Wilson,Michael Johnson,17956,792,3993
Ford,Mustang,105309,2018,Michael Brown,William Jones,48568,1561,5179
Ford,Escape,8586,2022,Michael Brown,Elizabeth Davis,24533,2754,9993
Ford,Edge,63919,2018,Emily Davis,Linda Smith,15312,1091,7795
Ford,Explorer,89118,2020,John Carter,Elizabeth Garcia,21779,2458,9503
Ford,Mustang,33634,2018,John Carter,Linda Smith,27841,1291,-1164
Ford,F-150,35791,2021,Emily Davis,Elizabeth Jones,49250,1572,2509
Ford,Explorer,18365,2022,Sarah Wilson,Robert Martinez,42425,1726,4265
Ford,F-150,58543,2017,Emily Davis,Mary Smith,33089,1945,6192
Ford,F-150,83272,2023,Sarah Wilson,Linda Johnson,15355,1350,2649
Ford,Mustang,71448,2019,Emily Davis,James Jones,47997,1996,6691
Ford,F-150,83441,2017,Sarah Wilson,Michael Miller,40362,1787,9330
Ford,Escape,72990,2021,John Carter,Jennifer Rodriguez,23746,2827,2162
Ford,Escape,46252,2019,Sarah Wilson,James Miller,29204,2110,5445
Ford,Escape,77370,2015,Sarah Wilson,Michael Rodriguez,22330,1591,5898
Ford,Explorer,16466,2016,John Carter,Linda Miller,19939,2726,198
Ford,Edge,63538,2020,John Carter,Patricia Davis,19567,1977,3350
Ford,Escape,119532,2015,Emily Davis,William Johnson,34189,2304,5204
Ford,F-150,63452,2016,Michael Brown,John Miller,49948,1251,4107
Ford,Mustang,32378,2020,Sarah Wilson,Robert Davis,35613,2198,6573
Ford,Mustang,7888,2017,Emily Davis,William Garcia,31235,742,8562
Ford,Explorer,42258,2019,Michael Brown,Mary Brown,23439,2167,3487
Ford,F-150,43420,2024,Michael Brown,John Johnson,43357,1432,2159
Ford,F-150,85940,2021,Michael Brown,John Martinez,23097,2442,5748
Ford,F-150,63772,2020,Emily Davis,Michael Williams,18371,2968,4871
Ford,Escape,73542,2021,Michael Brown,Michael Smith,36903,2962,7493
Ford,Mustang,50122,2017,Sarah Wilson,James Garcia,18057,2513,4015
Ford,Mustang,52563,2018,John Carter,Mary Davis,47405,818,679
Ford,Mustang,41506,2016,Michael Brown,William Williams,46579,1727,7331
Ford,Edge,48516,2018,John Carter,Michael Rodriguez,15447,753,4620
Ford,Edge,17651,2021,Emily Davis,Linda Martinez,18213,914,4510
Ford,Explorer,38470,2023,John Carter,Michael Johnson,44448,2817,8511
Ford,Edge,71824,2022,Sarah Wilson,Mary Smith,40058,1892,8771
Ford,Explorer,101496,2022,Sarah Wilson,John Brown,22028,2931,3990
Ford,Explorer,92078,2020,Sarah Wilson,Patricia Brown,43199,852,502
Ford,Edge,90405,2024,Sarah Wilson,James Smith,44702,1599,3281
Ford,Mustang,26455,2024,Sarah Wilson,Jennifer Miller,24557,615,4038
Ford,Bronco,60030,2024,John Carter,James Garcia,36369,1814,6449
Ford,Escape,96184,2022,Emily Davis,Linda Garcia,32659,2430,450
Ford,Escape,39081,2015,John Carter,Jennifer Williams,37644,1533,4036
Ford,Escape,115459,2019,Michael Brown,Mary Johnson,31202,569,3606
Ford,Explorer,96029,2020,Sarah Wilson,Mary Martinez,49213,1328,5055
Ford,Mustang,42400,2016,John Carter,James Martinez,17323,1155,7109
Ford,F-150,25109,2018,John Carter,Patricia Jones,27353,2330,4558
Ford,Bronco,61818,2016,Sarah Wilson,Michael Williams,27890,2982,6760
Ford,Mustang,82187,2015,Sarah Wilson,William Garcia,48394,1159,2857
Ford,Explorer,94448,2020,Michael Brown,John Williams,27559,945,2942
Ford,Edge,18694,2017,Emily Davis,Robert Johnson,22865,1422,6120
Ford,F-150,117883,2024,Emily Davis,Elizabeth Rodriguez,30282,843,878
Ford,F-150,87065,2024,John Carter,William Garcia,30677,807,6451
Ford,F-150,112758,2023,Emily Davis,Elizabeth Johnson,37808,2111,-1688
Ford,F-150,31592,2017,Michael Brown,John Johnson,45357,2607,6189
Ford,F-150,113623,2015,Michael Brown,Mary Martinez,27132,525,3168
Ford,Escape,28235,2017,Emily Davis,Michael Smith,29587,2043,6858
Ford,Edge,10544,2022,Sarah Wilson,Michael Smith,42397,2289,5807
Ford,Edge,71595,2018,John Carter,William Miller,31561,2110,4388
Ford,Mustang,10622,2022,Sarah Wilson,Jennifer Brown,19622,1225,6212
Ford,Escape,26281,2019,Michael Brown,Jennifer Rodriguez,47260,2677,3941
Ford,Mustang,46137,2019,Sarah Wilson,Mary Miller,25767,874,4882
Ford,Mustang,73971,2018,John Carter,Robert Miller,26647,1529,8621
Ford,Explorer,77834,2022,John Carter,Robert Garcia,25520,2297,6761
Ford,Escape,56471,2024,Michael Brown,John Davis,31790,2421,5170
Ford,Bronco,117770,2024,Emily Davis,Linda Smith,30525,598,3383
Ford,Escape,9396,2020,Michael Brown,James Davis,40336,2351,7212
Ford,Edge,25003,2015,Michael Brown,James Smith,33134,735,5403
Ford,Mustang,31146,2023,Emily Davis,Jennifer Garcia,18545,815,2840
Ford,Bronco,43323,2016,Sarah Wilson,Robert Johnson,17834,2994,5857
Ford,Mustang,75555,2019,Sarah Wilson,James Smith,16768,957,3483
Ford,Explorer,104240,2017,Emily Davis,Michael Martinez,43183,2717,738
Ford,Escape,75079,2018,Michael Brown,William Garcia,49326,2802,8704
Ford,Bronco,94156,2023,Sarah Wilson,Robert Rodriguez,34351,1424,181
Ford,Edge,14499,2024,Emily Davis,Jennifer Martinez,39894,2704,6915
Ford,Edge,112993,2020,Michael Brown,Elizabeth Miller,49851,2443,4263
Ford,Escape,61301,2022,Sarah Wilson,John Davis,33826,2756,3969
Ford,Edge,43777,2022,Emily Davis,John Brown,43688,634,4911
Ford,Escape,47257,2016,Michael Brown,William Williams,30503,635,5804
Ford,Bronco,7719,2018,Emily Davis,John Jones,37551,1712,3708
Ford,Mustang,53864,2016,Michael Brown,Patricia Rodriguez,20470,1722,786
Ford,Explorer,105560,2021,Michael Brown,Patricia Martinez,25451,1491,3907
Ford,Explorer,30595,2015,Emily Davis,Jennifer Martinez,45717,1181,7943
Ford,Mustang,18200,2023,Michael Brown,Mary Williams,27527,2065,5447
Ford,Escape,75680,2024,John Carter,Jennifer Johnson,24826,901,2364
Ford,Mustang,103557,2023,John Carter,Jennifer Brown,34784,1346,8466
Ford,Escape,47672,2024,Sarah Wilson,Mary Brown,34700,881,3347
Ford,Escape,105164,2017,Sarah Wilson,Robert Smith,48270,1232,8859
Ford,Mustang,115722,2022,John Carter,Robert Brown,31757,2042,2747
Ford,Edge,104676,2022,John Carter,Jennifer Miller,21406,2003,9149
Ford,Explorer,113965,2017,Michael Brown,Elizabeth Smith,34398,1281,5682
Ford,Bronco,86078,2023,John Carter,Patricia Williams,31040,1852,6193
Ford,Edge,36139,2023,Michael Brown,Patricia Garcia,22408,2487,5147
Ford,Mustang,89428,2016,Michael Brown,William Garcia,29781,1683,9322
Ford,Bronco,10105,2016,Emily Davis,Michael Jones,32982,975,6893
Ford,Escape,7591,2020,Emily Davis,Michael Johnson,19377,2296,2035
Ford,F-150,110163,2018,Michael Brown,Elizabeth Garcia,47730,1200,7770
Ford,Bronco,112113,2020,Michael Brown,James Miller,19926,1237,6134
Ford,Explorer,48496,2016,John Carter,James Williams,26875,1286,5108
Ford,Mustang,41929,2015,John Carter,Robert Martinez,28114,540,5446
Ford,Edge,80219,2024,Michael Brown,Robert Rodriguez,27421,1414,9471
Ford,F-150,83676,2015,John Carter,John Smith,46181,2961,8138
Ford,Escape,7921,2024,Michael Brown,Michael Johnson,33592,889,3639
Ford,Mustang,106524,2016,John Carter,John Miller,43805,551,9388
Ford,F-150,65753,2018,John Carter,James Davis,26917,1504,9327
Ford,Edge,20403,2023,John Carter,Jennifer Davis,20868,2441,8071
Ford,Explorer,48829,2017,Michael Brown,Patricia Martinez,32956,2155,8640
Ford,Bronco,84944,2015,Sarah Wilson,Patricia Jones,48106,820,7215
Ford,Bronco,48734,2016,Emily Davis,William Garcia,44578,1977,5161
Ford,Escape,107867,2018,Michael Brown,John Smith,46611,2257,6630
Ford,Bronco,115302,2020,Michael Brown,Robert Williams,35119,865,3175
Ford,Mustang,74323,2021,John Carter,John Miller,48095,1736,3404
Ford,Explorer,100217,2022,Sarah Wilson,Jennifer Rodriguez,16069,2873,2130
Ford,Bronco,61746,2024,Emily Davis,Patricia Davis,41017,1543,6988
Ford,Bronco,93647,2023,John Carter,Mary Davis,24322,2516,7759
Ford,Mustang,113125,2017,Michael Brown,Patricia Martinez,16048,2480,5950
Ford,Edge,94976,2015,John Carter,Robert Garcia,23491,2004,7325
Ford,Explorer,75174,2021,Michael Brown,Robert Miller,19531,1148,7974
Ford,F-150,114902,2020,Emily Davis,Jennifer Williams,19153,2458,157
Ford,Edge,58178,2023,Michael Brown,Elizabeth Rodriguez,26665,616,6255
Ford,Mustang,67352,2023,Michael Brown,John Miller,35100,2484,9571
Ford,Mustang,37846,2015,Sarah Wilson,William Garcia,17254,2518,9741
Ford,Explorer,5090,2016,Emily Davis,Robert Davis,35151,2538,9979
Ford,Explorer,21818,2023,John Carter,Linda Rodriguez,37482,1883,5568
Ford,Bronco,109932,2024,John Carter,Michael Brown,19066,2430,3657
Ford,F-150,70706,2021,Emily Davis,William Brown,26515,855,4774
Ford,Edge,50488,2016,Michael Brown,Linda Williams,35251,1502,2325
Ford,F-150,103806,2024,Michael Brown,William Rodriguez,22942,2078,8178
Ford,Edge,114197,2017,Emily Davis,Jennifer Davis,30121,1541,2903
Ford,Explorer,7298,2017,Sarah Wilson,William Williams,47309,620,3845
Ford,Escape,83272,2016,John Carter,James Garcia,40052,1694,2852
Ford,Explorer,66655,2019,John Carter,Mary Williams,46063,2163,-2371
Ford,Escape,38069,2020,Michael Brown,James Davis,23348,1199,5342
Ford,Escape,84593,2021,Emily Davis,William Brown,25311,1492,6476
Ford,Explorer,84934,2021,Michael Brown,Robert Williams,30291,2540,6175
Ford,Escape,54282,2024,Sarah Wilson,Mary Rodriguez,48604,2027,2994
Ford,F-150,51602,2023,Sarah Wilson,Michael Martinez,30054,2143,4872
Ford,Mustang,27667,2024,Michael Brown,Robert Jones,41666,1301,858
Ford,Explorer,22869,2023,Emily Davis,John Smith,42168,1629,6484
Ford,Escape,28382,2016,Emily Davis,Elizabeth Brown,44274,2460,9530
Ford,Explorer,51239,2020,John Carter,James Martinez,34739,2196,9478
Ford,F-150,100201,2020,Emily Davis,William Martinez,48951,630,3318
Ford,Explorer,24698,2020,Michael Brown,Jennifer Martinez,38100,1389,407
Ford,F-150,56259,2019,Emily Davis,James Smith,41306,1986,4049
Ford,Explorer,81950,2015,Michael Brown,Elizabeth Garcia,26450,1410,6538
Ford,Mustang,39515,2021,Sarah Wilson,Mary Johnson,43248,1404,9500
Ford,F-150,34657,2019,John Carter,Patricia Rodriguez,24387,2032,6363
Ford,Mustang,22790,2022,John Carter,Mary Martinez,41683,2981,-2375
Ford,Bronco,20903,2016,John Carter,Patricia Martinez,20309,2706,3740
Ford,Explorer,98098,2023,Michael Brown,James Davis,22272,2227,-2838
Ford,Mustang,69482,2018,Michael Brown,Patricia Davis,49715,667,5928
Ford,Explorer,14613,2015,Emily Davis,James Johnson,25911,1487,3625
Ford,Mustang,23024,2024,Emily Davis,Jennifer Williams,30390,2124,8820
Ford,Explorer,78701,2019,Michael Brown,William Jones,46654,1392,8233
Ford,Mustang,60752,2019,Emily Davis,Patricia Martinez,18979,1234,7798
Ford,Mustang,23995,2019,Michael Brown,Jennifer Jones,17572,1328,9035
Ford,Bronco,105571,2018,John Carter,Mary Williams,35209,994,2646
Ford,Edge,36068,2016,Michael Brown,James Miller,33496,1136,5353
Ford,Bronco,85759,2015,Emily Davis,Michael Williams,38968,1820,6014
Ford,Mustang,90930,2023,Sarah Wilson,Mary Rodriguez,26466,1129,9621
Ford,Mustang,37452,2023,Emily Davis,John Rodriguez,25431,2609,5189
Ford,Bronco,79338,2022,Michael Brown,John Williams,21788,1107,6852
Ford,Explorer,36645,2018,Michael Brown,Patricia Martinez,39034,2890,8856
Ford,Escape,83990,2021,Sarah Wilson,Patricia Brown,45066,2946,2165
Ford,Bronco,6482,2024,John Carter,John Garcia,48648,1988,2596
Ford,Escape,62527,2021,Michael Brown,William Martinez,30207,514,4345
Ford,Explorer,34400,2019,Emily Davis,Linda Brown,24539,2121,2367
Ford,Mustang,32595,2019,John Carter,James Garcia,30648,2455,4626
Ford,Edge,102559,2017,Emily Davis,Robert Rodriguez,39804,563,2647
Ford,Bronco,44189,2018,Emily Davis,Elizabeth Garcia,47987,2021,8314
Ford,Explorer,14111,2023,John Carter,Elizabeth Smith,42650,1839,2664
Ford,Bronco,116570,2024,Michael Brown,James Miller,40851,897,9996
Ford,F-150,119093,2016,Sarah Wilson,Mary Garcia,34120,2286,5567
Ford,Escape,7683,2019,Michael Brown,Elizabeth Martinez,35412,2567,2954
Ford,Explorer,71457,2023,Emily Davis,James Martinez,40166,2789,2277
Ford,Mustang,104179,2022,Michael Brown,James Martinez,15076,2285,5730
Ford,Explorer,93139,2022,Michael Brown,Michael Davis,25003,2475,2333
Ford,Bronco,118514,2018,John Carter,Robert Martinez,18509,1334,5798
Ford,Escape,26938,2020,Emily Davis,Jennifer Garcia,41081,1419,5286
Ford,Bronco,95380,2017,Sarah Wilson,John Brown,45707,2902,8095
Ford,Edge,93001,2024,John Carter,Mary Rodriguez,28780,2099,3144
Ford,Bronco,116581,2015,Emily Davis,Patricia Rodriguez,39221,1272,9052
Ford,Escape,117286,2018,Emily Davis,Linda Johnson,35476,1773,4841
Ford,F-150,13863,2015,Sarah Wilson,Michael Brown,17580,2270,8662
Ford,Mustang,49508,2020,John Carter,Michael Williams,42353,2888,589
Ford,Escape,12587,2019,Emily Davis,Robert Brown,21229,716,9315
Ford,Mustang,119167,2022,Michael Brown,John Martinez,44575,1745,5417
Ford,Edge,64640,2018,John Carter,Elizabeth Davis,37002,2868,5433
Ford,F-150,109653,2023,Michael Brown,Michael Jones,37193,1152,9027
Ford,Escape,29075,2018,John Carter,Jennifer Martinez,35263,2708,9737
Ford,Explorer,78343,2021,Emily Davis,Jennifer Martinez,24290,1649,3266
Ford,Bronco,23243,2018,John Carter,William Miller,42222,670,4529
Ford,Explorer,50986,2023,Sarah Wilson,Elizabeth Williams,26073,1899,5988
Ford,F-150,77174,2017,Emily Davis,Patricia Jones,24241,1599,6701
Ford,Explorer,95043,2015,Michael Brown,Michael Johnson,30572,1661,7322
Ford,Explorer,72308,2023,Emily Davis,Elizabeth Jones,25753,577,2723
Ford,Bronco,75945,2017,Emily Davis,John Davis,48943,1267,7597
Ford,Bronco,62766,2020,Emily Davis,Robert Rodriguez,32437,2699,5486
Ford,Escape,26006,2020,John Carter,Elizabeth Smith,47913,2999,3397
Ford,Escape,82638,2019,John Carter,Michael Miller,33365,2778,8627
Ford,Bronco,90820,2021,Michael Brown,William Johnson,26581,1748,7216
Ford,Explorer,99442,2015,Michael Brown,Elizabeth Garcia,27926,1898,7424
Ford,Explorer,84204,2019,Michael Brown,Elizabeth Brown,28143,1286,8625
Ford,Explorer,70996,2015,John Carter,Elizabeth Smith,22683,2679,3967
Ford,Bronco,48215,2024,John Carter,James Johnson,26304,2620,3913
Ford,Escape,83413,2018,Emily Davis,Robert Williams,33283,2404,4193
Ford,Bronco,31788,2022,Emily Davis,John Davis,33359,1420,9277
Ford,Bronco,86134,2020,John Carter,James Garcia,30562,1716,2690
Ford,F-150,33718,2022,John Carter,Robert Davis,20756,2230,9017
Ford,Escape,100891,2022,Sarah Wilson,Robert Jones,49748,1563,2460
Ford,Edge,56333,2022,Michael Brown,Elizabeth Miller,16649,1576,7715
Ford,F-150,36634,2021,Sarah Wilson,Linda Johnson,46287,597,4626
Ford,Mustang,9998,2018,John Carter,Elizabeth Smith,17814,2136,2883
Ford,Escape,90794,2016,Emily Davis,Patricia Miller,16861,1561,4937
Ford,Escape,105561,2015,Emily Davis,Jennifer Martinez,18012,2461,6815
Ford,Escape,19115,2020,John Carter,William Davis,26445,2104,5527
Ford,Explorer,116570,2018,Michael Brown,James Martinez,26659,2754,3932
Ford,Edge,113175,2016,Emily Davis,Elizabeth Miller,41544,2545,3876
Ford,Edge,63140,2017,Emily Davis,Jennifer Johnson,32643,2929,-1690
Ford,F-150,51978,2022,John Carter,Linda Martinez,38417,2992,-3327
Ford,Mustang,19892,2024,Sarah Wilson,Robert Rodriguez,42000,1448,6540
Ford,Edge,24160,2019,Emily Davis,John Smith,15079,1743,7546
Ford,Bronco,90498,2020,Michael Brown,Jennifer Williams,25142,1876,3170
Ford,Escape,50434,2024,Emily Davis,James Rodriguez,25488,2102,6832
Ford,Mustang,115074,2018,Emily Davis,John Davis,21493,2983,5572
Ford,Bronco,74314,2019,John Carter,James Smith,37312,2627,2487
Ford,Escape,86346,2024,Michael Brown,Mary Garcia,28774,505,9967
Ford,Bronco,41937,2019,Sarah Wilson,Elizabeth Johnson,42873,1291,8263
Ford,Explorer,53634,2016,Emily Davis,Mary Johnson,20656,2671,9624
Ford,Mustang,21197,2018,Emily Davis,William Brown,27264,1281,2461
Ford,Bronco,48080,2017,Michael Brown,Mary Jones,29190,1919,2689
Ford,Mustang,48779,2020,Sarah Wilson,William Smith,17460,2147,836
Ford,Edge,50318,2018,Sarah Wilson,Robert Miller,17430,1407,7639
Ford,F-150,55283,2022,Sarah Wilson,Michael Davis,24862,2689,2506
Ford,Edge,80576,2021,John Carter,Jennifer Martinez,44316,982,6115
Ford,Mustang,29969,2021,Emily Davis,Linda Jones,26633,595,8842
Ford,Mustang,37808,2016,Emily Davis,William Smith,27284,2491,9560
Ford,Edge,32652,2020,Sarah Wilson,Elizabeth Johnson,17879,912,7133
Ford,Edge,26589,2024,Emily Davis,Robert Jones,45364,2524,3097
Ford,Mustang,36400,2021,Michael Brown,Linda Garcia,38281,2813,6395
Ford,Mustang,92681,2016,Emily Davis,John Smith,16968,2448,8742
Ford,Edge,83685,2019,John Carter,Patricia Rodriguez,15807,1556,8036
Ford,Mustang,31505,2018,John Carter,Patricia Smith,15595,1670,8868
Ford,Bronco,62568,2023,John Carter,Robert Brown,32641,929,8698
Ford,Bronco,112840,2023,Sarah Wilson,John Williams,45782,2564,903
Ford,Bronco,62918,2022,Michael Brown,William Smith,19021,2883,8823
Ford,Mustang,36294,2020,Michael Brown,Elizabeth Johnson,38341,2048,6748
Ford,F-150,14850,2018,Emily Davis,Elizabeth Garcia,38961,1614,8759
Ford,Escape,20142,2016,Michael Brown,Patricia Davis,29471,741,8610
Ford,Bronco,112874,2015,Michael Brown,Robert Jones,28557,935,9363
Ford,Bronco,13624,2015,Sarah Wilson,Patricia Martinez,21454,2263,5825
Ford,Explorer,85601,2022,Emily Davis,Michael Johnson,23803,527,5253
Ford,Explorer,82132,2023,John Carter,Patricia Smith,30376,2474,3514
Ford,Escape,14079,2016,Sarah Wilson,Patricia Davis,17930,2291,6077
Ford,Edge,35502,2021,Sarah Wilson,William Davis,17477,1031,4378
Ford,Edge,67814,2019,John Carter,John Johnson,15833,2363,7412
Ford,Mustang,50056,2015,Michael Brown,Jennifer Jones,25172,2659,4313
Ford,Edge,91997,2015,Michael Brown,Mary Miller,41355,670,6101
Ford,Escape,97404,2023,Emily Davis,John Williams,42429,1183,2058
Ford,Edge,66220,2023,Emily Davis,Mary Miller,47318,1200,3663
Ford,Explorer,91032,2017,Emily Davis,Patricia Johnson,23677,1187,4090
Ford,Escape,18611,2017,Sarah Wilson,Mary Williams,23018,1952,4714
Ford,F-150,107293,2015,Sarah Wilson,John Jones,43371,2982,6873
Ford,Bronco,118767,2015,Michael Brown,James Davis,45340,2581,215
Ford,Explorer,31695,2024,Michael Brown,Jennifer Davis,27147,1478,7847
Ford,Edge,35098,2020,John Carter,John Rodriguez,36110,571,2776
Ford,Bronco,7755,2015,John Carter,James Johnson,31662,528,8712
Ford,Bronco,45782,2016,Emily Davis,William Miller,40702,2618,132
Ford,F-150,116805,2021,John Carter,Elizabeth Davis,23929,2091,2577
Ford,Escape,102147,2017,Emily Davis,Patricia Miller,19711,805,5930
Ford,Edge,97400,2022,Sarah Wilson,James Garcia,43759,1868,9474
Ford,Mustang,34614,2022,John Carter,Mary Smith,35854,1175,9853
Ford,Mustang,97269,2022,Emily Davis,James Brown,31483,1337,7452
Ford,Mustang,14642,2024,Sarah Wilson,John Garcia,34480,601,6317
Ford,Bronco,80428,2017,John Carter,James Garcia,25929,1636,6181
Ford,Explorer,88085,2019,Emily Davis,Mary Jones,24453,1998,4435
Ford,Escape,54287,2017,Emily Davis,Linda Garcia,33857,2289,3231
Ford,Mustang,12402,2018,Sarah Wilson,William Garcia,18531,2132,7067
Ford,Explorer,43263,2016,Sarah Wilson,Patricia Garcia,24503,2303,3451
Ford,Edge,8619,2019,John Carter,Michael Martinez,43834,1464,2730
Ford,Bronco,63810,2024,John Carter,Patricia Smith,37944,2022,960
Ford,Mustang,6214,2016,John Carter,Patricia Jones,29849,2046,5305
Ford,Explorer,54022,2020,John Carter,Michael Jones,49635,2391,4566
Ford,Escape,105113,2016,John Carter,James Garcia,21044,1923,955
Ford,Mustang,5274,2018,John Carter,William Davis,27850,2394,8687
Ford,Edge,65115,2022,Sarah Wilson,Jennifer Smith,18073,1655,8004
Ford,Explorer,12915,2020,Sarah Wilson,Robert Williams,26624,1749,2962
Ford,Bronco,66413,2019,Michael Brown,Jennifer Martinez,46288,1266,6972
Ford,Explorer,68692,2022,John Carter,Patricia Martinez,37863,1481,6255
Ford,Mustang,6706,2019,Michael Brown,Mary Martinez,38801,2725,2055
Ford,Explorer,109024,2022,Emily Davis,Jennifer Garcia,35770,703,2767
Ford,Edge,47253,2015,Emily Davis,Patricia Rodriguez,23598,1899,4854
Ford,F-150,79096,2024,John Carter,Michael Williams,28720,1884,3330
Ford,Mustang,11263,2022,John Carter,John Johnson,34869,2036,8594
Ford,F-150,12079,2019,Emily Davis,Mary Brown,21460,1045,8871
Ford,F-150,48912,2016,Emily Davis,Jennifer Johnson,19389,1790,7309
Ford,Escape,23168,2021,Michael Brown,William Johnson,17529,1315,8096
Ford,Escape,14720,2018,Emily Davis,James Jones,20427,726,3061
Ford,Bronco,65411,2021,Sarah Wilson,Mary Brown,23930,555,6043
Ford,Bronco,54274,2016,Michael Brown,Linda Garcia,24497,2917,4135
Ford,Mustang,101009,2024,Sarah Wilson,James Davis,23713,2041,4069
Ford,Escape,29267,2021,Michael Brown,Patricia Williams,33871,2433,3814
Ford,Bronco,10587,2020,John Carter,Patricia Jones,15309,1483,5560
Ford,Bronco,21440,2019,Michael Brown,James Garcia,43270,949,9369
Ford,Bronco,114084,2020,John Carter,Patricia Rodriguez,30371,1735,2001
Ford,Mustang,109720,2019,Sarah Wilson,Linda Williams,48027,897,9942
Ford,Bronco,66690,2018,Michael Brown,Jennifer Davis,18859,1990,9368
Ford,Explorer,76711,2017,John Carter,Patricia Davis,29835,971,3700
Ford,Bronco,91056,2023,Emily Davis,Mary Smith,27617,2832,6065
Ford,F-150,92926,2021,Emily Davis,Linda Garcia,24625,686,9478
Ford,Edge,63508,2021,Sarah Wilson,Elizabeth Davis,45234,1883,9190
Ford,Bronco,98125,2017,Michael Brown,Michael Davis,20199,739,4377
Ford,Bronco,88720,2019,Sarah Wilson,William Miller,47968,1134,8895
Ford,Bronco,6988,2019,Emily Davis,Mary Jones,18585,2188,-3539
Ford,Edge,13449,2023,Sarah Wilson,James Miller,28293,1834,2299
Ford,Edge,50120,2019,John Carter,John Rodriguez,23606,2561,9022
Ford,Bronco,41727,2015,Michael Brown,John Brown,46620,1952,7916
Ford,Bronco,76772,2018,John Carter,Mary Rodriguez,39011,2953,5517
Ford,Escape,110217,2017,Michael Brown,Robert Johnson,45162,2895,3661
Ford,Mustang,17264,2017,Michael Brown,Jennifer Smith,27348,1638,9394
Ford,F-150,67815,2020,Emily Davis,Michael Martinez,36501,2678,3484
Ford,Escape,101943,2020,Michael Brown,Robert Williams,38123,1710,8172
Ford,Edge,18665,2020,John Carter,Robert Williams,16285,570,9901
Ford,Escape,6685,2016,Emily Davis,Linda Rodriguez,16193,1759,7012
Ford,Edge,48855,2019,Sarah Wilson,Mary Miller,37498,1234,3425
Ford,Bronco,34991,2023,Michael Brown,Michael Rodriguez,42251,1564,4087
Ford,Mustang,53123,2015,John Carter,Jennifer Garcia,30601,952,5717
Ford,Edge,12897,2018,Michael Brown,Patricia Brown,21991,2557,436
Ford,Mustang,53327,2022,Michael Brown,Patricia Smith,20401,850,4726
Ford,Edge,113896,2024,Emily Davis,Patricia Davis,36060,1723,9958
Ford,Bronco,101039,2017,Sarah Wilson,Robert Martinez,15280,950,6593
Ford,F-150,116718,2021,Sarah Wilson,Robert Johnson,46556,2333,8783
Ford,Mustang,110496,2017,John Carter,John Johnson,44485,1871,7706
Ford,Explorer,5765,2016,Emily Davis,John Smith,39074,2476,2861
Ford,Mustang,33582,2021,John Carter,Michael Williams,24523,1198,8794
Ford,Explorer,73604,2022,John Carter,John Rodriguez,28969,1941,5806
Ford,Edge,57081,2021,Emily Davis,Linda Martinez,37684,957,2187
Ford,Bronco,113535,2024,John Carter,James Miller,20089,2713,4573
Ford,Mustang,32314,2019,Michael Brown,Robert Johnson,26764,2540,9719
Ford,Bronco,99315,2015,Michael Brown,Mary Rodriguez,47390,909,8977
Ford,F-150,31100,2015,Emily Davis,Robert Williams,48218,2545,2305
Ford,Escape,28335,2017,Emily Davis,Jennifer Rodriguez,28702,754,3869
Ford,Mustang,97921,2018,John Carter,John Williams,25674,1826,7468
Ford,Explorer,87170,2023,John Carter,James Miller,17406,604,2385
Ford,Edge,50903,2024,Michael Brown,Linda Williams,42651,1992,2548
Ford,F-150,113584,2017,Sarah Wilson,Mary Rodriguez,20970,2325,8453
Ford,Escape,95381,2020,Emily Davis,John Jones,34800,1195,9836
Ford,Bronco,50916,2023,John Carter,Jennifer Johnson,49236,2725,2847
Ford,F-150,111581,2017,Sarah Wilson,Robert Davis,49294,2114,9542
Ford,Escape,112735,2017,John Carter,James Martinez,28296,1845,5170
Ford,Mustang,65630,2016,Sarah Wilson,James Garcia,37046,2886,7950
Ford,Edge,69237,2019,Emily Davis,John Brown,28755,1736,3562
Ford,Escape,44888,2017,John Carter,Mary Davis,21069,1246,4783
Ford,Mustang,69597,2023,Emily Davis,Linda Davis,38850,1113,6924
Ford,Mustang,118655,2019,Emily Davis,Robert Rodriguez,43663,2832,7297
Ford,Escape,87592,2022,Michael Brown,Mary Davis,20951,520,2285
Ford,Bronco,12490,2020,Michael Brown,Elizabeth Brown,38396,2157,7043
Ford,Mustang,114686,2017,Michael Brown,Michael Martinez,33153,1586,7409
Ford,Bronco,65425,2015,Sarah Wilson,Mary Brown,44322,1567,126
Ford,Edge,51406,2024,Sarah Wilson,John Brown,46690,2002,9553
Ford,Edge,62468,2015,Emily Davis,Jennifer Johnson,28096,1902,2382
Ford,Explorer,19658,2021,Michael Brown,Elizabeth Brown,17727,1823,6450
Ford,Mustang,90385,2019,Sarah Wilson,William Davis,36888,924,4817
Ford,Edge,91959,2016,Sarah Wilson,James Jones,26529,1866,388
Ford,F-150,36076,2022,Emily Davis,James Garcia,31428,858,4637
Ford,Bronco,31217,2021,Emily Davis,Michael Smith,35941,2336,2058
Ford,F-150,57045,2019,John Carter,Elizabeth Williams,37003,2790,2536
Ford,Bronco,92286,2024,Sarah Wilson,William Smith,36545,2836,8493
Ford,Escape,78124,2021,John Carter,Michael Brown,15331,1200,7640
Ford,Edge,50288,2021,John Carter,John Martinez,15916,2697,4454
Ford,Mustang,69058,2018,Sarah Wilson,Linda Johnson,48910,665,5111
Ford,Escape,44059,2021,Emily Davis,Michael Rodriguez,18315,592,7397
Ford,Escape,37614,2016,Sarah Wilson,Jennifer Miller,47658,1115,4959
Ford,Edge,110233,2018,Michael Brown,Robert Jones,41200,2224,8192
Ford,Escape,58833,2021,John Carter,Elizabeth Davis,20510,1016,7917
Ford,Edge,81521,2021,John Carter,Mary Rodriguez,26533,1945,6109
Ford,Mustang,88841,2016,Michael Brown,Patricia Jones,45206,2008,6941
Ford,F-150,97875,2015,Sarah Wilson,William Johnson,27452,1773,5759
Ford,Explorer,26351,2015,Michael Brown,Elizabeth Miller,35851,836,8469
Ford,Mustang,69633,2020,Emily Davis,Patricia Martinez,31046,1721,7673
Ford,Escape,24695,2016,John Carter,Jennifer Jones,46190,2891,-4668
Ford,Bronco,64315,2021,Emily Davis,Jennifer Jones,37051,2154,8867
Ford,F-150,97302,2022,John Carter,Elizabeth Williams,31219,1666,4086
Ford,Edge,23070,2021,Emily Davis,Patricia Davis,32088,1887,3090
Ford,Escape,19015,2022,Emily Davis,Patricia Rodriguez,26200,1807,8676
Ford,Mustang,62582,2024,Emily Davis,John Martinez,39177,2522,9862
Ford,Edge,38187,2021,John Carter,Robert Brown,20779,1831,5503
Ford,Escape,74932,2015,Michael Brown,John Davis,43372,2929,7548
Ford,Bronco,67072,2015,Emily Davis,Jennifer Williams,32156,1224,2501
Ford,Explorer,19542,2021,John Carter,William Rodriguez,41601,2946,2740
Ford,Bronco,119546,2016,Michael Brown,John Martinez,36457,1300,5396
Ford,Explorer,11869,2019,Sarah Wilson,Patricia Smith,38513,1391,9370
Ford,F-150,20499,2022,Sarah Wilson,Elizabeth Johnson,47197,2743,7067
Ford,Mustang,19295,2021,Michael Brown,Elizabeth Martinez,28924,1729,4956
Ford,F-150,85610,2018,Michael Brown,Michael Miller,18406,1293,8568
Ford,Bronco,79215,2018,Sarah Wilson,Mary Johnson,34496,1724,8789
Ford,F-150,76046,2023,Michael Brown,Robert Brown,39260,1445,7855
Ford,F-150,58511,2017,Emily Davis,Robert Jones,26436,982,6158
Ford,Edge,108417,2024,Michael Brown,James Miller,47902,2774,7129
Ford,Edge,86023,2018,Emily Davis,Robert Davis,28311,502,7032
Ford,Mustang,43801,2024,Emily Davis,Jennifer Davis,23977,925,9712
Ford,Explorer,5160,2022,Sarah Wilson,Elizabeth Miller,21150,1420,2085
Ford,Explorer,36339,2024,John Carter,John Martinez,47296,2177,3518
Ford,Edge,53824,2017,John Carter,James Smith,25218,888,523
Ford,Bronco,82858,2016,Emily Davis,Jennifer Martinez,48956,1472,5269
Ford,Mustang,45541,2024,Michael Brown,John Garcia,34714,1157,6048
Ford,Edge,109662,2022,John Carter,James Davis,24436,2845,4206
Ford,Bronco,24333,2017,John Carter,Robert Smith,27337,979,4023
Ford,Bronco,59441,2023,Sarah Wilson,Linda Williams,19940,2697,9135
Ford,Bronco,103001,2018,Michael Brown,Elizabeth Brown,48805,1301,3755
Ford,Edge,43322,2018,Michael Brown,Elizabeth Miller,19378,1033,3805
Ford,Mustang,108680,2022,John Carter,Patricia Johnson,28982,2480,621
Ford,Escape,73798,2015,John Carter,Jennifer Garcia,42096,2017,9255
Ford,Escape,104596,2020,Michael Brown,Patricia Rodriguez,21158,655,8192
Ford,Mustang,21148,2020,Emily Davis,Robert Rodriguez,26225,847,344
Ford,Bronco,26327,2017,Sarah Wilson,Elizabeth Garcia,16946,686,8066
Ford,Mustang,115523,2022,Michael Brown,Michael Williams,41281,2068,6878
Ford,Bronco,90637,2015,Emily Davis,Linda Jones,18536,2870,8814
Ford,Explorer,109623,2022,John Carter,James Johnson,40647,978,773
Ford,F-150,15469,2017,Sarah Wilson,Elizabeth Garcia,28677,1656,3940
Ford,Explorer,60693,2024,Sarah Wilson,Jennifer Brown,19280,590,8855
Ford,F-150,61952,2021,Sarah Wilson,James Martinez,45726,1786,7487
Ford,Escape,117125,2019,Emily Davis,Jennifer Miller,25712,1225,9511
Ford,Edge,90865,2020,Emily Davis,Elizabeth Brown,22696,1106,9329
Ford,Edge,39633,2016,Michael Brown,John Davis,22078,1945,9555
Ford,Explorer,46089,2021,Michael Brown,Patricia Rodriguez,15200,2697,3262
Ford,Escape,10473,2016,Emily Davis,James Rodriguez,45442,2919,-4298
Ford,Bronco,48645,2016,John Carter,Michael Johnson,40330,850,7659
Ford,Bronco,27821,2020,Michael Brown,John Johnson,33744,2305,7316
Ford,Bronco,10231,2017,Sarah Wilson,William Garcia,28591,601,4440
Ford,Escape,43120,2020,John Carter,James Davis,30549,2064,2283
Ford,Bronco,101319,2016,Sarah Wilson,Mary Martinez,21408,1889,9679
Ford,Edge,65236,2020,Sarah Wilson,Mary Williams,31277,2565,9359
Ford,Mustang,107917,2016,Emily Davis,Jennifer Smith,36152,521,9626
Ford,F-150,40963,2018,John Carter,William Jones,23040,2139,4823
Ford,Escape,5777,2016,Michael Brown,Elizabeth Brown,28428,2778,4260
Ford,Escape,46493,2017,Emily Davis,Jennifer Jones,44077,1777,8153
Ford,Bronco,105408,2020,John Carter,Michael Martinez,42759,1611,4671
Ford,Bronco,74108,2016,Michael Brown,William Jones,25198,1734,510
Ford,Escape,97411,2020,John Carter,Robert Miller,45939,1969,234
Ford,Mustang,64393,2024,Sarah Wilson,James Brown,24245,2354,4070
Ford,Edge,101298,2017,John Carter,Robert Miller,27491,2913,5629
Ford,Explorer,21500,2020,John Carter,John Williams,44368,1603,9323
Ford,Bronco,13997,2018,Michael Brown,Patricia Smith,33303,2864,5104
Ford,Bronco,49222,2016,John Carter,Robert Williams,40079,2886,2978
Ford,F-150,98584,2020,John Carter,Michael Jones,32141,2155,9641
Ford,Explorer,46815,2023,John Carter,Patricia Jones,33488,2800,8397
Ford,Escape,56988,2018,John Carter,Linda Smith,45740,2144,7278
Ford,Escape,105588,2019,Michael Brown,Michael Jones,20721,1347,9499
Ford,Edge,64897,2024,Emily Davis,James Smith,38025,1730,5377
Ford,Explorer,45013,2020,John Carter,John Jones,45973,1047,7120
Ford,Mustang,10084,2018,Michael Brown,Linda Jones,44022,2499,8159
Ford,Mustang,118316,2024,Emily Davis,Linda Miller,32773,721,2222
Ford,F-150,81920,2016,Emily Davis,William Williams,22280,2913,8651
Ford,Edge,74639,2019,Emily Davis,Elizabeth Rodriguez,23401,1467,8554
Ford,F-150,94209,2019,Sarah Wilson,Michael Williams,24334,1421,6753
Ford,F-150,112435,2023,John Carter,Mary Smith,47079,969,8366
Ford,Bronco,54872,2023,John Carter,Linda Garcia,40988,1253,8823
Ford,Explorer,36686,2021,John Carter,William Garcia,34350,1754,8472
Ford,Bronco,65818,2021,Sarah Wilson,Jennifer Davis,47139,1635,6465
Ford,Bronco,16510,2017,John Carter,William Garcia,38910,2949,7230
Ford,Escape,13642,2015,John Carter,John Rodriguez,16472,2036,8287
Ford,Escape,52558,2015,John Carter,Patricia Jones,38976,656,4204
Ford,Explorer,102879,2018,Michael Brown,John Williams,23492,2067,5440
Ford,Explorer,43891,2021,Sarah Wilson,Linda Miller,32971,827,7021
Ford,Bronco,80217,2020,Michael Brown,Elizabeth Williams,32588,2605,8448
Ford,Edge,96177,2018,Sarah Wilson,Michael Johnson,45878,2235,5926
Ford,Explorer,68036,2017,Michael Brown,Jennifer Miller,21580,1864,-2947
Ford,Escape,88425,2023,Michael Brown,Patricia Williams,25614,1462,4543
Ford,Mustang,21777,2018,John Carter,John Jones,34058,2628,6076
Ford,Edge,83228,2024,Michael Brown,Linda Martinez,41125,1426,5287
Ford,F-150,45226,2024,John Carter,Michael Jones,40733,1324,4397
Ford,Escape,94797,2024,John Carter,Patricia Garcia,29783,2324,3517
Ford,Mustang,91143,2023,Emily Davis,William Jones,29057,775,8193
Ford,Explorer,8590,2020,Emily Davis,Patricia Rodriguez,29305,1242,6319
Ford,Edge,95560,2019,Sarah Wilson,Jennifer Martinez,16517,893,8330
Ford,Bronco,80355,2024,Michael Brown,Patricia Brown,38604,795,5499
Ford,Escape,119986,2016,Michael Brown,William Brown,31381,968,8080
Ford,F-150,44921,2017,Michael Brown,John Davis,27111,2395,4687
Ford,Escape,90291,2018,John Carter,Linda Rodriguez,30450,2550,8027
Ford,Mustang,94084,2016,Michael Brown,Robert Smith,32714,2109,-3901
Ford,Edge,117864,2021,Emily Davis,Michael Rodriguez,47393,1911,8276
Ford,Escape,47942,2020,John Carter,Patricia Rodriguez,22535,2834,2590
Ford,Escape,29206,2021,Michael Brown,Jennifer Williams,25541,2025,4017
Ford,F-150,82297,2022,Michael Brown,Elizabeth Davis,19694,2995,7667
Ford,Escape,5235,2017,Sarah Wilson,Jennifer Rodriguez,49256,2636,2084
Ford,Mustang,15135,2022,John Carter,Robert Garcia,21430,2963,4725
Ford,Explorer,65877,2019,Emily Davis,James Williams,40356,880,5732
Ford,Explorer,49891,2018,Emily Davis,John Garcia,36235,663,9180
Ford,Edge,13972,2017,Sarah Wilson,Michael Martinez,49018,2071,3441
Ford,Edge,107653,2020,Sarah Wilson,John Williams,49363,1233,7407
Ford,F-150,102140,2021,Michael Brown,Mary Johnson,25437,2649,5438
Ford,F-150,67539,2018,Sarah Wilson,Mary Brown,44973,2934,8839
Ford,Explorer,69024,2016,Emily Davis,Elizabeth Johnson,20209,2184,8102
Ford,Explorer,14563,2015,Emily Davis,Patricia Johnson,35795,2450,9317
Ford,Edge,86615,2021,Emily Davis,John Johnson,34552,634,3674
Ford,Escape,20652,2022,Emily Davis,Linda Williams,28458,2941,8405
Ford,Mustang,100169,2017,Sarah Wilson,Patricia Smith,35282,2910,9837
Ford,Mustang,56204,2020,John Carter,Jennifer Davis,29142,2071,9591
Ford,Edge,82625,2015,Emily Davis,Patricia Smith,20768,617,5023
Ford,Mustang,13172,2021,Emily Davis,Elizabeth Williams,34144,1356,9533
Ford,F-150,46947,2024,Emily Davis,Patricia Johnson,37435,2781,2793
Ford,Explorer,76005,2024,Emily Davis,John Smith,49756,2257,3346
Ford,Edge,110450,2023,John Carter,Elizabeth Jones,34537,2868,8197
Ford,F-150,88052,2023,John Carter,James Brown,31124,1267,2569
Ford,Bronco,29603,2022,John Carter,Michael Brown,19298,1833,5753
Ford,Edge,36983,2023,Sarah Wilson,William Rodriguez,32365,1393,9808
Ford,Explorer,27154,2021,John Carter,Linda Martinez,43746,2016,9509
Ford,Bronco,69781,2020,Sarah Wilson,James Smith,24278,2556,5554
Ford,Bronco,67837,2015,Emily Davis,Linda Rodriguez,45899,1461,721
Ford,Explorer,30746,2015,John Carter,Jennifer Garcia,29808,2367,2176
Ford,F-150,99264,2019,Sarah Wilson,Jennifer Smith,23805,2544,3799
Ford,Escape,27052,2021,Michael Brown,Linda Davis,35183,2903,6100
Ford,Bronco,61278,2019,John Carter,James Davis,35986,2727,4372
Ford,Explorer,15858,2023,Michael Brown,James Martinez,25640,2334,3113
Ford,Bronco,64558,2022,Michael Brown,Robert Brown,45406,2663,9607
Ford,Bronco,85222,2022,John Carter,Patricia Rodriguez,15797,2427,620
Ford,Bronco,62675,2017,Emily Davis,Mary Williams,22990,2664,6810
Ford,Bronco,57152,2017,Emily Davis,William Brown,22234,1891,5326
Ford,F-150,45985,2018,Michael Brown,Michael Williams,35157,1468,6839
Ford,Bronco,107800,2017,Emily Davis,John Johnson,21561,2426,4496
Ford,F-150,72852,2021,Michael Brown,Jennifer Jones,43924,2184,8345
Ford,Bronco,43224,2019,John Carter,Linda Williams,42835,1972,5658
Ford,Bronco,83433,2018,Michael Brown,Patricia Davis,34410,2494,8122
Ford,Bronco,36290,2015,John Carter,Jennifer Smith,41592,800,4575
Ford,F-150,99728,2023,Sarah Wilson,Robert Johnson,49835,1093,6360
Ford,Bronco,37282,2018,John Carter,Linda Johnson,30793,1531,9860
Ford,Mustang,82220,2015,Michael Brown,Michael Jones,17212,2155,5284
Ford,Escape,11429,2022,John Carter,Patricia Jones,23390,601,6401
Ford,Explorer,6153,2015,Emily Davis,William Johnson,33301,2887,6907
Ford,Mustang,50763,2017,Michael Brown,Patricia Johnson,28345,1777,4456
Ford,Mustang,38320,2023,Sarah Wilson,Elizabeth Smith,26647,971,5109
Ford,Bronco,24454,2019,John Carter,Elizabeth Miller,48246,2560,9209
Ford,Explorer,110389,2016,Sarah Wilson,James Rodriguez,26470,1878,9088
Ford,Explorer,20124,2020,Sarah Wilson,Mary Garcia,47651,1120,3604
Ford,Bronco,102249,2015,John Carter,Mary Smith,45979,2249,608
Ford,Explorer,45381,2016,Sarah Wilson,William Johnson,44695,1223,8336
Ford,F-150,83734,2022,Sarah Wilson,William Martinez,44460,1625,9046
Ford,Edge,80283,2017,Emily Davis,Elizabeth Jones,21334,2658,5821
Ford,Escape,100771,2019,Sarah Wilson,James Jones,21465,676,3027
Ford,Mustang,26459,2016,John Carter,Robert Davis,15717,1138,4343
Ford,Explorer,101399,2016,Michael Brown,Linda Johnson,28873,1944,4338
Ford,F-150,29889,2017,Emily Davis,John Garcia,43050,1438,6221
Ford,Mustang,54569,2018,Sarah Wilson,Michael Jones,44101,2333,9173
Ford,Mustang,64239,2018,John Carter,Elizabeth Brown,29113,2285,9430
Ford,Escape,50006,2019,John Carter,Mary Miller,23421,1243,6701
Ford,F-150,23830,2024,Michael Brown,John Miller,23483,1934,5680
Ford,Bronco,62073,2018,Emily Davis,Michael Jones,18082,2856,8155
Ford,Explorer,57949,2015,Sarah Wilson,Robert Jones,42714,943,6620
Ford,Mustang,19017,2021,Sarah Wilson,Mary Smith,47770,2670,2553
Ford,Escape,36384,2018,Emily Davis,John Rodriguez,31869,2037,4205
Ford,F-150,6275,2022,John Carter,Robert Smith,21087,1537,4008
Ford,Mustang,76896,2021,John Carter,Elizabeth Rodriguez,30408,1131,7687
Ford,Escape,7800,2015,Sarah Wilson,William Brown,24834,1040,8296
Ford,Mustang,109773,2017,Emily Davis,John Williams,31104,761,5408
Ford,Explorer,105219,2021,Michael Brown,Linda Garcia,46161,2798,7036
Ford,F-150,72133,2022,Sarah Wilson,Jennifer Davis,25253,1141,2077
Ford,Escape,62199,2018,John Carter,Elizabeth Jones,42635,1754,9202
Ford,Mustang,7229,2023,Sarah Wilson,Elizabeth Jones,36113,1803,4852
Ford,Escape,88307,2023,Sarah Wilson,Jennifer Smith,23173,869,8566
Ford,Bronco,5387,2015,Emily Davis,Patricia Williams,40991,2821,5772
Ford,Bronco,60967,2024,John Carter,Robert Johnson,45188,1179,3906
Ford,F-150,27012,2018,Michael Brown,Mary Davis,35775,1514,5652
Ford,Edge,50826,2017,John Carter,Robert Martinez,23390,2361,2498
Ford,Mustang,61803,2023,Michael Brown,Jennifer Brown,37874,2063,9466
Ford,Explorer,75155,2021,Michael Brown,James Garcia,47632,528,2755
Ford,Edge,112187,2021,Sarah Wilson,Robert Williams,30047,2021,6471
Ford,Mustang,69170,2023,Emily Davis,Michael Martinez,46765,1520,9976
Ford,Mustang,17699,2018,Emily Davis,Jennifer Smith,35481,2222,5484
Ford,Escape,79666,2024,John Carter,Patricia Jones,38175,2009,6670
Ford,Escape,7568,2016,Emily Davis,John Davis,37648,993,9465
Ford,F-150,15605,2018,Sarah Wilson,Mary Williams,24191,2136,9303
Ford,Edge,31712,2023,Michael Brown,Jennifer Miller,24019,1602,826
Ford,Edge,70928,2022,Emily Davis,John Miller,27411,2181,919
Ford,Mustang,110590,2024,John Carter,Mary Smith,35362,605,4072
Ford,Escape,30192,2017,Sarah Wilson,Patricia Miller,25881,2323,8278
Ford,Explorer,99516,2017,Emily Davis,Michael Johnson,30546,2672,9036
Ford,Mustang,99205,2015,Michael Brown,Elizabeth Johnson,22976,524,6682
Ford,Mustang,86847,2021,John Carter,Patricia Brown,41658,738,3660
Ford,Mustang,14798,2019,Michael Brown,Mary Brown,26430,2624,8651
Ford,Mustang,54100,2022,Sarah Wilson,Robert Davis,28325,1518,4845
Ford,Escape,28650,2019,Michael Brown,John Davis,39440,1270,5128
Ford,Bronco,105462,2022,Sarah Wilson,Jennifer Martinez,26280,650,8106
Ford,Edge,108809,2021,Michael Brown,James Martinez,24996,502,3283
Ford,Explorer,85457,2021,Sarah Wilson,James Johnson,20186,2930,9379
Ford,Bronco,40120,2015,Sarah Wilson,Robert Davis,27749,1163,2304
Ford,Explorer,90930,2017,Michael Brown,Patricia Garcia,43837,1119,5922
Ford,F-150,85602,2018,Emily Davis,James Williams,25420,2136,8310
Ford,Mustang,78402,2019,John Carter,Robert Miller,44204,715,4958
Ford,Escape,92041,2016,Michael Brown,Jennifer Martinez,43476,2611,9846
Ford,Explorer,90821,2020,Michael Brown,Elizabeth Davis,26298,2424,9965
Ford,Bronco,64903,2024,Emily Davis,Linda Rodriguez,43073,817,4096
Ford,F-150,66579,2018,John Carter,Patricia Johnson,26201,1368,2034
Ford,Mustang,15203,2018,Emily Davis,Linda Jones,36180,2079,7244
Ford,Mustang,39818,2023,Michael Brown,Linda Garcia,27137,1460,5052
Ford,Mustang,62030,2019,Michael Brown,Patricia Martinez,19112,2069,293
Ford,Explorer,46157,2024,John Carter,Patricia Jones,22734,2464,8972
Ford,Edge,19177,2017,Sarah Wilson,Patricia Smith,38477,1242,5545
Ford,Mustang,70345,2017,Michael Brown,John Miller,49922,655,7222
Ford,Edge,15055,2016,Emily Davis,John Davis,33048,2713,2146
Ford,Escape,119098,2021,Michael Brown,Mary Davis,22690,1504,9275
Ford,Edge,108388,2015,Michael Brown,James Jones,29087,1765,2634
Ford,Escape,48612,2022,Sarah Wilson,Elizabeth Johnson,26276,500,4099
Ford,Mustang,12576,2021,John Carter,James Brown,15143,1475,2950
Ford,Bronco,91456,2017,John Carter,John Martinez,25141,2140,4216
Ford,Mustang,78785,2024,John Carter,William Miller,40235,706,4232
Ford,Explorer,29020,2018,John Carter,Jennifer Garcia,27239,2474,9451
Ford,Bronco,47908,2023,John Carter,Jennifer Williams,45870,1355,6407
Ford,Edge,67111,2015,Emily Davis,William Rodriguez,16546,1234,8893
Ford,Bronco,49002,2022,Michael Brown,Elizabeth Miller,42932,1531,8086
Ford,Mustang,52788,2016,Emily Davis,Linda Davis,34554,2870,9164
Ford,Bronco,46499,2019,Emily Davis,Mary Johnson,34766,2252,2905
Ford,Explorer,32386,2018,Michael Brown,James Martinez,18652,2795,919
Ford,Bronco,79398,2017,Emily Davis,Michael Brown,35936,1010,9029
Ford,Bronco,72286,2023,Emily Davis,Jennifer Jones,48129,757,6846
Ford,Escape,16341,2015,Emily Davis,Mary Miller,18119,1944,6317
Ford,Edge,5174,2020,John Carter,Patricia Rodriguez,38316,1967,7423
Ford,Edge,113272,2016,Michael Brown,Michael Rodriguez,34753,2102,6720
Ford,Edge,44069,2015,Michael Brown,Elizabeth Jones,30534,1996,6871
Ford,F-150,7092,2020,John Carter,Elizabeth Williams,18141,699,4203
Ford,F-150,74961,2020,Emily Davis,William Rodriguez,43830,568,9856
Ford,Explorer,97426,2021,Michael Brown,Michael Jones,27833,1439,6113
Ford,Edge,96641,2015,Michael Brown,William Smith,28554,2658,3656
Ford,F-150,41515,2024,Michael Brown,Linda Brown,22519,1563,5815
Ford,Edge,115365,2015,John Carter,Jennifer Davis,33130,566,9676
Ford,Edge,119846,2018,John Carter,Linda Miller,47051,2232,8655
Ford,Explorer,73882,2019,Emily Davis,Jennifer Garcia,49637,2953,3596
Ford,Bronco,53672,2016,John Carter,Mary Martinez,34246,1103,438
Ford,Escape,42257,2015,Emily Davis,Elizabeth Garcia,47318,1020,4964
Ford,Bronco,42269,2023,Sarah Wilson,Michael Davis,39387,2672,5876
Ford,F-150,64224,2019,Michael Brown,William Martinez,49770,1335,6235
Ford,Bronco,48970,2016,Emily Davis,Jennifer Miller,49565,1228,8834
Ford,Mustang,115504,2020,Sarah Wilson,Linda Smith,42422,1019,6734
Ford,Explorer,7389,2018,Emily Davis,William Rodriguez,44378,792,9827
Ford,Mustang,30843,2019,John Carter,Elizabeth Davis,43535,1593,9242
Ford,F-150,113121,2018,Michael Brown,John Martinez,31230,907,7674
Ford,Escape,113074,2015,Michael Brown,Robert Brown,40003,2526,4133
Ford,Escape,71518,2021,John Carter,Patricia Williams,45521,2364,7415
Ford,Mustang,35095,2020,John Carter,Elizabeth Martinez,42223,2943,5497
Ford,Explorer,62622,2022,Sarah Wilson,James Jones,41875,2610,-1770
Ford,Explorer,99860,2022,Emily Davis,Patricia Johnson,15580,1242,4383
Ford,Escape,19964,2018,John Carter,James Garcia,36370,2464,7560
Ford,Mustang,16245,2018,Michael Brown,Patricia Brown,47317,1024,-1759
Ford,Edge,103700,2017,John Carter,Robert Miller,21994,1438,3004
Ford,F-150,87954,2022,Emily Davis,John Garcia,18353,720,6078
Ford,Bronco,40318,2021,John Carter,Jennifer Brown,27433,2132,3861
Ford,Escape,118123,2019,John Carter,Elizabeth Davis,37294,734,3570
Ford,F-150,5541,2021,Emily Davis,Patricia Rodriguez,42636,1231,8900
Ford,Escape,57576,2020,John Carter,Robert Smith,26991,2351,7980
Ford,F-150,68459,2019,Michael Brown,William Brown,49711,2983,7902
Ford,Edge,16106,2020,Michael Brown,Mary Williams,48125,2193,6676
Ford,Edge,53371,2024,Michael Brown,Elizabeth Rodriguez,40577,1263,4194
Ford,Explorer,22459,2017,Sarah Wilson,Michael Garcia,16736,903,5537
Ford,Mustang,80817,2020,Emily Davis,Robert Martinez,27877,2707,8987
Ford,Bronco,44686,2022,John Carter,Jennifer Jones,41951,2823,8648
Ford,Mustang,6084,2022,John Carter,Patricia Davis,41932,1678,7727
Ford,Mustang,61366,2021,Sarah Wilson,William Smith,15415,2155,8759
Ford,Bronco,42073,2019,Emily Davis,John Jones,31226,2962,6510
Ford,Edge,76477,2016,John Carter,Elizabeth Davis,18141,2300,3433
Ford,Explorer,101450,2021,John Carter,Robert Garcia,42926,1003,4449
Ford,Escape,118132,2021,Sarah Wilson,Linda Garcia,18945,2950,2098
Ford,Explorer,5598,2020,Emily Davis,Mary Brown,30710,2404,7884
Ford,Bronco,22556,2023,Michael Brown,John Williams,41069,1315,6208
Ford,Bronco,95832,2023,Emily Davis,Linda Miller,40170,1506,5934
Ford,F-150,113150,2019,John Carter,Elizabeth Johnson,38316,1210,710
Ford,Mustang,33304,2021,John Carter,Linda Williams,36800,716,5618
Ford,Escape,76613,2018,Emily Davis,Jennifer Brown,43445,589,8963
Ford,Escape,19580,2018,John Carter,Jennifer Smith,31858,1312,7105
Ford,Edge,89963,2016,Sarah Wilson,Linda Martinez,18664,938,6039
Ford,F-150,74811,2024,Sarah Wilson,John Williams,38882,2186,5575
Ford,Explorer,94523,2020,Sarah Wilson,James Smith,15128,2293,7405
Ford,Mustang,56771,2021,Emily Davis,Jennifer Williams,30549,1229,6896
Ford,F-150,93586,2022,John Carter,James Johnson,24659,609,428
Ford,Explorer,9673,2022,Emily Davis,Jennifer Smith,19023,590,459
Ford,Escape,84141,2024,Sarah Wilson,Jennifer Martinez,28465,1878,8237
Ford,Escape,12026,2022,Sarah Wilson,William Martinez,23482,1041,4277
Ford,Explorer,84501,2019,Sarah Wilson,James Rodriguez,44009,1093,3048
Ford,Mustang,42929,2018,Michael Brown,John Miller,30763,1576,2119
Ford,Escape,30822,2019,Sarah Wilson,Patricia Brown,25834,1180,5217
Ford,Edge,69703,2022,Michael Brown,Patricia Miller,24019,916,5651
Ford,Edge,36156,2021,Sarah Wilson,James Martinez,47493,1986,3838
Ford,F-150,23461,2022,John Carter,Linda Rodriguez,20036,2713,3209
Ford,Bronco,51718,2022,Michael Brown,Michael Johnson,41875,2792,8546
Ford,Mustang,24853,2022,Emily Davis,John Smith,29178,899,909
Ford,Escape,29775,2020,Sarah Wilson,Michael Smith,22211,2086,7633
Ford,Explorer,86855,2018,John Carter,William Williams,34718,2576,2383
Ford,Edge,99447,2016,Michael Brown,Linda Miller,43530,1546,2227
Ford,Escape,17915,2020,John Carter,Mary Jones,17756,1244,6082
Ford,F-150,8343,2022,Emily Davis,William Brown,19458,771,9741
Ford,F-150,22914,2019,Michael Brown,Michael Miller,42615,1977,8389
Ford,Explorer,82116,2017,Michael Brown,Robert Garcia,43707,1764,3006
Ford,F-150,48105,2017,Sarah Wilson,James Martinez,34293,2368,7668
Ford,F-150,38459,2023,Emily Davis,John Davis,36030,926,878
Ford,Explorer,59079,2016,Michael Brown,James Rodriguez,39447,1215,8168
Ford,Explorer,63386,2017,John Carter,William Garcia,41399,1495,7474
Ford,Edge,50560,2022,John Carter,Mary Miller,37683,1304,4528
Ford,Edge,30243,2022,Sarah Wilson,Elizabeth Miller,38002,817,2231
Ford,F-150,66812,2024,Emily Davis,Mary Miller,15748,1980,3308
Ford,Edge,27732,2019,John Carter,Patricia Smith,27408,1867,3314
Ford,Bronco,8695,2022,Michael Brown,Patricia Smith,32114,2390,9429
Ford,Mustang,90405,2015,John Carter,Michael Davis,26138,1249,6256
Ford,Mustang,20974,2021,John Carter,Michael Garcia,41301,993,3966
Ford,Explorer,87615,2024,Emily Davis,Linda Davis,35843,2267,3948
Ford,Explorer,39947,2018,Michael Brown,Jennifer Miller,31518,2487,2203
Ford,Escape,81544,2023,Sarah Wilson,Elizabeth Garcia,44380,2087,7965
Ford,Mustang,11482,2015,Sarah Wilson,John Garcia,46859,2959,6419
Ford,Bronco,40858,2020,John Carter,Robert Jones,39057,1247,8989
Ford,Edge,57133,2018,John Carter,Jennifer Garcia,20512,1702,7356
Ford,Edge,97041,2018,Emily Davis,Michael Brown,16421,2633,2110
Ford,Mustang,80939,2017,Emily Davis,John Brown,39561,1247,8744
Ford,Bronco,89993,2021,Emily Davis,Michael Rodriguez,32394,1504,7457
Ford,Bronco,60502,2017,Sarah Wilson,Linda Smith,41705,2050,9030
Ford,Edge,26735,2023,Sarah Wilson,Patricia Johnson,27828,832,4892
Ford,Bronco,88250,2022,Sarah Wilson,James Williams,18348,1720,6152
Ford,Explorer,44236,2022,Michael Brown,Mary Brown,28305,1392,5432
Ford,F-150,113870,2024,Michael Brown,Patricia Smith,27833,796,961
Ford,Escape,18360,2021,Emily Davis,William Martinez,20002,785,9809
Ford,Escape,34721,2020,Michael Brown,John Rodriguez,18727,2139,2355
Ford,F-150,66456,2017,Michael Brown,James Miller,20634,2232,3113
Ford,Edge,82163,2019,Emily Davis,Mary Davis,35445,1582,3970
Ford,Mustang,44294,2020,Sarah Wilson,Elizabeth Williams,31548,1738,6365
Ford,F-150,72030,2016,Emily Davis,Linda Smith,37376,2892,3843
Ford,F-150,14945,2016,Emily Davis,John Rodriguez,34039,1396,7012
Ford,Explorer,17661,2021,John Carter,Elizabeth Johnson,47344,627,2291
Ford,Mustang,40548,2021,John Carter,William Martinez,29378,2638,9763
Ford,Explorer,24725,2021,John Carter,William Rodriguez,40043,2789,5413
Ford,Edge,98910,2020,John Carter,John Smith,20467,2880,6910
Ford,Escape,59525,2019,Michael Brown,Jennifer Brown,29025,1747,6283
Ford,Mustang,31167,2015,Michael Brown,Patricia Smith,49317,2356,4179
Ford,Bronco,119156,2017,Sarah Wilson,Robert Miller,29172,1946,2443
Ford,Escape,57344,2020,Sarah Wilson,Michael Smith,49406,994,8618
Ford,Mustang,115991,2019,John Carter,John Davis,45066,2039,2884
Ford,Escape,98767,2023,Michael Brown,James Williams,47311,1252,5165
Ford,Bronco,30315,2017,Michael Brown,Linda Johnson,29620,2216,2247
Ford,Edge,102226,2018,John Carter,Robert Davis,46614,1405,9070
Ford,Mustang,99759,2018,Sarah Wilson,Linda Jones,26382,771,5056
Ford,Edge,92869,2021,Michael Brown,James Smith,41052,2668,3113
Ford,Escape,86941,2021,Sarah Wilson,John Martinez,29973,1726,8688
Ford,Bronco,46089,2019,Michael Brown,John Martinez,39628,2136,5240
Ford,Mustang,77502,2022,John Carter,Robert Rodriguez,27907,1420,4018
Ford,F-150,50641,2021,Sarah Wilson,Mary Miller,20448,2939,2364
Ford,Bronco,102584,2020,John Carter,William Williams,35664,2173,5211
Ford,Escape,50581,2018,Sarah Wilson,James Smith,34374,2076,4303
Ford,Escape,60326,2022,Michael Brown,Linda Smith,45338,2806,6390
Ford,Bronco,24958,2021,Michael Brown,Robert Miller,19507,703,7254
Ford,Escape,28897,2022,Sarah Wilson,William Johnson,47456,1668,2631
Ford,Bronco,76462,2024,Emily Davis,Jennifer Johnson,16484,2376,3842
Ford,F-150,46059,2016,Michael Brown,Elizabeth Brown,46351,2146,8324
Ford,Escape,66332,2021,Sarah Wilson,Elizabeth Brown,44331,788,4711
Ford,F-150,26974,2022,Michael Brown,Patricia Davis,34761,2005,520
Ford,F-150,67740,2023,John Carter,Mary Williams,26959,767,5504
Ford,Escape,39195,2021,Michael Brown,Elizabeth Garcia,41782,2729,7945
Ford,Escape,65609,2019,Sarah Wilson,Patricia Rodriguez,24279,746,-533
Ford,Escape,17011,2016,Michael Brown,Michael Davis,39507,2257,6441
Ford,Edge,106784,2021,Emily Davis,Patricia Williams,47883,679,8700
Ford,Explorer,47321,2017,Michael Brown,Mary Smith,31975,2367,6859
Ford,Edge,5526,2016,Sarah Wilson,Jennifer Garcia,36381,1295,4824
Ford,Edge,34155,2016,Michael Brown,Robert Miller,37153,599,4639
Ford,Escape,87948,2015,Michael Brown,Michael Rodriguez,48832,1408,410
Ford,Explorer,32887,2019,John Carter,Patricia Jones,34671,2583,3965
Ford,Escape,115295,2018,Michael Brown,Patricia Smith,24065,1933,4687
Ford,F-150,86919,2016,Emily Davis,Patricia Martinez,44185,2003,2078
Ford,F-150,21291,2022,Michael Brown,Elizabeth Williams,24714,2826,3213
Ford,Bronco,73215,2021,Emily Davis,Patricia Jones,33389,1259,8068
Ford,Bronco,9847,2019,Sarah Wilson,Linda Garcia,30319,542,6554
Ford,F-150,11428,2018,Sarah Wilson,John Rodriguez,19892,523,4047
Ford,Bronco,36534,2022,Emily Davis,Patricia Smith,49731,1067,3539
Ford,Mustang,31192,2024,Emily Davis,Mary Davis,37621,2977,8192
Ford,F-150,92384,2021,Emily Davis,James Williams,37443,1917,5940
Ford,Explorer,64869,2020,Emily Davis,Jennifer Miller,39877,1098,5870
Ford,Bronco,64961,2017,Sarah Wilson,Robert Miller,33301,2206,7041
Ford,Escape,107514,2022,Sarah Wilson,Michael Williams,36591,767,7421
Ford,Edge,18747,2018,Sarah Wilson,James Davis,32753,2786,3513
Ford,F-150,36697,2017,John Carter,James Miller,21911,2197,6665
Ford,Escape,86718,2017,Emily Davis,Michael Brown,20618,1653,3005
Ford,Bronco,98260,2019,Sarah Wilson,Linda Jones,44737,1952,7598
Ford,Mustang,92443,2017,Emily Davis,James Martinez,27681,2293,4690
Ford,Explorer,72626,2019,John Carter,Jennifer Jones,48558,817,8782
Ford,Bronco,50104,2023,Emily Davis,Mary Jones,46787,1643,2042
Ford,F-150,14226,2017,John Carter,James Jones,35192,1741,265
Ford,Explorer,69897,2015,Emily Davis,Jennifer Williams,33704,1937,2217
Ford,Escape,8030,2023,Michael Brown,Mary Davis,40283,1572,6133
Ford,Escape,100250,2016,Emily Davis,Patricia Brown,37305,1582,2407
Ford,Explorer,99651,2017,John Carter,Robert Martinez,26392,1209,8578
Ford,Mustang,18332,2019,John Carter,Patricia Garcia,35119,795,2471
Ford,Bronco,116551,2016,John Carter,Robert Garcia,16759,698,2116
Ford,Edge,111814,2023,John Carter,John Johnson,31891,2725,3088
Ford,F-150,45942,2015,Emily Davis,Michael Martinez,41189,2543,7764
Ford,Escape,39380,2015,Emily Davis,Mary Miller,30113,1121,7122
Ford,Edge,50373,2023,Michael Brown,Michael Smith,45449,1763,9721
Ford,Escape,69139,2022,Michael Brown,Linda Garcia,16305,2338,7760
Ford,Edge,25796,2022,Sarah Wilson,Elizabeth Garcia,23519,967,3559
Ford,F-150,116612,2016,Emily Davis,James Smith,42734,2267,3238
Ford,Explorer,111106,2021,Sarah Wilson,William Davis,22105,593,6442
Ford,Escape,62174,2021,Michael Brown,Robert Miller,30970,2052,3352
Ford,Escape,36706,2018,John Carter,William Brown,17800,1858,5052
Ford,F-150,59070,2023,Emily Davis,Robert Martinez,36764,1635,6774
Ford,Bronco,35818,2019,Sarah Wilson,Jennifer Brown,49600,742,8548
Ford,Edge,42984,2019,Emily Davis,William Garcia,39558,2220,6453
Ford,F-150,117094,2022,Sarah Wilson,William Johnson,44899,528,7962
Ford,F-150,41880,2019,Michael Brown,Mary Smith,43087,2706,6469
Ford,Escape,84173,2017,Emily Davis,Elizabeth Martinez,22405,2883,2978
Ford,Mustang,26957,2022,Sarah Wilson,Linda Davis,30362,1300,9351
Ford,F-150,74269,2021,John Carter,John Miller,37687,1849,7738
Ford,Mustang,70787,2024,Michael Brown,John Garcia,26666,2602,4617
Ford,Bronco,38243,2022,Emily Davis,Linda Davis,37993,1670,885
Ford,Bronco,21155,2017,Sarah Wilson,Patricia Martinez,16182,2173,353
Ford,F-150,24947,2017,John Carter,William Martinez,26951,2175,9491
Ford,Edge,68988,2016,Michael Brown,Jennifer Jones,34632,607,2651
Ford,Escape,24194,2021,Michael Brown,Mary Jones,45684,2405,8620
Ford,Explorer,42924,2016,Sarah Wilson,John Davis,25210,2215,8306
Ford,Edge,72597,2020,John Carter,Jennifer Martinez,23402,2098,9701
Ford,Edge,34891,2018,Sarah Wilson,Jennifer Smith,27646,557,9187
Ford,Explorer,114113,2023,Emily Davis,William Garcia,17206,704,8783
Ford,Mustang,42842,2016,Michael Brown,Elizabeth Martinez,16014,579,3021
Ford,Escape,90529,2016,Emily Davis,John Williams,32822,2279,7230
Ford,F-150,86186,2023,John Carter,Michael Davis,25804,2397,9908
Ford,F-150,88871,2016,Emily Davis,John Martinez,40636,1977,5540
Ford,Mustang,28901,2017,Michael Brown,Linda Rodriguez,47888,2528,5441
Ford,Bronco,81758,2015,Sarah Wilson,William Rodriguez,36489,2179,2635
Ford,Mustang,105124,2020,Sarah Wilson,John Jones,29389,508,2936
Ford,Bronco,77075,2017,Emily Davis,Mary Miller,41311,593,5994
Ford,Escape,106250,2019,Sarah Wilson,Mary Rodriguez,19869,2543,942
Ford,Explorer,13416,2015,Michael Brown,Robert Martinez,22577,1575,6177
Ford,F-150,91745,2019,John Carter,Mary Rodriguez,41924,1157,8404
Ford,Edge,48394,2018,Michael Brown,John Garcia,41013,1214,4684
Ford,Explorer,20989,2023,Sarah Wilson,William Brown,39163,532,6429
Ford,Mustang,30267,2016,John Carter,Linda Williams,35632,1490,390
Ford,F-150,78372,2023,Emily Davis,Patricia Martinez,45042,2837,5698
Ford,Edge,68771,2018,Emily Davis,Linda Rodriguez,21667,2706,2806
Ford,Escape,43124,2016,Sarah Wilson,Jennifer Davis,47901,616,2728
Ford,Explorer,29497,2023,Emily Davis,Elizabeth Jones,21378,606,7531
Ford,Bronco,109716,2021,Emily Davis,Michael Garcia,32397,1630,2144
Ford,Explorer,54891,2018,Sarah Wilson,Patricia Brown,41657,1507,8937
Ford,Mustang,17895,2019,Sarah Wilson,William Smith,37925,1460,3096
Ford,Bronco,113425,2024,Sarah Wilson,Robert Miller,47486,1251,3116
Ford,Bronco,16109,2019,Emily Davis,James Miller,20334,2377,3066
Ford,F-150,57123,2024,John Carter,Robert Brown,24762,1467,2702
Ford,Edge,103030,2022,Michael Brown,Elizabeth Rodriguez,17093,2527,8127
Ford,F-150,18291,2019,John Carter,Michael Rodriguez,48021,2240,3847
Ford,Bronco,43038,2015,John Carter,Jennifer Williams,37115,1359,2799
Ford,Mustang,98783,2021,John Carter,William Jones,29337,684,6027
Ford,Mustang,82830,2022,Emily Davis,Michael Martinez,26102,951,7698
Ford,F-150,59261,2021,John Carter,Jennifer Martinez,28875,1518,6567
Ford,Edge,32763,2017,Sarah Wilson,Mary Williams,17039,1479,5476
Ford,Mustang,79202,2017,Sarah Wilson,Jennifer Davis,43449,2705,3425
Ford,Mustang,115727,2020,John Carter,William Garcia,32124,2693,9502
Ford,Edge,19961,2024,Sarah Wilson,William Johnson,36324,1943,5624
Ford,Escape,14163,2015,Sarah Wilson,Jennifer Brown,29370,2134,5340
Ford,Mustang,41409,2022,John Carter,Jennifer Miller,24988,1422,3025
Ford,Explorer,106264,2024,John Carter,Michael Martinez,34890,1755,3005
Ford,Mustang,69456,2020,Michael Brown,James Williams,22347,1025,4410
Ford,Explorer,59552,2019,Michael Brown,William Johnson,44080,1408,2874
Ford,Bronco,73535,2023,John Carter,Michael Miller,46090,2899,722
Ford,Explorer,91221,2023,Sarah Wilson,Jennifer Martinez,15341,2569,2349
Ford,Bronco,19933,2020,Sarah Wilson,John Davis,44305,827,9993
Ford,Mustang,5259,2016,Sarah Wilson,John Johnson,22161,2168,7010
Ford,Escape,110258,2021,Sarah Wilson,Robert Rodriguez,27770,1189,9379
Ford,F-150,69119,2015,Michael Brown,Mary Davis,38340,512,8038
Ford,F-150,47851,2023,Sarah Wilson,Michael Davis,32767,795,3463
Ford,Explorer,110903,2020,John Carter,John Johnson,34982,2296,3011
Ford,Edge,6239,2017,Emily Davis,John Davis,26863,1306,6253
Ford,F-150,101030,2016,Emily Davis,William Davis,18811,772,9207
Ford,Bronco,15468,2023,Sarah Wilson,Michael Rodriguez,36711,1635,3721
Ford,Edge,94122,2020,Sarah Wilson,Jennifer Smith,18770,2186,6602
Ford,Bronco,85306,2016,Sarah Wilson,William Martinez,49738,2729,5840
Ford,Explorer,36282,2017,John Carter,John Garcia,47176,1158,6622
Ford,Explorer,68298,2016,Michael Brown,Mary Garcia,42659,1496,4864
Ford,Bronco,12426,2016,Michael Brown,Mary Jones,16514,2414,5144
Ford,Escape,55589,2022,Emily Davis,Linda Jones,40745,2607,7993
Ford,Edge,13541,2020,Emily Davis,William Smith,37879,1948,9826
Ford,Escape,67891,2020,Sarah Wilson,William Williams,49323,2501,5469
Ford,Edge,32282,2017,John Carter,John Smith,47933,1477,9480
Ford,Escape,59356,2020,Emily Davis,Robert Smith,38700,2754,8685
Ford,F-150,100229,2020,Michael Brown,Elizabeth Smith,20188,1450,6026
Ford,Escape,96651,2016,Sarah Wilson,Elizabeth Rodriguez,35125,2668,4066
Ford,Edge,87551,2016,Sarah Wilson,James Jones,49169,2210,9888
Ford,Edge,48794,2015,John Carter,John Martinez,22190,2980,3059
Ford,Bronco,51181,2018,Sarah Wilson,Mary Garcia,18971,2167,4358
Ford,F-150,38773,2020,Sarah Wilson,James Rodriguez,42173,522,8620
Ford,Mustang,63847,2021,Sarah Wilson,Mary Brown,31757,2675,8455
Ford,Mustang,92855,2020,Sarah Wilson,Jennifer Jones,28189,2547,287
Ford,Explorer,28527,2018,Sarah Wilson,James Jones,22693,1699,2622
Ford,Mustang,106643,2018,John Carter,Elizabeth Jones,29996,1129,5362
Ford,Mustang,41287,2022,Emily Davis,Mary Davis,25924,1445,4818
Ford,Edge,51957,2019,John Carter,Linda Davis,43216,835,9222
Ford,Explorer,48703,2017,Emily Davis,Mary Williams,35022,1491,2636
Ford,Bronco,32132,2015,Michael Brown,William Garcia,32262,2777,3856
Ford,Escape,13228,2018,Sarah Wilson,Robert Davis,48524,518,6744
Ford,Edge,7614,2017,Michael Brown,John Williams,16895,649,5374
Ford,Edge,44380,2018,Michael Brown,Robert Jones,44781,2587,3828
Ford,Edge,66867,2019,Sarah Wilson,Jennifer Garcia,37856,2093,9528
Ford,Edge,97377,2021,Michael Brown,Patricia Williams,42270,1561,4310
Ford,Explorer,51410,2020,Sarah Wilson,William Davis,45102,2233,6575
Ford,Bronco,39136,2015,Emily Davis,Michael Johnson,15179,2644,5313
Ford,Bronco,65584,2017,John Carter,Robert Martinez,17090,2803,5090
Ford,Mustang,98761,2024,Michael Brown,Robert Garcia,26990,1330,7226
Ford,F-150,45359,2022,Michael Brown,Jennifer Garcia,22874,2032,8624
Ford,Explorer,65644,2021,Sarah Wilson,John Miller,45714,1983,9917
Ford,Explorer,82861,2019,Sarah Wilson,John Brown,34904,1067,9789
Ford,Mustang,118224,2022,Michael Brown,Elizabeth Jones,31840,2767,2283
Ford,F-150,112779,2024,Emily Davis,Robert Brown,21429,1329,5729
Ford,Escape,92017,2024,Sarah Wilson,Patricia Brown,44822,994,239
Ford,Edge,91047,2018,Michael Brown,William Davis,33095,756,6842
Ford,Explorer,100856,2021,Sarah Wilson,Robert Brown,49583,2439,4067
Ford,Edge,116654,2023,Sarah Wilson,Patricia Williams,48935,651,2255
Ford,Mustang,52091,2017,John Carter,John Jones,23349,591,3508
Ford,Bronco,113173,2018,Michael Brown,James Garcia,36665,2792,8842
Ford,Mustang,46616,2015,Michael Brown,William Williams,35491,2953,3240
Ford,Explorer,46378,2022,John Carter,William Davis,27084,521,8358
Ford,Edge,106603,2016,John Carter,Michael Smith,32303,1324,7570
Ford,Edge,108629,2017,John Carter,Linda Davis,36875,518,6048
Ford,Edge,59810,2021,John Carter,Robert Jones,36924,725,4728
Ford,Escape,75729,2019,Michael Brown,William Johnson,45040,1963,6691
Ford,Edge,41619,2022,Michael Brown,Patricia Martinez,47280,1067,4120
Ford,F-150,19600,2023,John Carter,Mary Miller,33239,1795,2583
Ford,Escape,26541,2019,Sarah Wilson,William Johnson,18060,705,7303
Ford,Escape,94540,2015,Emily Davis,Patricia Williams,19188,661,3094
Ford,Edge,52143,2020,John Carter,Mary Williams,37390,698,6515
Ford,F-150,73502,2023,Emily Davis,Linda Davis,48456,1215,3587
Ford,Escape,5562,2015,Emily Davis,James Martinez,37079,2922,6303
Ford,Escape,54404,2019,John Carter,Robert Martinez,21693,864,8941
Ford,Bronco,66776,2018,Michael Brown,John Jones,23911,867,5886
Ford,Mustang,70784,2020,Sarah Wilson,Mary Jones,39124,1506,5790
Ford,Mustang,113524,2024,Sarah Wilson,James Martinez,21089,1103,4581
Ford,Mustang,83882,2021,John Carter,Robert Garcia,30418,2180,9006
